timestamp,operator_id,operator_name,zone,shift,picks_completed,picks_errors,distance_m,items_scanned,stock_accuracy,orders_processed,order_status,dock_id,reception_pallets,dispatch_pallets
2026-04-14 17:00:00,OP011,Adam Simon,A,Afternoon,50,1,537.1,50,98.26,4,Completed,DOCK-3,10,1
2026-04-14 17:00:00,OP020,Mila Faure,E,Afternoon,42,0,490.8,126,97.26,5,Completed,DOCK-4,7,11
2026-04-14 17:00:00,OP012,Camille Michel,B,Afternoon,43,1,591.1,43,96.88,4,Completed,DOCK-4,2,3
2026-04-14 17:00:00,OP019,Noah Lambert,D,Afternoon,48,0,548.7,96,99.07,2,Completed,DOCK-3,7,1
2026-04-14 17:00:00,OP013,Raphael Lefebvre,C,Afternoon,47,0,517.7,94,99.9,5,Completed,DOCK-5,3,9
2026-04-14 17:00:00,OP009,Jules Moreau,D,Afternoon,54,0,475.0,54,97.89,2,Delayed,DOCK-1,4,8
2026-04-14 17:00:00,OP014,Ines Leroy,D,Afternoon,51,0,588.4,51,97.17,5,Completed,DOCK-6,6,11
2026-04-14 17:00:00,OP006,Manon Richard,A,Afternoon,45,0,413.7,90,97.55,1,Completed,DOCK-6,0,6
2026-04-14 17:00:00,OP008,Lea Durand,C,Afternoon,51,0,587.9,153,98.0,2,Completed,DOCK-8,2,2
2026-04-14 17:00:00,OP018,Lina Bonnet,C,Afternoon,60,2,862.6,60,97.94,7,Completed,DOCK-2,8,7
2026-04-14 17:00:00,OP003,Hugo Dubois,C,Afternoon,50,0,568.4,50,99.22,4,Completed,DOCK-3,5,9
2026-04-14 17:00:00,OP001,Lucas Martin,A,Afternoon,54,0,480.6,162,97.31,3,Delayed,DOCK-1,7,1
2026-04-14 18:00:00,OP019,Noah Lambert,D,Afternoon,43,3,592.3,129,98.37,4,Completed,DOCK-3,3,10
2026-04-14 18:00:00,OP012,Camille Michel,B,Afternoon,40,0,543.9,40,98.2,4,Completed,DOCK-4,0,1
2026-04-14 18:00:00,OP020,Mila Faure,E,Afternoon,51,0,655.6,51,98.26,8,Completed,DOCK-4,0,1
2026-04-14 18:00:00,OP018,Lina Bonnet,C,Afternoon,56,0,668.3,112,98.56,6,Completed,DOCK-2,5,5
2026-04-14 18:00:00,OP010,Sarah Laurent,E,Afternoon,58,1,726.6,116,99.09,5,Completed,DOCK-2,1,11
2026-04-14 18:00:00,OP004,Chloe Thomas,D,Afternoon,46,0,580.4,92,98.49,5,Delayed,DOCK-4,8,9
2026-04-14 18:00:00,OP015,Tom Roux,E,Afternoon,52,0,684.4,52,99.06,3,Completed,DOCK-7,9,7
2026-04-14 18:00:00,OP014,Ines Leroy,D,Afternoon,49,1,537.6,98,97.17,3,Completed,DOCK-6,5,5
2026-04-14 18:00:00,OP006,Manon Richard,A,Afternoon,46,1,564.9,46,97.09,3,Completed,DOCK-6,6,11
2026-04-14 18:00:00,OP009,Jules Moreau,D,Afternoon,42,1,517.4,126,97.94,3,Completed,DOCK-1,3,7
2026-04-14 18:00:00,OP005,Louis Robert,E,Afternoon,57,0,658.4,171,99.64,2,Completed,DOCK-5,4,7
2026-04-14 18:00:00,OP016,Jade Fournier,A,Afternoon,57,1,678.0,114,97.85,7,Completed,DOCK-8,8,6
2026-04-14 18:00:00,OP013,Raphael Lefebvre,C,Afternoon,55,0,639.2,165,97.54,4,Completed,DOCK-5,9,0
2026-04-14 18:00:00,OP007,Nathan Petit,B,Afternoon,48,0,585.5,48,98.22,2,Completed,DOCK-7,0,4
2026-04-14 18:00:00,OP008,Lea Durand,C,Afternoon,45,0,579.5,45,97.34,6,Completed,DOCK-8,6,10
2026-04-14 19:00:00,OP003,Hugo Dubois,C,Afternoon,48,0,451.4,48,97.48,1,Completed,DOCK-3,2,2
2026-04-14 19:00:00,OP016,Jade Fournier,A,Afternoon,56,0,504.3,112,96.73,6,Completed,DOCK-8,10,4
2026-04-14 19:00:00,OP008,Lea Durand,C,Afternoon,53,0,716.4,106,99.3,5,Completed,DOCK-8,10,9
2026-04-14 19:00:00,OP002,Emma Bernard,B,Afternoon,59,0,714.2,177,95.79,8,Completed,DOCK-2,1,9
2026-04-14 19:00:00,OP004,Chloe Thomas,D,Afternoon,56,0,589.9,168,98.99,3,Completed,DOCK-4,6,0
2026-04-14 19:00:00,OP019,Noah Lambert,D,Afternoon,51,1,627.4,153,99.07,8,Completed,DOCK-3,11,7
2026-04-14 19:00:00,OP014,Ines Leroy,D,Afternoon,48,2,691.6,96,98.04,4,Completed,DOCK-6,11,5
2026-04-14 19:00:00,OP006,Manon Richard,A,Afternoon,48,0,629.4,144,97.69,6,Completed,DOCK-6,10,11
2026-04-14 20:00:00,OP005,Louis Robert,E,Afternoon,52,1,686.6,104,98.58,7,Completed,DOCK-5,5,3
2026-04-14 20:00:00,OP020,Mila Faure,E,Afternoon,40,1,547.7,120,98.25,1,Completed,DOCK-4,8,2
2026-04-14 20:00:00,OP010,Sarah Laurent,E,Afternoon,53,0,665.9,159,98.62,7,Completed,DOCK-2,5,4
2026-04-14 20:00:00,OP001,Lucas Martin,A,Afternoon,42,2,404.3,126,98.02,5,Completed,DOCK-1,1,2
2026-04-14 20:00:00,OP019,Noah Lambert,D,Afternoon,43,0,466.7,129,97.69,2,Completed,DOCK-3,4,2
2026-04-14 20:00:00,OP007,Nathan Petit,B,Afternoon,55,0,676.9,165,98.06,6,Delayed,DOCK-7,4,3
2026-04-14 20:00:00,OP017,Liam Girard,B,Afternoon,41,0,425.4,41,96.94,1,Completed,DOCK-1,0,5
2026-04-14 20:00:00,OP012,Camille Michel,B,Afternoon,40,1,496.8,80,97.03,2,Completed,DOCK-4,0,3
2026-04-14 20:00:00,OP006,Manon Richard,A,Afternoon,48,0,528.0,48,97.75,2,Completed,DOCK-6,3,5
2026-04-14 20:00:00,OP004,Chloe Thomas,D,Afternoon,47,0,619.6,94,98.32,4,Completed,DOCK-4,10,2
2026-04-14 20:00:00,OP015,Tom Roux,E,Afternoon,49,0,625.7,147,98.45,1,Delayed,DOCK-7,1,0
2026-04-14 20:00:00,OP011,Adam Simon,A,Afternoon,52,0,476.5,156,98.72,3,Completed,DOCK-3,7,6
2026-04-14 20:00:00,OP018,Lina Bonnet,C,Afternoon,56,1,763.4,112,98.33,9,Completed,DOCK-2,7,3
2026-04-14 20:00:00,OP003,Hugo Dubois,C,Afternoon,50,0,528.9,100,97.4,6,Completed,DOCK-3,0,8
2026-04-14 20:00:00,OP002,Emma Bernard,B,Afternoon,53,0,461.9,159,96.36,1,Completed,DOCK-2,6,0
2026-04-14 21:00:00,OP017,Liam Girard,B,Afternoon,40,0,389.1,120,99.23,1,Cancelled,DOCK-1,11,4
2026-04-14 21:00:00,OP019,Noah Lambert,D,Afternoon,45,0,462.1,45,98.31,1,Completed,DOCK-3,1,2
2026-04-14 21:00:00,OP006,Manon Richard,A,Afternoon,50,0,608.2,50,98.04,7,Completed,DOCK-6,6,4
2026-04-14 21:00:00,OP010,Sarah Laurent,E,Afternoon,50,0,691.9,100,97.92,4,Completed,DOCK-2,11,10
2026-04-14 21:00:00,OP020,Mila Faure,E,Afternoon,40,0,516.0,80,97.7,5,Delayed,DOCK-4,10,8
2026-04-14 21:00:00,OP015,Tom Roux,E,Afternoon,50,1,658.2,50,98.27,4,Completed,DOCK-7,2,11
2026-04-14 21:00:00,OP008,Lea Durand,C,Afternoon,57,2,619.5,114,99.9,6,Completed,DOCK-8,3,9
2026-04-14 21:00:00,OP016,Jade Fournier,A,Afternoon,49,1,681.6,49,98.84,3,Completed,DOCK-8,2,6
2026-04-14 21:00:00,OP013,Raphael Lefebvre,C,Afternoon,40,1,488.0,80,97.83,2,Completed,DOCK-5,6,6
2026-04-14 21:00:00,OP002,Emma Bernard,B,Afternoon,53,0,579.2,159,98.24,5,Completed,DOCK-2,2,10
2026-04-14 21:00:00,OP012,Camille Michel,B,Afternoon,40,0,448.0,40,98.39,4,Completed,DOCK-4,2,3
2026-04-14 21:00:00,OP001,Lucas Martin,A,Afternoon,40,0,402.3,40,96.79,3,Completed,DOCK-1,0,1
2026-04-14 21:00:00,OP004,Chloe Thomas,D,Afternoon,56,1,590.1,56,98.93,4,Completed,DOCK-4,11,2
2026-04-14 22:00:00,OP007,Nathan Petit,B,Night,37,0,461.0,37,97.19,3,Completed,DOCK-7,11,10
2026-04-14 22:00:00,OP015,Tom Roux,E,Night,44,0,534.5,44,98.63,6,Delayed,DOCK-7,5,8
2026-04-14 22:00:00,OP003,Hugo Dubois,C,Night,31,0,411.3,62,99.63,4,Completed,DOCK-3,9,0
2026-04-14 22:00:00,OP018,Lina Bonnet,C,Night,35,0,310.5,70,98.35,2,Delayed,DOCK-2,5,7
2026-04-14 22:00:00,OP011,Adam Simon,A,Night,38,1,439.0,76,98.02,3,Completed,DOCK-3,3,1
2026-04-14 22:00:00,OP020,Mila Faure,E,Night,34,1,422.7,102,97.98,2,Delayed,DOCK-4,7,9
2026-04-14 22:00:00,OP012,Camille Michel,B,Night,26,0,263.9,26,97.33,3,Completed,DOCK-4,6,8
2026-04-14 22:00:00,OP017,Liam Girard,B,Night,37,0,512.6,111,98.24,4,Completed,DOCK-1,8,4
2026-04-14 23:00:00,OP008,Lea Durand,C,Night,37,3,536.4,111,97.95,3,Completed,DOCK-8,2,5
2026-04-14 23:00:00,OP006,Manon Richard,A,Night,36,0,423.6,108,97.84,6,Completed,DOCK-6,5,2
2026-04-14 23:00:00,OP017,Liam Girard,B,Night,45,0,447.4,135,97.88,3,Completed,DOCK-1,7,9
2026-04-14 23:00:00,OP010,Sarah Laurent,E,Night,46,0,393.1,46,98.6,3,Completed,DOCK-2,4,5
2026-04-14 23:00:00,OP015,Tom Roux,E,Night,45,1,477.9,45,97.32,7,Delayed,DOCK-7,9,10
2026-04-14 23:00:00,OP005,Louis Robert,E,Night,38,1,474.3,76,96.85,2,Completed,DOCK-5,1,3
2026-04-14 23:00:00,OP020,Mila Faure,E,Night,27,0,298.0,81,99.9,2,Completed,DOCK-4,7,9
2026-04-14 23:00:00,OP004,Chloe Thomas,D,Night,46,0,439.7,46,99.22,4,Completed,DOCK-4,2,2
2026-04-14 23:00:00,OP003,Hugo Dubois,C,Night,34,1,391.9,102,97.84,2,Completed,DOCK-3,7,9
2026-04-14 23:00:00,OP012,Camille Michel,B,Night,35,1,311.4,35,97.59,3,Delayed,DOCK-4,1,5
2026-04-14 23:00:00,OP007,Nathan Petit,B,Night,49,1,473.0,147,97.37,7,Completed,DOCK-7,11,7
2026-04-14 23:00:00,OP001,Lucas Martin,A,Night,25,0,275.3,25,96.32,2,Completed,DOCK-1,9,1
2026-04-14 23:00:00,OP009,Jules Moreau,D,Night,31,0,416.6,62,97.48,4,Completed,DOCK-1,2,6
2026-04-14 23:00:00,OP019,Noah Lambert,D,Night,35,0,311.7,35,98.36,1,Completed,DOCK-3,10,9
2026-04-15 00:00:00,OP014,Ines Leroy,D,Night,37,0,524.4,111,98.14,1,Completed,DOCK-6,4,11
2026-04-15 00:00:00,OP003,Hugo Dubois,C,Night,30,0,264.9,60,98.08,4,Completed,DOCK-3,4,0
2026-04-15 00:00:00,OP008,Lea Durand,C,Night,25,0,340.4,25,97.96,3,Completed,DOCK-8,0,3
2026-04-15 00:00:00,OP012,Camille Michel,B,Night,27,0,360.1,81,96.7,3,Completed,DOCK-4,2,9
2026-04-15 00:00:00,OP017,Liam Girard,B,Night,33,0,318.8,66,99.0,4,Completed,DOCK-1,4,11
2026-04-15 00:00:00,OP015,Tom Roux,E,Night,33,0,345.7,33,99.61,3,Completed,DOCK-7,5,0
2026-04-15 00:00:00,OP013,Raphael Lefebvre,C,Night,47,0,603.4,94,98.24,4,Delayed,DOCK-5,2,7
2026-04-15 00:00:00,OP004,Chloe Thomas,D,Night,42,0,499.4,42,98.05,7,Delayed,DOCK-4,3,6
2026-04-15 00:00:00,OP020,Mila Faure,E,Night,25,1,284.8,50,97.48,3,Completed,DOCK-4,1,1
2026-04-15 00:00:00,OP001,Lucas Martin,A,Night,34,1,347.0,102,99.07,1,Completed,DOCK-1,3,6
2026-04-15 00:00:00,OP007,Nathan Petit,B,Night,47,0,588.0,94,98.3,2,Completed,DOCK-7,11,2
2026-04-15 00:00:00,OP006,Manon Richard,A,Night,32,0,338.1,32,98.46,3,Completed,DOCK-6,1,11
2026-04-15 00:00:00,OP009,Jules Moreau,D,Night,30,0,332.6,90,98.03,3,Completed,DOCK-1,6,3
2026-04-15 00:00:00,OP005,Louis Robert,E,Night,39,0,505.5,117,96.34,2,Completed,DOCK-5,11,3
2026-04-15 01:00:00,OP011,Adam Simon,A,Night,36,0,441.2,72,98.33,5,Completed,DOCK-3,4,5
2026-04-15 01:00:00,OP006,Manon Richard,A,Night,30,0,429.4,30,97.46,2,Delayed,DOCK-6,3,1
2026-04-15 01:00:00,OP012,Camille Michel,B,Night,37,1,421.7,74,97.47,2,Completed,DOCK-4,5,6
2026-04-15 01:00:00,OP001,Lucas Martin,A,Night,25,1,304.3,75,97.17,1,Cancelled,DOCK-1,9,2
2026-04-15 01:00:00,OP016,Jade Fournier,A,Night,36,1,517.1,36,97.82,1,Completed,DOCK-8,2,1
2026-04-15 01:00:00,OP002,Emma Bernard,B,Night,30,2,406.6,90,96.88,2,Completed,DOCK-2,11,10
2026-04-15 01:00:00,OP009,Jules Moreau,D,Night,36,0,472.5,36,97.99,4,Completed,DOCK-1,6,10
2026-04-15 01:00:00,OP013,Raphael Lefebvre,C,Night,37,0,338.3,37,96.85,5,Completed,DOCK-5,11,0
2026-04-15 01:00:00,OP015,Tom Roux,E,Night,35,0,431.4,70,99.9,3,Delayed,DOCK-7,0,8
2026-04-15 01:00:00,OP020,Mila Faure,E,Night,31,1,349.0,62,96.27,1,Completed,DOCK-4,2,1
2026-04-15 01:00:00,OP019,Noah Lambert,D,Night,35,0,320.8,105,96.83,1,Completed,DOCK-3,3,6
2026-04-15 01:00:00,OP004,Chloe Thomas,D,Night,40,0,493.1,80,99.9,5,Completed,DOCK-4,7,9
2026-04-15 02:00:00,OP010,Sarah Laurent,E,Night,34,1,470.5,34,98.43,3,Completed,DOCK-2,3,7
2026-04-15 02:00:00,OP008,Lea Durand,C,Night,35,0,445.6,35,97.12,5,Completed,DOCK-8,0,2
2026-04-15 02:00:00,OP014,Ines Leroy,D,Night,32,0,318.3,32,97.81,2,Completed,DOCK-6,8,3
2026-04-15 02:00:00,OP004,Chloe Thomas,D,Night,31,0,405.4,31,99.45,8,Completed,DOCK-4,11,6
2026-04-15 02:00:00,OP011,Adam Simon,A,Night,36,0,318.5,36,97.45,3,Completed,DOCK-3,2,9
2026-04-15 02:00:00,OP015,Tom Roux,E,Night,40,1,373.6,40,97.48,3,Completed,DOCK-7,8,11
2026-04-15 02:00:00,OP003,Hugo Dubois,C,Night,33,1,433.3,66,97.83,2,Completed,DOCK-3,4,11
2026-04-15 02:00:00,OP019,Noah Lambert,D,Night,37,0,429.7,111,97.44,3,Completed,DOCK-3,9,6
2026-04-15 02:00:00,OP012,Camille Michel,B,Night,32,0,381.1,64,98.39,2,Completed,DOCK-4,0,10
2026-04-15 03:00:00,OP003,Hugo Dubois,C,Night,28,1,259.6,28,98.71,5,Completed,DOCK-3,9,7
2026-04-15 03:00:00,OP004,Chloe Thomas,D,Night,46,0,446.4,138,98.15,5,Completed,DOCK-4,1,3
2026-04-15 03:00:00,OP010,Sarah Laurent,E,Night,38,1,414.7,114,96.82,1,Completed,DOCK-2,2,9
2026-04-15 03:00:00,OP009,Jules Moreau,D,Night,34,0,476.1,68,98.59,2,Delayed,DOCK-1,6,3
2026-04-15 03:00:00,OP016,Jade Fournier,A,Night,48,0,415.8,96,97.69,6,Delayed,DOCK-8,11,10
2026-04-15 03:00:00,OP017,Liam Girard,B,Night,34,0,391.6,34,97.66,4,Completed,DOCK-1,3,8
2026-04-15 03:00:00,OP006,Manon Richard,A,Night,29,0,370.4,29,98.74,1,Completed,DOCK-6,6,9
2026-04-15 03:00:00,OP012,Camille Michel,B,Night,30,0,425.1,90,97.17,5,Completed,DOCK-4,4,9
2026-04-15 03:00:00,OP008,Lea Durand,C,Night,25,0,233.7,75,97.19,3,Completed,DOCK-8,1,1
2026-04-15 03:00:00,OP005,Louis Robert,E,Night,35,0,464.5,70,98.68,6,Completed,DOCK-5,11,7
2026-04-15 03:00:00,OP019,Noah Lambert,D,Night,36,1,388.7,108,96.72,4,Completed,DOCK-3,11,9
2026-04-15 04:00:00,OP019,Noah Lambert,D,Night,30,0,268.3,90,97.16,1,Completed,DOCK-3,3,5
2026-04-15 04:00:00,OP001,Lucas Martin,A,Night,28,0,325.7,84,97.19,2,Completed,DOCK-1,8,9
2026-04-15 04:00:00,OP005,Louis Robert,E,Night,33,0,447.2,33,97.03,2,Completed,DOCK-5,2,3
2026-04-15 04:00:00,OP015,Tom Roux,E,Night,35,0,395.8,70,99.29,2,Completed,DOCK-7,7,0
2026-04-15 04:00:00,OP003,Hugo Dubois,C,Night,36,1,502.5,36,97.39,4,Completed,DOCK-3,3,3
2026-04-15 04:00:00,OP017,Liam Girard,B,Night,32,1,412.8,96,97.5,2,Completed,DOCK-1,0,2
2026-04-15 04:00:00,OP018,Lina Bonnet,C,Night,37,0,483.1,37,96.78,6,Completed,DOCK-2,8,3
2026-04-15 04:00:00,OP016,Jade Fournier,A,Night,33,2,476.6,33,97.87,5,Completed,DOCK-8,6,2
2026-04-15 04:00:00,OP002,Emma Bernard,B,Night,50,0,673.9,100,98.22,8,Completed,DOCK-2,6,8
2026-04-15 05:00:00,OP020,Mila Faure,E,Night,25,0,246.0,50,98.04,3,Delayed,DOCK-4,5,6
2026-04-15 05:00:00,OP002,Emma Bernard,B,Night,25,0,298.3,50,96.99,1,Completed,DOCK-2,1,2
2026-04-15 05:00:00,OP016,Jade Fournier,A,Night,27,0,266.4,27,98.11,1,Completed,DOCK-8,1,2
2026-04-15 05:00:00,OP009,Jules Moreau,D,Night,30,0,266.7,30,97.13,1,Delayed,DOCK-1,0,1
2026-04-15 05:00:00,OP003,Hugo Dubois,C,Night,25,0,278.9,25,98.97,2,Completed,DOCK-3,7,10
2026-04-15 05:00:00,OP007,Nathan Petit,B,Night,42,0,536.3,42,98.4,6,Completed,DOCK-7,7,7
2026-04-15 05:00:00,OP008,Lea Durand,C,Night,37,2,317.2,37,98.12,4,Delayed,DOCK-8,0,7
2026-04-15 05:00:00,OP019,Noah Lambert,D,Night,32,0,404.0,64,98.39,1,Completed,DOCK-3,8,4
2026-04-15 05:00:00,OP005,Louis Robert,E,Night,40,0,414.9,120,97.61,3,Completed,DOCK-5,7,11
2026-04-15 05:00:00,OP010,Sarah Laurent,E,Night,35,0,439.1,105,97.51,1,Completed,DOCK-2,1,3
2026-04-15 05:00:00,OP006,Manon Richard,A,Night,25,1,290.5,25,98.49,2,Delayed,DOCK-6,10,8
2026-04-15 05:00:00,OP001,Lucas Martin,A,Night,26,0,226.0,78,96.53,1,Completed,DOCK-1,7,5
2026-04-15 05:00:00,OP004,Chloe Thomas,D,Night,42,0,561.2,42,98.42,2,Completed,DOCK-4,9,4
2026-04-15 05:00:00,OP012,Camille Michel,B,Night,34,0,464.4,68,96.67,3,Completed,DOCK-4,4,7
2026-04-15 05:00:00,OP011,Adam Simon,A,Night,30,0,291.5,90,97.43,4,Completed,DOCK-3,7,8
2026-04-15 06:00:00,OP020,Mila Faure,E,Morning,74,2,687.1,74,97.29,8,Completed,DOCK-4,9,4
2026-04-15 06:00:00,OP018,Lina Bonnet,C,Morning,69,0,726.8,138,98.65,5,Completed,DOCK-2,3,11
2026-04-15 06:00:00,OP015,Tom Roux,E,Morning,73,0,767.8,73,98.32,7,Delayed,DOCK-7,11,11
2026-04-15 06:00:00,OP009,Jules Moreau,D,Morning,60,0,662.5,60,98.06,7,Completed,DOCK-1,3,6
2026-04-15 06:00:00,OP006,Manon Richard,A,Morning,67,0,690.7,67,97.85,5,Completed,DOCK-6,0,3
2026-04-15 06:00:00,OP003,Hugo Dubois,C,Morning,58,0,789.7,174,98.37,3,Completed,DOCK-3,6,1
2026-04-15 06:00:00,OP019,Noah Lambert,D,Morning,67,0,585.4,67,96.87,2,Completed,DOCK-3,3,2
2026-04-15 06:00:00,OP013,Raphael Lefebvre,C,Morning,69,0,950.6,69,98.25,7,Completed,DOCK-5,7,6
2026-04-15 06:00:00,OP011,Adam Simon,A,Morning,65,2,652.6,195,97.62,7,Delayed,DOCK-3,11,11
2026-04-15 06:00:00,OP016,Jade Fournier,A,Morning,68,1,602.0,68,97.33,5,Delayed,DOCK-8,3,10
2026-04-15 06:00:00,OP017,Liam Girard,B,Morning,64,0,769.7,128,97.16,5,Delayed,DOCK-1,8,11
2026-04-15 06:00:00,OP010,Sarah Laurent,E,Morning,82,3,1163.2,82,97.75,7,Completed,DOCK-2,1,7
2026-04-15 06:00:00,OP001,Lucas Martin,A,Morning,57,2,690.5,114,96.96,2,Completed,DOCK-1,10,5
2026-04-15 06:00:00,OP005,Louis Robert,E,Morning,68,1,922.5,68,98.19,8,Completed,DOCK-5,1,0
2026-04-15 07:00:00,OP009,Jules Moreau,D,Morning,69,1,709.4,207,96.88,4,Completed,DOCK-1,0,2
2026-04-15 07:00:00,OP008,Lea Durand,C,Morning,61,1,657.2,122,98.48,8,Completed,DOCK-8,5,6
2026-04-15 07:00:00,OP002,Emma Bernard,B,Morning,66,1,762.0,66,96.97,7,Completed,DOCK-2,8,9
2026-04-15 07:00:00,OP005,Louis Robert,E,Morning,68,0,716.3,136,99.35,4,Completed,DOCK-5,2,11
2026-04-15 07:00:00,OP019,Noah Lambert,D,Morning,60,1,620.7,120,97.5,2,Completed,DOCK-3,3,11
2026-04-15 07:00:00,OP018,Lina Bonnet,C,Morning,68,0,776.3,204,99.15,6,Completed,DOCK-2,0,2
2026-04-15 07:00:00,OP010,Sarah Laurent,E,Morning,70,0,668.3,70,96.76,2,Completed,DOCK-2,9,8
2026-04-15 07:00:00,OP015,Tom Roux,E,Morning,71,3,692.5,71,99.9,7,Completed,DOCK-7,9,4
2026-04-15 08:00:00,OP010,Sarah Laurent,E,Morning,70,1,640.1,140,99.14,4,Completed,DOCK-2,10,1
2026-04-15 08:00:00,OP007,Nathan Petit,B,Morning,66,1,653.9,132,98.62,6,Completed,DOCK-7,6,1
2026-04-15 08:00:00,OP004,Chloe Thomas,D,Morning,58,0,539.6,116,97.68,2,Completed,DOCK-4,8,3
2026-04-15 08:00:00,OP009,Jules Moreau,D,Morning,73,0,948.2,219,98.36,3,Completed,DOCK-1,2,11
2026-04-15 08:00:00,OP018,Lina Bonnet,C,Morning,67,0,619.3,134,98.84,9,Cancelled,DOCK-2,6,5
2026-04-15 08:00:00,OP001,Lucas Martin,A,Morning,60,1,604.8,180,97.92,5,Completed,DOCK-1,0,1
2026-04-15 08:00:00,OP006,Manon Richard,A,Morning,59,1,540.7,177,96.97,5,Completed,DOCK-6,7,8
2026-04-15 08:00:00,OP002,Emma Bernard,B,Morning,67,0,799.3,67,97.81,10,Completed,DOCK-2,10,6
2026-04-15 08:00:00,OP020,Mila Faure,E,Morning,50,1,452.1,100,96.32,8,Completed,DOCK-4,7,3
2026-04-15 08:00:00,OP019,Noah Lambert,D,Morning,64,0,687.4,64,97.54,3,Completed,DOCK-3,10,4
2026-04-15 08:00:00,OP013,Raphael Lefebvre,C,Morning,79,0,995.2,237,98.78,8,Completed,DOCK-5,3,1
2026-04-15 08:00:00,OP003,Hugo Dubois,C,Morning,59,1,525.8,59,97.87,11,Completed,DOCK-3,8,0
2026-04-15 09:00:00,OP009,Jules Moreau,D,Morning,50,0,707.8,100,98.01,3,Completed,DOCK-1,11,5
2026-04-15 09:00:00,OP012,Camille Michel,B,Morning,68,1,965.6,68,98.59,2,Completed,DOCK-4,3,9
2026-04-15 09:00:00,OP018,Lina Bonnet,C,Morning,68,1,884.4,136,98.76,5,Completed,DOCK-2,9,4
2026-04-15 09:00:00,OP017,Liam Girard,B,Morning,62,2,761.8,124,97.93,4,Completed,DOCK-1,7,3
2026-04-15 09:00:00,OP003,Hugo Dubois,C,Morning,60,1,667.3,60,98.94,5,Completed,DOCK-3,6,6
2026-04-15 09:00:00,OP015,Tom Roux,E,Morning,72,0,804.4,72,99.27,6,Completed,DOCK-7,8,10
2026-04-15 09:00:00,OP014,Ines Leroy,D,Morning,62,0,709.9,124,97.05,5,Completed,DOCK-6,5,5
2026-04-15 09:00:00,OP020,Mila Faure,E,Morning,50,1,530.4,100,97.59,5,Completed,DOCK-4,6,9
2026-04-15 09:00:00,OP016,Jade Fournier,A,Morning,66,1,896.2,66,98.46,7,Completed,DOCK-8,11,8
2026-04-15 09:00:00,OP007,Nathan Petit,B,Morning,70,2,998.0,140,99.23,6,Completed,DOCK-7,2,9
2026-04-15 09:00:00,OP004,Chloe Thomas,D,Morning,69,0,763.9,207,97.63,7,Completed,DOCK-4,4,8
2026-04-15 09:00:00,OP001,Lucas Martin,A,Morning,54,1,612.0,162,98.93,5,Completed,DOCK-1,9,4
2026-04-15 09:00:00,OP002,Emma Bernard,B,Morning,70,1,812.0,140,98.88,2,Completed,DOCK-2,0,11
2026-04-15 10:00:00,OP020,Mila Faure,E,Morning,64,0,695.0,64,98.21,8,Completed,DOCK-4,9,11
2026-04-15 10:00:00,OP019,Noah Lambert,D,Morning,57,0,532.2,57,97.34,2,Completed,DOCK-3,10,6
2026-04-15 10:00:00,OP003,Hugo Dubois,C,Morning,62,0,679.6,124,97.56,5,Completed,DOCK-3,2,6
2026-04-15 10:00:00,OP004,Chloe Thomas,D,Morning,81,1,718.3,243,98.92,5,Completed,DOCK-4,2,10
2026-04-15 10:00:00,OP017,Liam Girard,B,Morning,66,0,743.2,198,98.05,6,Completed,DOCK-1,2,2
2026-04-15 10:00:00,OP013,Raphael Lefebvre,C,Morning,59,0,836.0,118,98.02,5,Completed,DOCK-5,5,7
2026-04-15 10:00:00,OP018,Lina Bonnet,C,Morning,67,0,673.9,134,98.45,3,Completed,DOCK-2,9,8
2026-04-15 10:00:00,OP009,Jules Moreau,D,Morning,55,1,776.0,110,99.15,6,Completed,DOCK-1,4,9
2026-04-15 10:00:00,OP008,Lea Durand,C,Morning,63,1,547.9,63,99.03,9,Delayed,DOCK-8,7,1
2026-04-15 11:00:00,OP007,Nathan Petit,B,Morning,70,0,769.2,140,99.1,5,Completed,DOCK-7,5,2
2026-04-15 11:00:00,OP020,Mila Faure,E,Morning,61,0,868.3,183,97.25,5,Completed,DOCK-4,11,2
2026-04-15 11:00:00,OP010,Sarah Laurent,E,Morning,68,1,843.1,204,97.9,4,Completed,DOCK-2,9,2
2026-04-15 11:00:00,OP017,Liam Girard,B,Morning,61,0,542.0,61,97.77,9,Completed,DOCK-1,9,8
2026-04-15 11:00:00,OP009,Jules Moreau,D,Morning,54,0,548.0,54,97.25,1,Completed,DOCK-1,4,2
2026-04-15 11:00:00,OP006,Manon Richard,A,Morning,68,1,827.0,136,97.03,6,Cancelled,DOCK-6,11,5
2026-04-15 11:00:00,OP016,Jade Fournier,A,Morning,62,2,548.4,124,98.67,6,Completed,DOCK-8,3,10
2026-04-15 11:00:00,OP011,Adam Simon,A,Morning,62,1,898.8,124,98.02,5,Completed,DOCK-3,0,6
2026-04-15 11:00:00,OP001,Lucas Martin,A,Morning,60,0,707.4,60,96.37,2,Completed,DOCK-1,2,1
2026-04-15 12:00:00,OP014,Ines Leroy,D,Morning,58,1,736.0,116,98.42,3,Completed,DOCK-6,3,4
2026-04-15 12:00:00,OP003,Hugo Dubois,C,Morning,55,0,605.5,165,98.56,7,Completed,DOCK-3,8,1
2026-04-15 12:00:00,OP020,Mila Faure,E,Morning,56,0,783.1,56,97.15,3,Completed,DOCK-4,9,10
2026-04-15 12:00:00,OP016,Jade Fournier,A,Morning,56,0,633.6,56,97.75,8,Completed,DOCK-8,8,1
2026-04-15 12:00:00,OP010,Sarah Laurent,E,Morning,71,2,856.6,213,96.05,5,Completed,DOCK-2,3,3
2026-04-15 12:00:00,OP007,Nathan Petit,B,Morning,74,0,736.1,148,97.74,8,Completed,DOCK-7,0,10
2026-04-15 12:00:00,OP015,Tom Roux,E,Morning,57,0,591.9,171,98.49,5,Completed,DOCK-7,4,2
2026-04-15 12:00:00,OP011,Adam Simon,A,Morning,54,0,659.0,162,98.09,4,Completed,DOCK-3,3,4
2026-04-15 12:00:00,OP009,Jules Moreau,D,Morning,54,0,517.9,54,98.34,3,Completed,DOCK-1,8,0
2026-04-15 12:00:00,OP006,Manon Richard,A,Morning,56,1,680.6,168,97.54,5,Completed,DOCK-6,5,5
2026-04-15 12:00:00,OP017,Liam Girard,B,Morning,63,2,866.2,63,96.12,3,Completed,DOCK-1,10,7
2026-04-15 12:00:00,OP013,Raphael Lefebvre,C,Morning,71,1,866.7,213,98.98,12,Completed,DOCK-5,0,0
2026-04-15 13:00:00,OP019,Noah Lambert,D,Morning,63,0,632.0,63,97.33,6,Completed,DOCK-3,11,3
2026-04-15 13:00:00,OP018,Lina Bonnet,C,Morning,70,0,675.0,210,97.6,6,Completed,DOCK-2,2,6
2026-04-15 13:00:00,OP001,Lucas Martin,A,Morning,67,0,881.8,201,97.6,3,Completed,DOCK-1,4,7
2026-04-15 13:00:00,OP020,Mila Faure,E,Morning,50,1,682.5,50,97.67,3,Completed,DOCK-4,2,0
2026-04-15 13:00:00,OP003,Hugo Dubois,C,Morning,56,2,580.9,56,96.91,5,Completed,DOCK-3,6,0
2026-04-15 13:00:00,OP014,Ines Leroy,D,Morning,53,3,664.2,53,98.31,3,Completed,DOCK-6,8,0
2026-04-15 13:00:00,OP004,Chloe Thomas,D,Morning,71,0,812.9,142,97.75,4,Completed,DOCK-4,3,2
2026-04-15 13:00:00,OP002,Emma Bernard,B,Morning,63,1,800.1,63,98.31,6,Completed,DOCK-2,7,6
2026-04-15 13:00:00,OP016,Jade Fournier,A,Morning,59,0,523.7,177,97.66,5,Completed,DOCK-8,3,4
2026-04-15 13:00:00,OP013,Raphael Lefebvre,C,Morning,62,0,650.0,186,98.83,6,Completed,DOCK-5,3,2
2026-04-15 14:00:00,OP006,Manon Richard,A,Afternoon,48,4,615.0,96,96.6,1,Completed,DOCK-6,0,1
2026-04-15 14:00:00,OP015,Tom Roux,E,Afternoon,53,0,548.7,53,98.95,2,Completed,DOCK-7,6,10
2026-04-15 14:00:00,OP007,Nathan Petit,B,Afternoon,50,0,654.0,100,97.38,7,Completed,DOCK-7,1,3
2026-04-15 14:00:00,OP009,Jules Moreau,D,Afternoon,49,1,426.4,49,98.5,4,Completed,DOCK-1,3,5
2026-04-15 14:00:00,OP017,Liam Girard,B,Afternoon,42,0,480.9,84,98.56,4,Delayed,DOCK-1,5,3
2026-04-15 14:00:00,OP020,Mila Faure,E,Afternoon,40,0,474.5,40,99.07,4,Completed,DOCK-4,1,3
2026-04-15 14:00:00,OP001,Lucas Martin,A,Afternoon,44,1,536.8,132,98.19,2,Completed,DOCK-1,9,3
2026-04-15 14:00:00,OP002,Emma Bernard,B,Afternoon,56,0,713.8,56,97.08,6,Completed,DOCK-2,9,0
2026-04-15 14:00:00,OP019,Noah Lambert,D,Afternoon,60,0,698.9,60,98.09,4,Completed,DOCK-3,8,6
2026-04-15 14:00:00,OP012,Camille Michel,B,Afternoon,44,1,529.7,132,97.46,1,Completed,DOCK-4,9,0
2026-04-15 14:00:00,OP003,Hugo Dubois,C,Afternoon,47,0,431.9,94,98.69,6,Completed,DOCK-3,8,0
2026-04-15 15:00:00,OP016,Jade Fournier,A,Afternoon,54,0,487.0,162,98.42,5,Completed,DOCK-8,10,11
2026-04-15 15:00:00,OP015,Tom Roux,E,Afternoon,68,2,695.0,68,98.81,7,Completed,DOCK-7,10,2
2026-04-15 15:00:00,OP002,Emma Bernard,B,Afternoon,53,1,745.3,159,98.78,3,Completed,DOCK-2,5,6
2026-04-15 15:00:00,OP001,Lucas Martin,A,Afternoon,48,2,642.0,96,97.62,3,Completed,DOCK-1,6,6
2026-04-15 15:00:00,OP020,Mila Faure,E,Afternoon,49,0,598.8,49,97.4,3,Completed,DOCK-4,1,4
2026-04-15 15:00:00,OP007,Nathan Petit,B,Afternoon,57,0,688.4,57,98.49,1,Completed,DOCK-7,1,10
2026-04-15 15:00:00,OP013,Raphael Lefebvre,C,Afternoon,52,1,678.0,52,96.93,2,Completed,DOCK-5,3,1
2026-04-15 15:00:00,OP008,Lea Durand,C,Afternoon,50,2,695.7,150,98.18,3,Completed,DOCK-8,8,9
2026-04-15 15:00:00,OP006,Manon Richard,A,Afternoon,52,0,662.0,156,96.55,7,Completed,DOCK-6,11,10
2026-04-15 15:00:00,OP003,Hugo Dubois,C,Afternoon,40,0,535.9,40,97.89,4,Completed,DOCK-3,8,11
2026-04-15 15:00:00,OP017,Liam Girard,B,Afternoon,43,0,574.5,129,98.06,8,Completed,DOCK-1,9,9
2026-04-15 15:00:00,OP011,Adam Simon,A,Afternoon,49,1,448.7,98,97.97,2,Completed,DOCK-3,4,11
2026-04-15 15:00:00,OP004,Chloe Thomas,D,Afternoon,55,0,566.9,110,97.02,6,Delayed,DOCK-4,3,2
2026-04-15 16:00:00,OP005,Louis Robert,E,Afternoon,54,0,551.9,162,98.03,3,Completed,DOCK-5,2,2
2026-04-15 16:00:00,OP006,Manon Richard,A,Afternoon,53,1,609.0,106,96.05,8,Completed,DOCK-6,11,2
2026-04-15 16:00:00,OP013,Raphael Lefebvre,C,Afternoon,54,0,558.5,54,97.4,5,Completed,DOCK-5,7,9
2026-04-15 16:00:00,OP003,Hugo Dubois,C,Afternoon,47,1,657.6,141,97.97,6,Completed,DOCK-3,9,5
2026-04-15 16:00:00,OP016,Jade Fournier,A,Afternoon,56,0,529.3,168,98.04,4,Completed,DOCK-8,5,3
2026-04-15 16:00:00,OP001,Lucas Martin,A,Afternoon,49,2,482.7,147,96.55,6,Completed,DOCK-1,1,6
2026-04-15 16:00:00,OP014,Ines Leroy,D,Afternoon,47,0,635.1,94,97.98,5,Delayed,DOCK-6,6,7
2026-04-15 16:00:00,OP008,Lea Durand,C,Afternoon,54,1,479.0,108,96.64,3,Completed,DOCK-8,9,7
2026-04-15 16:00:00,OP012,Camille Michel,B,Afternoon,49,1,519.4,49,97.46,3,Completed,DOCK-4,6,2
2026-04-15 16:00:00,OP018,Lina Bonnet,C,Afternoon,66,0,711.5,132,98.57,7,Completed,DOCK-2,10,0
2026-04-15 16:00:00,OP019,Noah Lambert,D,Afternoon,46,0,572.1,92,96.77,5,Delayed,DOCK-3,3,6
2026-04-15 17:00:00,OP002,Emma Bernard,B,Afternoon,46,0,586.9,138,98.09,6,Completed,DOCK-2,11,9
2026-04-15 17:00:00,OP019,Noah Lambert,D,Afternoon,58,0,506.5,58,99.17,4,Completed,DOCK-3,7,0
2026-04-15 17:00:00,OP008,Lea Durand,C,Afternoon,51,0,609.2,102,98.95,1,Completed,DOCK-8,2,8
2026-04-15 17:00:00,OP016,Jade Fournier,A,Afternoon,49,1,671.6,49,99.7,10,Completed,DOCK-8,9,9
2026-04-15 17:00:00,OP010,Sarah Laurent,E,Afternoon,53,0,689.4,53,97.36,4,Cancelled,DOCK-2,5,3
2026-04-15 17:00:00,OP014,Ines Leroy,D,Afternoon,58,0,513.3,116,97.9,10,Completed,DOCK-6,9,1
2026-04-15 17:00:00,OP001,Lucas Martin,A,Afternoon,40,1,563.9,120,97.04,4,Completed,DOCK-1,0,2
2026-04-15 17:00:00,OP003,Hugo Dubois,C,Afternoon,52,0,501.0,52,97.65,4,Completed,DOCK-3,10,10
2026-04-15 18:00:00,OP013,Raphael Lefebvre,C,Afternoon,49,0,617.2,49,97.98,7,Completed,DOCK-5,6,3
2026-04-15 18:00:00,OP020,Mila Faure,E,Afternoon,40,0,340.5,40,97.29,6,Cancelled,DOCK-4,11,1
2026-04-15 18:00:00,OP017,Liam Girard,B,Afternoon,49,0,612.3,147,98.32,4,Completed,DOCK-1,7,3
2026-04-15 18:00:00,OP019,Noah Lambert,D,Afternoon,51,0,643.4,102,99.9,3,Completed,DOCK-3,4,6
2026-04-15 18:00:00,OP011,Adam Simon,A,Afternoon,46,0,649.2,92,98.43,4,Completed,DOCK-3,7,11
2026-04-15 18:00:00,OP015,Tom Roux,E,Afternoon,20,0,242.5,20,98.76,2,Completed,DOCK-7,2,9
2026-04-15 18:00:00,OP012,Camille Michel,B,Afternoon,48,0,449.0,144,97.0,6,Completed,DOCK-4,5,1
2026-04-15 18:00:00,OP010,Sarah Laurent,E,Afternoon,52,0,648.1,52,98.43,4,Completed,DOCK-2,2,6
2026-04-15 18:00:00,OP003,Hugo Dubois,C,Afternoon,50,0,698.0,100,96.73,2,Completed,DOCK-3,6,5
2026-04-15 18:00:00,OP002,Emma Bernard,B,Afternoon,52,0,471.1,104,97.51,3,Completed,DOCK-2,3,2
2026-04-15 18:00:00,OP016,Jade Fournier,A,Afternoon,45,1,462.2,45,97.11,6,Completed,DOCK-8,5,4
2026-04-15 18:00:00,OP001,Lucas Martin,A,Afternoon,42,1,490.6,42,97.26,7,Completed,DOCK-1,4,2
2026-04-15 18:00:00,OP008,Lea Durand,C,Afternoon,53,0,752.4,53,97.27,5,Completed,DOCK-8,9,1
2026-04-15 19:00:00,OP019,Noah Lambert,D,Afternoon,51,0,493.8,153,98.26,1,Completed,DOCK-3,8,5
2026-04-15 19:00:00,OP013,Raphael Lefebvre,C,Afternoon,50,1,504.1,50,98.48,3,Completed,DOCK-5,9,5
2026-04-15 19:00:00,OP010,Sarah Laurent,E,Afternoon,62,3,684.4,186,98.75,2,Completed,DOCK-2,10,5
2026-04-15 19:00:00,OP006,Manon Richard,A,Afternoon,40,0,511.9,40,98.84,2,Completed,DOCK-6,4,9
2026-04-15 19:00:00,OP007,Nathan Petit,B,Afternoon,52,0,579.6,52,97.19,2,Completed,DOCK-7,6,0
2026-04-15 19:00:00,OP016,Jade Fournier,A,Afternoon,55,1,540.7,165,97.23,10,Completed,DOCK-8,2,0
2026-04-15 19:00:00,OP002,Emma Bernard,B,Afternoon,55,1,592.5,110,99.21,5,Completed,DOCK-2,4,3
2026-04-15 19:00:00,OP015,Tom Roux,E,Afternoon,20,0,238.9,20,97.9,1,Completed,DOCK-7,1,1
2026-04-15 19:00:00,OP020,Mila Faure,E,Afternoon,46,0,582.9,46,97.15,3,Completed,DOCK-4,1,0
2026-04-15 19:00:00,OP005,Louis Robert,E,Afternoon,56,1,795.1,56,97.58,9,Completed,DOCK-5,8,2
2026-04-15 20:00:00,OP007,Nathan Petit,B,Afternoon,53,0,731.8,53,97.7,3,Completed,DOCK-7,0,8
2026-04-15 20:00:00,OP001,Lucas Martin,A,Afternoon,43,0,381.4,86,98.04,3,Completed,DOCK-1,5,1
2026-04-15 20:00:00,OP003,Hugo Dubois,C,Afternoon,48,0,578.2,48,99.63,7,Completed,DOCK-3,0,8
2026-04-15 20:00:00,OP002,Emma Bernard,B,Afternoon,52,0,542.3,104,97.9,6,Delayed,DOCK-2,9,6
2026-04-15 20:00:00,OP009,Jules Moreau,D,Afternoon,43,0,622.6,129,97.31,7,Completed,DOCK-1,4,0
2026-04-15 20:00:00,OP012,Camille Michel,B,Afternoon,43,1,548.5,43,97.47,1,Completed,DOCK-4,9,6
2026-04-15 20:00:00,OP018,Lina Bonnet,C,Afternoon,53,0,670.0,106,98.78,4,Completed,DOCK-2,0,0
2026-04-15 20:00:00,OP005,Louis Robert,E,Afternoon,51,0,571.5,51,98.23,5,Completed,DOCK-5,2,4
2026-04-15 20:00:00,OP006,Manon Richard,A,Afternoon,52,3,662.5,104,95.67,8,Completed,DOCK-6,4,5
2026-04-15 20:00:00,OP013,Raphael Lefebvre,C,Afternoon,49,1,447.1,147,97.55,3,Completed,DOCK-5,1,10
2026-04-15 21:00:00,OP002,Emma Bernard,B,Afternoon,46,0,497.1,138,97.99,6,Completed,DOCK-2,10,3
2026-04-15 21:00:00,OP018,Lina Bonnet,C,Afternoon,61,1,643.0,61,97.77,3,Completed,DOCK-2,6,5
2026-04-15 21:00:00,OP014,Ines Leroy,D,Afternoon,41,0,391.9,41,98.12,2,Completed,DOCK-6,4,9
2026-04-15 21:00:00,OP017,Liam Girard,B,Afternoon,40,0,570.2,120,98.0,8,Completed,DOCK-1,10,8
2026-04-15 21:00:00,OP010,Sarah Laurent,E,Afternoon,50,0,546.4,150,96.56,2,Completed,DOCK-2,1,7
2026-04-15 21:00:00,OP004,Chloe Thomas,D,Afternoon,54,1,509.6,162,97.82,3,Completed,DOCK-4,10,9
2026-04-15 21:00:00,OP009,Jules Moreau,D,Afternoon,46,1,500.6,138,98.98,2,Completed,DOCK-1,10,6
2026-04-15 21:00:00,OP001,Lucas Martin,A,Afternoon,40,0,446.8,80,95.97,6,Completed,DOCK-1,4,6
2026-04-15 21:00:00,OP005,Louis Robert,E,Afternoon,55,2,674.6,55,98.52,2,Completed,DOCK-5,6,5
2026-04-15 22:00:00,OP012,Camille Michel,B,Night,32,0,370.2,64,97.62,2,Completed,DOCK-4,9,4
2026-04-15 22:00:00,OP013,Raphael Lefebvre,C,Night,41,1,476.3,123,98.56,1,Completed,DOCK-5,7,0
2026-04-15 22:00:00,OP004,Chloe Thomas,D,Night,45,1,639.6,90,97.01,6,Completed,DOCK-4,3,9
2026-04-15 22:00:00,OP006,Manon Richard,A,Night,31,0,316.3,62,98.69,2,Completed,DOCK-6,5,8
2026-04-15 22:00:00,OP017,Liam Girard,B,Night,35,1,303.0,105,97.46,4,Completed,DOCK-1,6,9
2026-04-15 22:00:00,OP002,Emma Bernard,B,Night,36,0,470.2,108,98.49,3,Completed,DOCK-2,4,1
2026-04-15 22:00:00,OP016,Jade Fournier,A,Night,37,1,480.2,74,97.73,5,Completed,DOCK-8,0,7
2026-04-15 22:00:00,OP001,Lucas Martin,A,Night,25,0,251.1,25,97.63,1,Completed,DOCK-1,8,6
2026-04-15 22:00:00,OP010,Sarah Laurent,E,Night,44,0,536.0,44,97.67,2,Completed,DOCK-2,2,3
2026-04-15 22:00:00,OP020,Mila Faure,E,Night,37,2,499.1,37,96.26,4,Completed,DOCK-4,5,0
2026-04-15 23:00:00,OP004,Chloe Thomas,D,Night,37,0,498.4,74,96.64,5,Completed,DOCK-4,2,1
2026-04-15 23:00:00,OP012,Camille Michel,B,Night,25,0,311.6,25,96.68,1,Completed,DOCK-4,6,8
2026-04-15 23:00:00,OP017,Liam Girard,B,Night,37,0,387.1,111,99.32,1,Completed,DOCK-1,4,7
2026-04-15 23:00:00,OP019,Noah Lambert,D,Night,26,0,362.3,78,97.89,1,Completed,DOCK-3,3,1
2026-04-15 23:00:00,OP009,Jules Moreau,D,Night,35,0,407.7,105,96.38,1,Completed,DOCK-1,10,11
2026-04-15 23:00:00,OP018,Lina Bonnet,C,Night,37,1,485.6,74,98.37,3,Completed,DOCK-2,9,4
2026-04-15 23:00:00,OP020,Mila Faure,E,Night,28,1,279.2,56,98.67,5,Completed,DOCK-4,10,2
2026-04-15 23:00:00,OP014,Ines Leroy,D,Night,38,1,395.3,76,96.64,2,Delayed,DOCK-6,7,8
2026-04-15 23:00:00,OP010,Sarah Laurent,E,Night,50,0,433.9,50,98.89,4,Completed,DOCK-2,5,3
2026-04-15 23:00:00,OP002,Emma Bernard,B,Night,47,1,490.1,141,98.36,2,Completed,DOCK-2,7,7
2026-04-16 00:00:00,OP006,Manon Richard,A,Night,35,1,476.0,105,98.07,5,Completed,DOCK-6,11,11
2026-04-16 00:00:00,OP019,Noah Lambert,D,Night,38,0,546.0,114,97.28,2,Completed,DOCK-3,4,11
2026-04-16 00:00:00,OP004,Chloe Thomas,D,Night,45,3,448.0,45,97.94,3,Completed,DOCK-4,3,11
2026-04-16 00:00:00,OP013,Raphael Lefebvre,C,Night,43,2,530.3,129,96.77,4,Completed,DOCK-5,10,1
2026-04-16 00:00:00,OP001,Lucas Martin,A,Night,33,1,312.7,66,99.54,3,Completed,DOCK-1,7,0
2026-04-16 00:00:00,OP009,Jules Moreau,D,Night,25,0,309.8,50,97.12,2,Completed,DOCK-1,6,2
2026-04-16 00:00:00,OP007,Nathan Petit,B,Night,41,0,358.1,82,97.43,3,Delayed,DOCK-7,3,6
2026-04-16 00:00:00,OP016,Jade Fournier,A,Night,41,1,463.4,123,98.56,2,Completed,DOCK-8,7,6
2026-04-16 00:00:00,OP010,Sarah Laurent,E,Night,29,0,368.3,87,99.11,1,Cancelled,DOCK-2,3,1
2026-04-16 01:00:00,OP017,Liam Girard,B,Night,40,0,558.2,120,99.9,1,Completed,DOCK-1,3,7
2026-04-16 01:00:00,OP008,Lea Durand,C,Night,36,0,334.6,108,98.36,5,Delayed,DOCK-8,0,9
2026-04-16 01:00:00,OP012,Camille Michel,B,Night,25,0,321.6,75,98.21,2,Completed,DOCK-4,2,6
2026-04-16 01:00:00,OP002,Emma Bernard,B,Night,40,2,446.6,120,97.79,1,Completed,DOCK-2,4,5
2026-04-16 01:00:00,OP006,Manon Richard,A,Night,36,1,500.7,36,98.02,2,Completed,DOCK-6,4,1
2026-04-16 01:00:00,OP004,Chloe Thomas,D,Night,44,0,444.6,132,99.44,4,Completed,DOCK-4,7,4
2026-04-16 01:00:00,OP019,Noah Lambert,D,Night,39,0,536.2,78,97.75,2,Completed,DOCK-3,0,7
2026-04-16 01:00:00,OP018,Lina Bonnet,C,Night,45,0,592.9,90,98.95,1,Completed,DOCK-2,3,4
2026-04-16 01:00:00,OP016,Jade Fournier,A,Night,32,0,373.7,96,97.12,5,Delayed,DOCK-8,3,6
2026-04-16 01:00:00,OP015,Tom Roux,E,Night,41,1,473.3,41,98.54,5,Completed,DOCK-7,5,0
2026-04-16 01:00:00,OP013,Raphael Lefebvre,C,Night,38,0,421.2,76,96.86,5,Cancelled,DOCK-5,11,10
2026-04-16 01:00:00,OP010,Sarah Laurent,E,Night,35,1,326.2,35,98.69,1,Completed,DOCK-2,8,11
2026-04-16 01:00:00,OP011,Adam Simon,A,Night,27,0,325.8,54,98.15,4,Completed,DOCK-3,5,2
2026-04-16 01:00:00,OP007,Nathan Petit,B,Night,42,0,404.3,126,97.44,4,Completed,DOCK-7,5,9
2026-04-16 02:00:00,OP019,Noah Lambert,D,Night,39,1,432.9,39,96.86,4,Completed,DOCK-3,3,4
2026-04-16 02:00:00,OP010,Sarah Laurent,E,Night,35,0,462.7,70,97.79,4,Delayed,DOCK-2,10,0
2026-04-16 02:00:00,OP009,Jules Moreau,D,Night,31,0,292.5,31,97.39,2,Completed,DOCK-1,10,7
2026-04-16 02:00:00,OP007,Nathan Petit,B,Night,38,0,499.8,38,99.9,3,Delayed,DOCK-7,6,5
2026-04-16 02:00:00,OP020,Mila Faure,E,Night,44,0,531.6,132,97.97,4,Cancelled,DOCK-4,7,3
2026-04-16 02:00:00,OP016,Jade Fournier,A,Night,34,0,343.8,34,98.65,2,Delayed,DOCK-8,8,9
2026-04-16 02:00:00,OP015,Tom Roux,E,Night,47,0,450.2,141,97.15,4,Completed,DOCK-7,10,2
2026-04-16 02:00:00,OP014,Ines Leroy,D,Night,32,1,334.2,64,98.12,5,Completed,DOCK-6,6,10
2026-04-16 02:00:00,OP018,Lina Bonnet,C,Night,40,0,406.9,120,98.26,3,Completed,DOCK-2,6,4
2026-04-16 03:00:00,OP009,Jules Moreau,D,Night,25,0,236.6,25,96.98,1,Delayed,DOCK-1,3,3
2026-04-16 03:00:00,OP002,Emma Bernard,B,Night,46,1,442.8,92,97.78,8,Completed,DOCK-2,10,7
2026-04-16 03:00:00,OP003,Hugo Dubois,C,Night,27,0,267.8,27,97.25,1,Completed,DOCK-3,2,1
2026-04-16 03:00:00,OP017,Liam Girard,B,Night,32,0,318.8,32,97.73,2,Completed,DOCK-1,2,6
2026-04-16 03:00:00,OP004,Chloe Thomas,D,Night,39,0,535.7,78,96.99,3,Delayed,DOCK-4,1,10
2026-04-16 03:00:00,OP016,Jade Fournier,A,Night,41,0,426.3,82,97.03,3,Cancelled,DOCK-8,4,9
2026-04-16 03:00:00,OP007,Nathan Petit,B,Night,40,1,508.9,40,97.24,2,Completed,DOCK-7,11,4
2026-04-16 03:00:00,OP010,Sarah Laurent,E,Night,38,0,460.0,114,97.88,6,Completed,DOCK-2,5,6
2026-04-16 03:00:00,OP006,Manon Richard,A,Night,30,1,263.4,30,98.05,3,Delayed,DOCK-6,11,9
2026-04-16 03:00:00,OP005,Louis Robert,E,Night,39,0,359.6,39,98.51,4,Completed,DOCK-5,8,1
2026-04-16 03:00:00,OP011,Adam Simon,A,Night,36,0,449.2,36,97.42,1,Completed,DOCK-3,9,7
2026-04-16 03:00:00,OP019,Noah Lambert,D,Night,32,0,449.0,32,99.51,2,Completed,DOCK-3,6,4
2026-04-16 03:00:00,OP012,Camille Michel,B,Night,30,1,327.5,90,98.54,2,Completed,DOCK-4,0,3
2026-04-16 04:00:00,OP008,Lea Durand,C,Night,35,0,342.4,70,98.34,2,Completed,DOCK-8,3,5
2026-04-16 04:00:00,OP011,Adam Simon,A,Night,38,3,449.7,38,98.04,4,Completed,DOCK-3,8,8
2026-04-16 04:00:00,OP005,Louis Robert,E,Night,28,0,286.4,84,98.3,2,Completed,DOCK-5,4,11
2026-04-16 04:00:00,OP010,Sarah Laurent,E,Night,34,1,411.7,102,98.86,3,Completed,DOCK-2,9,9
2026-04-16 04:00:00,OP019,Noah Lambert,D,Night,37,0,521.6,74,97.48,4,Completed,DOCK-3,10,4
2026-04-16 04:00:00,OP016,Jade Fournier,A,Night,44,0,384.5,132,97.67,7,Delayed,DOCK-8,2,9
2026-04-16 04:00:00,OP013,Raphael Lefebvre,C,Night,41,0,465.1,41,98.82,1,Completed,DOCK-5,6,7
2026-04-16 04:00:00,OP003,Hugo Dubois,C,Night,35,0,505.7,70,97.84,4,Completed,DOCK-3,11,10
2026-04-16 04:00:00,OP009,Jules Moreau,D,Night,29,0,361.0,58,97.71,1,Delayed,DOCK-1,4,3
2026-04-16 04:00:00,OP006,Manon Richard,A,Night,25,0,338.1,25,98.1,1,Completed,DOCK-6,7,0
2026-04-16 05:00:00,OP007,Nathan Petit,B,Night,37,0,337.2,37,97.56,1,Completed,DOCK-7,9,5
2026-04-16 05:00:00,OP013,Raphael Lefebvre,C,Night,45,0,475.5,135,98.19,3,Completed,DOCK-5,4,2
2026-04-16 05:00:00,OP015,Tom Roux,E,Night,40,0,563.2,40,97.62,5,Completed,DOCK-7,0,7
2026-04-16 05:00:00,OP011,Adam Simon,A,Night,32,0,309.1,32,97.62,4,Completed,DOCK-3,2,4
2026-04-16 05:00:00,OP010,Sarah Laurent,E,Night,40,0,373.3,40,97.67,3,Completed,DOCK-2,5,2
2026-04-16 05:00:00,OP006,Manon Richard,A,Night,32,1,342.7,64,97.37,8,Completed,DOCK-6,11,6
2026-04-16 05:00:00,OP008,Lea Durand,C,Night,37,0,476.9,111,97.5,3,Completed,DOCK-8,11,7
2026-04-16 05:00:00,OP019,Noah Lambert,D,Night,41,1,466.4,82,98.07,6,Completed,DOCK-3,0,3
2026-04-16 06:00:00,OP010,Sarah Laurent,E,Morning,72,1,970.3,72,97.67,4,Completed,DOCK-2,3,9
2026-04-16 06:00:00,OP016,Jade Fournier,A,Morning,73,1,938.5,73,97.54,3,Completed,DOCK-8,11,3
2026-04-16 06:00:00,OP019,Noah Lambert,D,Morning,68,0,719.6,68,97.16,4,Completed,DOCK-3,7,9
2026-04-16 06:00:00,OP008,Lea Durand,C,Morning,59,0,552.9,118,98.2,7,Completed,DOCK-8,3,9
2026-04-16 06:00:00,OP004,Chloe Thomas,D,Morning,72,0,1006.5,216,98.44,9,Completed,DOCK-4,9,10
2026-04-16 06:00:00,OP012,Camille Michel,B,Morning,58,3,641.9,116,98.26,3,Completed,DOCK-4,9,0
2026-04-16 06:00:00,OP015,Tom Roux,E,Morning,66,0,846.7,132,99.77,6,Completed,DOCK-7,2,2
2026-04-16 06:00:00,OP005,Louis Robert,E,Morning,66,0,779.9,66,99.66,4,Completed,DOCK-5,8,3
2026-04-16 06:00:00,OP018,Lina Bonnet,C,Morning,65,1,735.2,130,97.6,5,Delayed,DOCK-2,0,1
2026-04-16 06:00:00,OP014,Ines Leroy,D,Morning,65,0,602.9,130,98.45,7,Completed,DOCK-6,9,6
2026-04-16 06:00:00,OP017,Liam Girard,B,Morning,57,1,801.8,114,98.71,5,Completed,DOCK-1,5,2
2026-04-16 06:00:00,OP006,Manon Richard,A,Morning,63,2,747.9,126,96.55,6,Completed,DOCK-6,4,3
2026-04-16 07:00:00,OP018,Lina Bonnet,C,Morning,73,1,861.7,146,99.06,6,Completed,DOCK-2,2,7
2026-04-16 07:00:00,OP007,Nathan Petit,B,Morning,70,0,812.7,210,96.71,5,Completed,DOCK-7,1,5
2026-04-16 07:00:00,OP010,Sarah Laurent,E,Morning,73,5,631.9,73,98.93,9,Completed,DOCK-2,0,5
2026-04-16 07:00:00,OP017,Liam Girard,B,Morning,60,3,620.3,180,98.01,3,Completed,DOCK-1,4,10
2026-04-16 07:00:00,OP002,Emma Bernard,B,Morning,73,0,795.7,219,99.14,4,Cancelled,DOCK-2,9,7
2026-04-16 07:00:00,OP011,Adam Simon,A,Morning,58,0,691.4,58,96.78,5,Completed,DOCK-3,1,11
2026-04-16 07:00:00,OP001,Lucas Martin,A,Morning,58,0,608.8,116,97.68,3,Delayed,DOCK-1,8,9
2026-04-16 07:00:00,OP020,Mila Faure,E,Morning,55,0,531.6,55,97.62,1,Completed,DOCK-4,4,10
2026-04-16 07:00:00,OP003,Hugo Dubois,C,Morning,65,0,935.6,130,96.56,9,Completed,DOCK-3,8,4
2026-04-16 07:00:00,OP004,Chloe Thomas,D,Morning,74,1,633.2,148,97.55,8,Completed,DOCK-4,5,6
2026-04-16 07:00:00,OP015,Tom Roux,E,Morning,71,1,786.3,71,99.11,8,Completed,DOCK-7,8,3
2026-04-16 07:00:00,OP008,Lea Durand,C,Morning,63,1,539.4,63,97.56,4,Completed,DOCK-8,11,5
2026-04-16 07:00:00,OP012,Camille Michel,B,Morning,64,0,867.1,192,98.19,5,Delayed,DOCK-4,6,7
2026-04-16 08:00:00,OP015,Tom Roux,E,Morning,66,1,662.8,132,98.69,8,Completed,DOCK-7,10,4
2026-04-16 08:00:00,OP003,Hugo Dubois,C,Morning,62,1,566.3,62,96.77,5,Completed,DOCK-3,6,0
2026-04-16 08:00:00,OP009,Jules Moreau,D,Morning,62,0,866.2,124,98.36,3,Completed,DOCK-1,1,1
2026-04-16 08:00:00,OP005,Louis Robert,E,Morning,73,0,696.4,146,97.28,2,Completed,DOCK-5,11,9
2026-04-16 08:00:00,OP012,Camille Michel,B,Morning,65,0,591.6,195,97.15,7,Completed,DOCK-4,9,7
2026-04-16 08:00:00,OP007,Nathan Petit,B,Morning,62,1,726.5,62,99.01,8,Completed,DOCK-7,6,9
2026-04-16 08:00:00,OP001,Lucas Martin,A,Morning,54,2,509.5,162,98.95,9,Completed,DOCK-1,11,11
2026-04-16 08:00:00,OP011,Adam Simon,A,Morning,70,3,610.5,210,97.84,4,Completed,DOCK-3,4,0
2026-04-16 08:00:00,OP002,Emma Bernard,B,Morning,68,0,832.1,204,96.93,4,Completed,DOCK-2,2,2
2026-04-16 09:00:00,OP009,Jules Moreau,D,Morning,66,2,878.3,132,97.67,3,Completed,DOCK-1,8,6
2026-04-16 09:00:00,OP014,Ines Leroy,D,Morning,51,0,738.1,153,96.25,9,Completed,DOCK-6,11,10
2026-04-16 09:00:00,OP002,Emma Bernard,B,Morning,65,1,906.3,195,98.36,9,Completed,DOCK-2,9,6
2026-04-16 09:00:00,OP019,Noah Lambert,D,Morning,61,1,780.8,122,98.19,4,Completed,DOCK-3,6,5
2026-04-16 09:00:00,OP004,Chloe Thomas,D,Morning,77,0,727.7,231,97.68,8,Completed,DOCK-4,10,6
2026-04-16 09:00:00,OP006,Manon Richard,A,Morning,65,0,699.5,195,97.94,6,Cancelled,DOCK-6,3,10
2026-04-16 09:00:00,OP015,Tom Roux,E,Morning,68,0,595.7,204,99.23,5,Completed,DOCK-7,8,8
2026-04-16 09:00:00,OP007,Nathan Petit,B,Morning,65,0,874.7,130,98.35,3,Completed,DOCK-7,8,0
2026-04-16 10:00:00,OP001,Lucas Martin,A,Morning,58,0,584.9,58,98.65,5,Completed,DOCK-1,9,3
2026-04-16 10:00:00,OP003,Hugo Dubois,C,Morning,61,0,662.6,61,97.46,5,Completed,DOCK-3,2,0
2026-04-16 10:00:00,OP010,Sarah Laurent,E,Morning,78,1,691.6,78,97.96,7,Delayed,DOCK-2,9,6
2026-04-16 10:00:00,OP016,Jade Fournier,A,Morning,59,0,791.6,177,98.1,3,Completed,DOCK-8,9,1
2026-04-16 10:00:00,OP020,Mila Faure,E,Morning,59,1,610.8,118,97.8,4,Completed,DOCK-4,1,3
2026-04-16 10:00:00,OP014,Ines Leroy,D,Morning,55,0,682.7,165,98.55,2,Completed,DOCK-6,4,9
2026-04-16 10:00:00,OP007,Nathan Petit,B,Morning,62,1,670.4,124,98.18,7,Completed,DOCK-7,0,3
2026-04-16 10:00:00,OP008,Lea Durand,C,Morning,66,1,706.0,198,98.46,8,Completed,DOCK-8,11,9
2026-04-16 10:00:00,OP002,Emma Bernard,B,Morning,57,0,573.6,171,98.47,6,Completed,DOCK-2,3,1
2026-04-16 11:00:00,OP002,Emma Bernard,B,Morning,62,0,673.1,186,99.53,6,Completed,DOCK-2,11,1
2026-04-16 11:00:00,OP006,Manon Richard,A,Morning,57,2,752.2,57,97.9,1,Completed,DOCK-6,10,6
2026-04-16 11:00:00,OP020,Mila Faure,E,Morning,63,0,846.7,63,98.7,8,Delayed,DOCK-4,2,2
2026-04-16 11:00:00,OP003,Hugo Dubois,C,Morning,64,1,591.8,64,98.79,6,Completed,DOCK-3,0,9
2026-04-16 11:00:00,OP012,Camille Michel,B,Morning,60,0,514.6,60,98.02,4,Completed,DOCK-4,0,2
2026-04-16 11:00:00,OP009,Jules Moreau,D,Morning,58,1,522.0,174,98.21,4,Completed,DOCK-1,1,0
2026-04-16 11:00:00,OP008,Lea Durand,C,Morning,51,2,548.1,102,97.51,4,Completed,DOCK-8,3,10
2026-04-16 11:00:00,OP013,Raphael Lefebvre,C,Morning,67,1,926.0,201,98.52,5,Completed,DOCK-5,7,7
2026-04-16 12:00:00,OP004,Chloe Thomas,D,Morning,70,0,774.8,210,96.64,4,Completed,DOCK-4,5,4
2026-04-16 12:00:00,OP003,Hugo Dubois,C,Morning,58,1,544.8,174,99.43,4,Completed,DOCK-3,5,4
2026-04-16 12:00:00,OP011,Adam Simon,A,Morning,60,2,510.2,60,97.47,3,Completed,DOCK-3,0,11
2026-04-16 12:00:00,OP006,Manon Richard,A,Morning,51,0,462.8,102,96.65,8,Completed,DOCK-6,7,2
2026-04-16 12:00:00,OP020,Mila Faure,E,Morning,60,0,511.4,60,96.99,8,Completed,DOCK-4,7,11
2026-04-16 12:00:00,OP016,Jade Fournier,A,Morning,65,0,836.4,195,99.79,5,Completed,DOCK-8,9,0
2026-04-16 12:00:00,OP002,Emma Bernard,B,Morning,69,1,597.2,69,97.0,5,Completed,DOCK-2,0,5
2026-04-16 12:00:00,OP015,Tom Roux,E,Morning,73,0,991.1,146,98.52,7,Completed,DOCK-7,4,5
2026-04-16 12:00:00,OP010,Sarah Laurent,E,Morning,21,0,284.1,21,97.69,1,Completed,DOCK-2,2,9
2026-04-16 12:00:00,OP001,Lucas Martin,A,Morning,58,0,819.3,116,98.4,7,Completed,DOCK-1,11,11
2026-04-16 12:00:00,OP012,Camille Michel,B,Morning,52,2,485.2,104,97.72,5,Completed,DOCK-4,9,5
2026-04-16 12:00:00,OP008,Lea Durand,C,Morning,55,1,515.7,110,95.93,7,Completed,DOCK-8,6,1
2026-04-16 12:00:00,OP019,Noah Lambert,D,Morning,65,0,664.6,65,97.87,5,Completed,DOCK-3,1,5
2026-04-16 13:00:00,OP012,Camille Michel,B,Morning,54,2,572.2,54,97.32,7,Completed,DOCK-4,8,11
2026-04-16 13:00:00,OP010,Sarah Laurent,E,Morning,65,0,843.5,195,98.92,7,Completed,DOCK-2,4,11
2026-04-16 13:00:00,OP009,Jules Moreau,D,Morning,56,2,512.9,56,96.2,4,Completed,DOCK-1,0,11
2026-04-16 13:00:00,OP013,Raphael Lefebvre,C,Morning,65,3,603.9,195,98.92,7,Completed,DOCK-5,10,1
2026-04-16 13:00:00,OP014,Ines Leroy,D,Morning,52,0,656.9,156,97.66,6,Completed,DOCK-6,10,5
2026-04-16 13:00:00,OP003,Hugo Dubois,C,Morning,58,3,563.2,116,97.85,5,Completed,DOCK-3,1,6
2026-04-16 13:00:00,OP005,Louis Robert,E,Morning,58,1,674.0,116,96.78,6,Cancelled,DOCK-5,1,3
2026-04-16 13:00:00,OP020,Mila Faure,E,Morning,57,0,585.8,171,97.67,6,Completed,DOCK-4,6,3
2026-04-16 14:00:00,OP007,Nathan Petit,B,Afternoon,55,1,520.5,55,99.47,1,Completed,DOCK-7,2,4
2026-04-16 14:00:00,OP013,Raphael Lefebvre,C,Afternoon,57,0,531.2,171,98.46,5,Completed,DOCK-5,4,2
2026-04-16 14:00:00,OP015,Tom Roux,E,Afternoon,47,1,635.8,94,98.9,3,Completed,DOCK-7,4,9
2026-04-16 14:00:00,OP014,Ines Leroy,D,Afternoon,45,0,515.0,90,97.39,5,Completed,DOCK-6,3,3
2026-04-16 14:00:00,OP017,Liam Girard,B,Afternoon,47,1,640.7,141,99.44,5,Completed,DOCK-1,10,9
2026-04-16 14:00:00,OP019,Noah Lambert,D,Afternoon,55,0,582.2,165,97.57,6,Cancelled,DOCK-3,9,4
2026-04-16 14:00:00,OP011,Adam Simon,A,Afternoon,48,0,537.5,144,96.99,6,Completed,DOCK-3,3,1
2026-04-16 14:00:00,OP010,Sarah Laurent,E,Afternoon,46,1,481.2,46,98.26,3,Completed,DOCK-2,6,10
2026-04-16 14:00:00,OP004,Chloe Thomas,D,Afternoon,60,0,574.6,120,98.41,5,Delayed,DOCK-4,2,5
2026-04-16 14:00:00,OP020,Mila Faure,E,Afternoon,53,0,559.4,53,97.96,2,Completed,DOCK-4,11,5
2026-04-16 14:00:00,OP008,Lea Durand,C,Afternoon,47,0,526.0,141,98.5,5,Delayed,DOCK-8,8,6
2026-04-16 14:00:00,OP001,Lucas Martin,A,Afternoon,46,1,400.8,46,96.66,4,Completed,DOCK-1,6,1
2026-04-16 14:00:00,OP002,Emma Bernard,B,Afternoon,60,1,690.6,120,98.02,11,Completed,DOCK-2,7,2
2026-04-16 14:00:00,OP003,Hugo Dubois,C,Afternoon,43,0,591.4,86,99.37,2,Delayed,DOCK-3,7,5
2026-04-16 15:00:00,OP020,Mila Faure,E,Afternoon,47,2,580.5,94,98.71,4,Completed,DOCK-4,6,5
2026-04-16 15:00:00,OP001,Lucas Martin,A,Afternoon,40,4,423.8,80,98.59,1,Completed,DOCK-1,6,0
2026-04-16 15:00:00,OP005,Louis Robert,E,Afternoon,60,0,567.6,180,98.95,3,Completed,DOCK-5,8,4
2026-04-16 15:00:00,OP018,Lina Bonnet,C,Afternoon,56,0,807.1,56,98.31,5,Completed,DOCK-2,0,5
2026-04-16 15:00:00,OP007,Nathan Petit,B,Afternoon,68,1,901.9,68,98.52,3,Completed,DOCK-7,1,1
2026-04-16 15:00:00,OP004,Chloe Thomas,D,Afternoon,48,0,614.1,48,98.76,4,Completed,DOCK-4,5,5
2026-04-16 15:00:00,OP011,Adam Simon,A,Afternoon,48,0,533.5,144,97.4,6,Delayed,DOCK-3,10,9
2026-04-16 15:00:00,OP019,Noah Lambert,D,Afternoon,57,0,638.8,171,98.49,5,Completed,DOCK-3,6,6
2026-04-16 15:00:00,OP010,Sarah Laurent,E,Afternoon,52,0,728.0,52,97.97,9,Completed,DOCK-2,3,3
2026-04-16 16:00:00,OP009,Jules Moreau,D,Afternoon,55,1,744.9,110,96.81,3,Completed,DOCK-1,7,0
2026-04-16 16:00:00,OP014,Ines Leroy,D,Afternoon,45,0,577.7,90,97.79,2,Completed,DOCK-6,1,6
2026-04-16 16:00:00,OP002,Emma Bernard,B,Afternoon,59,2,741.5,118,98.05,8,Completed,DOCK-2,3,9
2026-04-16 16:00:00,OP005,Louis Robert,E,Afternoon,50,0,506.3,100,97.97,5,Completed,DOCK-5,11,0
2026-04-16 16:00:00,OP012,Camille Michel,B,Afternoon,40,0,552.4,80,97.34,4,Completed,DOCK-4,0,4
2026-04-16 16:00:00,OP019,Noah Lambert,D,Afternoon,49,0,637.6,98,96.61,6,Completed,DOCK-3,2,9
2026-04-16 16:00:00,OP013,Raphael Lefebvre,C,Afternoon,59,1,769.9,59,99.3,7,Completed,DOCK-5,10,3
2026-04-16 16:00:00,OP011,Adam Simon,A,Afternoon,46,0,511.9,92,99.21,2,Completed,DOCK-3,8,8
2026-04-16 16:00:00,OP004,Chloe Thomas,D,Afternoon,54,0,521.3,162,97.63,5,Completed,DOCK-4,7,4
2026-04-16 16:00:00,OP008,Lea Durand,C,Afternoon,50,1,611.0,100,99.57,5,Completed,DOCK-8,2,7
2026-04-16 16:00:00,OP007,Nathan Petit,B,Afternoon,63,0,782.0,126,97.69,8,Completed,DOCK-7,4,2
2026-04-16 16:00:00,OP010,Sarah Laurent,E,Afternoon,61,1,651.0,61,98.18,2,Completed,DOCK-2,0,9
2026-04-16 16:00:00,OP001,Lucas Martin,A,Afternoon,52,0,509.8,156,96.61,4,Completed,DOCK-1,10,8
2026-04-16 16:00:00,OP003,Hugo Dubois,C,Afternoon,51,2,738.2,102,96.63,3,Completed,DOCK-3,2,3
2026-04-16 16:00:00,OP017,Liam Girard,B,Afternoon,43,1,546.6,86,96.44,2,Completed,DOCK-1,11,0
2026-04-16 17:00:00,OP001,Lucas Martin,A,Afternoon,55,0,722.9,165,98.47,7,Completed,DOCK-1,8,11
2026-04-16 17:00:00,OP002,Emma Bernard,B,Afternoon,56,1,726.4,56,98.97,10,Completed,DOCK-2,7,9
2026-04-16 17:00:00,OP019,Noah Lambert,D,Afternoon,49,1,682.7,147,97.49,2,Completed,DOCK-3,6,6
2026-04-16 17:00:00,OP012,Camille Michel,B,Afternoon,42,1,601.1,42,98.22,4,Completed,DOCK-4,0,0
2026-04-16 17:00:00,OP013,Raphael Lefebvre,C,Afternoon,51,0,589.2,102,98.64,5,Completed,DOCK-5,4,3
2026-04-16 17:00:00,OP010,Sarah Laurent,E,Afternoon,52,0,619.0,156,96.99,3,Completed,DOCK-2,9,10
2026-04-16 17:00:00,OP014,Ines Leroy,D,Afternoon,45,0,452.1,135,97.74,10,Completed,DOCK-6,10,10
2026-04-16 17:00:00,OP011,Adam Simon,A,Afternoon,51,0,595.2,153,97.5,1,Completed,DOCK-3,8,2
2026-04-16 17:00:00,OP016,Jade Fournier,A,Afternoon,43,1,457.6,86,97.58,2,Completed,DOCK-8,2,6
2026-04-16 18:00:00,OP006,Manon Richard,A,Afternoon,57,1,770.7,57,97.57,4,Completed,DOCK-6,10,4
2026-04-16 18:00:00,OP009,Jules Moreau,D,Afternoon,45,1,399.3,135,97.07,3,Delayed,DOCK-1,3,6
2026-04-16 18:00:00,OP014,Ines Leroy,D,Afternoon,46,0,454.2,46,99.63,2,Completed,DOCK-6,2,3
2026-04-16 18:00:00,OP004,Chloe Thomas,D,Afternoon,55,1,532.6,165,98.52,7,Completed,DOCK-4,11,5
2026-04-16 18:00:00,OP010,Sarah Laurent,E,Afternoon,54,0,736.6,162,98.88,2,Completed,DOCK-2,1,1
2026-04-16 18:00:00,OP007,Nathan Petit,B,Afternoon,50,0,723.0,100,97.73,7,Completed,DOCK-7,1,11
2026-04-16 18:00:00,OP017,Liam Girard,B,Afternoon,46,1,589.6,46,97.46,4,Completed,DOCK-1,2,9
2026-04-16 18:00:00,OP012,Camille Michel,B,Afternoon,40,2,440.2,80,96.63,2,Completed,DOCK-4,3,6
2026-04-16 18:00:00,OP005,Louis Robert,E,Afternoon,50,0,638.4,150,97.9,5,Completed,DOCK-5,4,9
2026-04-16 18:00:00,OP013,Raphael Lefebvre,C,Afternoon,60,1,711.1,60,96.67,7,Completed,DOCK-5,8,2
2026-04-16 18:00:00,OP019,Noah Lambert,D,Afternoon,22,0,234.3,22,98.38,3,Completed,DOCK-3,0,4
2026-04-16 18:00:00,OP001,Lucas Martin,A,Afternoon,40,0,436.7,120,97.46,2,Completed,DOCK-1,5,3
2026-04-16 18:00:00,OP016,Jade Fournier,A,Afternoon,61,0,883.7,183,99.45,5,Completed,DOCK-8,3,5
2026-04-16 18:00:00,OP020,Mila Faure,E,Afternoon,43,0,573.6,86,97.53,4,Completed,DOCK-4,3,11
2026-04-16 19:00:00,OP015,Tom Roux,E,Afternoon,56,1,681.3,168,98.13,6,Completed,DOCK-7,6,9
2026-04-16 19:00:00,OP014,Ines Leroy,D,Afternoon,47,0,584.7,94,96.78,2,Completed,DOCK-6,7,1
2026-04-16 19:00:00,OP004,Chloe Thomas,D,Afternoon,56,0,489.6,168,99.74,5,Completed,DOCK-4,2,10
2026-04-16 19:00:00,OP001,Lucas Martin,A,Afternoon,44,0,430.5,132,99.21,3,Completed,DOCK-1,2,3
2026-04-16 19:00:00,OP019,Noah Lambert,D,Afternoon,22,0,295.2,44,98.75,3,Completed,DOCK-3,7,6
2026-04-16 19:00:00,OP020,Mila Faure,E,Afternoon,42,0,515.5,84,96.84,3,Completed,DOCK-4,10,8
2026-04-16 19:00:00,OP003,Hugo Dubois,C,Afternoon,48,2,593.0,96,96.84,4,Completed,DOCK-3,4,3
2026-04-16 19:00:00,OP010,Sarah Laurent,E,Afternoon,55,1,506.0,165,97.45,4,Completed,DOCK-2,7,11
2026-04-16 19:00:00,OP011,Adam Simon,A,Afternoon,49,0,498.8,49,97.64,5,Completed,DOCK-3,2,0
2026-04-16 19:00:00,OP005,Louis Robert,E,Afternoon,55,0,774.5,165,98.53,5,Completed,DOCK-5,8,3
2026-04-16 19:00:00,OP016,Jade Fournier,A,Afternoon,52,0,590.7,104,98.02,1,Delayed,DOCK-8,3,8
2026-04-16 19:00:00,OP007,Nathan Petit,B,Afternoon,52,0,725.2,104,97.0,5,Completed,DOCK-7,7,9
2026-04-16 19:00:00,OP012,Camille Michel,B,Afternoon,46,3,474.6,46,98.32,5,Completed,DOCK-4,2,11
2026-04-16 20:00:00,OP011,Adam Simon,A,Afternoon,50,1,488.4,150,97.65,5,Completed,DOCK-3,8,5
2026-04-16 20:00:00,OP012,Camille Michel,B,Afternoon,40,1,559.3,40,96.74,5,Completed,DOCK-4,11,11
2026-04-16 20:00:00,OP018,Lina Bonnet,C,Afternoon,58,0,617.0,116,97.9,1,Completed,DOCK-2,4,5
2026-04-16 20:00:00,OP002,Emma Bernard,B,Afternoon,52,0,512.0,104,98.3,1,Completed,DOCK-2,10,10
2026-04-16 20:00:00,OP005,Louis Robert,E,Afternoon,48,0,500.0,96,98.18,4,Completed,DOCK-5,11,0
2026-04-16 20:00:00,OP010,Sarah Laurent,E,Afternoon,51,0,494.0,51,96.37,4,Delayed,DOCK-2,3,11
2026-04-16 20:00:00,OP001,Lucas Martin,A,Afternoon,41,1,381.5,123,97.68,2,Completed,DOCK-1,5,10
2026-04-16 20:00:00,OP020,Mila Faure,E,Afternoon,48,2,563.1,96,96.87,4,Completed,DOCK-4,7,10
2026-04-16 20:00:00,OP003,Hugo Dubois,C,Afternoon,53,0,518.2,53,97.52,5,Completed,DOCK-3,2,0
2026-04-16 20:00:00,OP014,Ines Leroy,D,Afternoon,48,0,669.6,96,97.88,6,Completed,DOCK-6,1,0
2026-04-16 20:00:00,OP015,Tom Roux,E,Afternoon,46,4,601.4,46,98.18,4,Completed,DOCK-7,1,6
2026-04-16 20:00:00,OP007,Nathan Petit,B,Afternoon,54,1,690.3,162,98.76,5,Completed,DOCK-7,1,3
2026-04-16 21:00:00,OP019,Noah Lambert,D,Afternoon,51,0,642.5,153,98.55,6,Completed,DOCK-3,1,3
2026-04-16 21:00:00,OP013,Raphael Lefebvre,C,Afternoon,54,0,770.5,108,98.08,4,Completed,DOCK-5,3,11
2026-04-16 21:00:00,OP004,Chloe Thomas,D,Afternoon,58,0,678.1,58,99.39,1,Completed,DOCK-4,0,6
2026-04-16 21:00:00,OP017,Liam Girard,B,Afternoon,45,0,553.6,45,98.63,3,Completed,DOCK-1,10,11
2026-04-16 21:00:00,OP012,Camille Michel,B,Afternoon,40,0,395.3,80,97.44,2,Completed,DOCK-4,9,2
2026-04-16 21:00:00,OP007,Nathan Petit,B,Afternoon,47,1,417.9,141,98.76,7,Completed,DOCK-7,2,8
2026-04-16 21:00:00,OP015,Tom Roux,E,Afternoon,55,1,689.4,165,99.9,1,Completed,DOCK-7,0,5
2026-04-16 21:00:00,OP002,Emma Bernard,B,Afternoon,55,0,712.3,110,98.25,4,Completed,DOCK-2,1,5
2026-04-16 21:00:00,OP020,Mila Faure,E,Afternoon,51,1,568.0,51,97.46,10,Completed,DOCK-4,4,5
2026-04-16 21:00:00,OP006,Manon Richard,A,Afternoon,41,1,403.2,41,98.12,1,Completed,DOCK-6,2,9
2026-04-16 21:00:00,OP011,Adam Simon,A,Afternoon,47,0,404.6,141,96.85,4,Completed,DOCK-3,0,1
2026-04-16 21:00:00,OP009,Jules Moreau,D,Afternoon,49,2,586.1,98,98.59,1,Completed,DOCK-1,9,11
2026-04-16 21:00:00,OP005,Louis Robert,E,Afternoon,54,0,469.0,162,99.26,3,Completed,DOCK-5,10,11
2026-04-16 22:00:00,OP006,Manon Richard,A,Night,37,0,416.1,74,97.89,5,Delayed,DOCK-6,9,9
2026-04-16 22:00:00,OP002,Emma Bernard,B,Night,41,0,463.6,41,98.03,7,Delayed,DOCK-2,6,8
2026-04-16 22:00:00,OP010,Sarah Laurent,E,Night,45,0,482.0,90,98.2,2,Completed,DOCK-2,3,3
2026-04-16 22:00:00,OP005,Louis Robert,E,Night,34,0,406.8,102,98.21,4,Completed,DOCK-5,1,6
2026-04-16 22:00:00,OP003,Hugo Dubois,C,Night,36,0,474.3,72,97.42,2,Completed,DOCK-3,2,9
2026-04-16 22:00:00,OP008,Lea Durand,C,Night,35,0,338.7,70,98.34,3,Completed,DOCK-8,10,11
2026-04-16 22:00:00,OP017,Liam Girard,B,Night,31,2,310.9,93,97.68,1,Completed,DOCK-1,3,1
2026-04-16 22:00:00,OP014,Ines Leroy,D,Night,33,0,367.3,66,96.73,3,Completed,DOCK-6,3,1
2026-04-16 22:00:00,OP004,Chloe Thomas,D,Night,48,1,423.0,96,96.97,4,Delayed,DOCK-4,7,2
2026-04-16 22:00:00,OP009,Jules Moreau,D,Night,38,1,390.2,76,96.64,5,Completed,DOCK-1,6,0
2026-04-16 22:00:00,OP020,Mila Faure,E,Night,29,0,357.0,58,96.75,2,Completed,DOCK-4,11,2
2026-04-16 22:00:00,OP011,Adam Simon,A,Night,33,0,376.2,33,98.59,3,Completed,DOCK-3,2,10
2026-04-16 22:00:00,OP012,Camille Michel,B,Night,27,0,319.3,54,96.25,4,Completed,DOCK-4,11,3
2026-04-16 22:00:00,OP015,Tom Roux,E,Night,43,2,418.9,129,98.59,4,Completed,DOCK-7,9,4
2026-04-16 22:00:00,OP018,Lina Bonnet,C,Night,39,1,430.8,39,98.53,1,Completed,DOCK-2,5,6
2026-04-16 23:00:00,OP011,Adam Simon,A,Night,37,2,375.2,74,97.01,1,Completed,DOCK-3,0,9
2026-04-16 23:00:00,OP010,Sarah Laurent,E,Night,41,0,521.5,82,97.74,5,Completed,DOCK-2,8,10
2026-04-16 23:00:00,OP019,Noah Lambert,D,Night,43,1,375.5,129,96.97,1,Completed,DOCK-3,1,10
2026-04-16 23:00:00,OP017,Liam Girard,B,Night,39,1,485.7,39,97.35,2,Completed,DOCK-1,9,7
2026-04-16 23:00:00,OP004,Chloe Thomas,D,Night,45,0,533.0,45,96.76,3,Completed,DOCK-4,0,2
2026-04-16 23:00:00,OP018,Lina Bonnet,C,Night,38,0,332.9,76,98.22,2,Completed,DOCK-2,0,9
2026-04-16 23:00:00,OP020,Mila Faure,E,Night,33,0,453.4,99,97.42,2,Delayed,DOCK-4,3,5
2026-04-16 23:00:00,OP013,Raphael Lefebvre,C,Night,40,0,505.9,120,97.97,3,Completed,DOCK-5,8,4
2026-04-16 23:00:00,OP016,Jade Fournier,A,Night,32,0,341.6,32,98.23,3,Completed,DOCK-8,8,5
2026-04-16 23:00:00,OP003,Hugo Dubois,C,Night,31,0,428.4,93,97.08,3,Completed,DOCK-3,3,11
2026-04-16 23:00:00,OP012,Camille Michel,B,Night,29,0,388.1,87,98.81,1,Completed,DOCK-4,6,2
2026-04-16 23:00:00,OP006,Manon Richard,A,Night,42,0,598.5,126,97.31,7,Completed,DOCK-6,3,11
2026-04-17 00:00:00,OP002,Emma Bernard,B,Night,39,0,527.4,78,98.48,6,Completed,DOCK-2,2,10
2026-04-17 00:00:00,OP011,Adam Simon,A,Night,38,0,538.4,114,96.96,4,Delayed,DOCK-3,6,0
2026-04-17 00:00:00,OP015,Tom Roux,E,Night,51,0,580.1,51,99.09,3,Completed,DOCK-7,2,0
2026-04-17 00:00:00,OP004,Chloe Thomas,D,Night,41,1,555.2,123,96.2,4,Completed,DOCK-4,6,9
2026-04-17 00:00:00,OP019,Noah Lambert,D,Night,34,0,363.4,102,98.22,1,Delayed,DOCK-3,9,5
2026-04-17 00:00:00,OP018,Lina Bonnet,C,Night,45,0,646.7,90,97.14,2,Completed,DOCK-2,9,1
2026-04-17 00:00:00,OP009,Jules Moreau,D,Night,42,0,514.6,84,97.53,4,Completed,DOCK-1,2,3
2026-04-17 00:00:00,OP001,Lucas Martin,A,Night,38,0,352.1,76,97.59,4,Cancelled,DOCK-1,4,1
2026-04-17 00:00:00,OP006,Manon Richard,A,Night,33,2,314.8,66,97.17,1,Completed,DOCK-6,5,10
2026-04-17 00:00:00,OP016,Jade Fournier,A,Night,38,1,340.7,114,97.66,3,Completed,DOCK-8,0,8
2026-04-17 00:00:00,OP012,Camille Michel,B,Night,36,0,362.2,108,96.72,2,Delayed,DOCK-4,10,1
2026-04-17 00:00:00,OP020,Mila Faure,E,Night,34,2,407.8,102,96.34,4,Completed,DOCK-4,11,11
2026-04-17 00:00:00,OP005,Louis Robert,E,Night,41,1,521.5,82,97.2,6,Completed,DOCK-5,7,9
2026-04-17 01:00:00,OP007,Nathan Petit,B,Night,48,0,528.8,48,98.48,3,Completed,DOCK-7,6,8
2026-04-17 01:00:00,OP006,Manon Richard,A,Night,28,0,281.0,56,98.01,1,Completed,DOCK-6,2,6
2026-04-17 01:00:00,OP005,Louis Robert,E,Night,44,1,538.7,44,99.72,2,Completed,DOCK-5,11,6
2026-04-17 01:00:00,OP004,Chloe Thomas,D,Night,42,0,453.1,84,98.77,6,Completed,DOCK-4,2,0
2026-04-17 01:00:00,OP012,Camille Michel,B,Night,34,1,405.6,102,97.72,3,Completed,DOCK-4,6,1
2026-04-17 01:00:00,OP020,Mila Faure,E,Night,47,1,625.6,141,97.28,6,Completed,DOCK-4,11,2
2026-04-17 01:00:00,OP019,Noah Lambert,D,Night,40,2,402.2,120,97.85,3,Cancelled,DOCK-3,7,8
2026-04-17 01:00:00,OP013,Raphael Lefebvre,C,Night,48,1,582.9,96,99.41,3,Completed,DOCK-5,11,3
2026-04-17 02:00:00,OP010,Sarah Laurent,E,Night,46,0,643.5,46,99.9,1,Completed,DOCK-2,4,9
2026-04-17 02:00:00,OP002,Emma Bernard,B,Night,41,0,452.4,123,99.9,4,Completed,DOCK-2,6,1
2026-04-17 02:00:00,OP020,Mila Faure,E,Night,36,0,335.9,72,97.17,4,Completed,DOCK-4,0,6
2026-04-17 02:00:00,OP018,Lina Bonnet,C,Night,41,0,512.9,123,97.9,5,Completed,DOCK-2,4,5
2026-04-17 02:00:00,OP001,Lucas Martin,A,Night,31,0,263.9,62,99.02,2,Completed,DOCK-1,9,9
2026-04-17 02:00:00,OP005,Louis Robert,E,Night,46,0,619.4,92,98.42,6,Cancelled,DOCK-5,11,8
2026-04-17 02:00:00,OP008,Lea Durand,C,Night,38,1,368.5,114,98.28,4,Completed,DOCK-8,8,10
2026-04-17 02:00:00,OP019,Noah Lambert,D,Night,30,0,375.1,60,97.34,2,Completed,DOCK-3,4,11
2026-04-17 02:00:00,OP003,Hugo Dubois,C,Night,44,0,520.2,132,98.7,3,Completed,DOCK-3,11,3
2026-04-17 02:00:00,OP012,Camille Michel,B,Night,28,1,274.0,84,98.66,2,Completed,DOCK-4,8,11
2026-04-17 02:00:00,OP004,Chloe Thomas,D,Night,45,2,539.8,90,98.93,4,Completed,DOCK-4,5,7
2026-04-17 02:00:00,OP006,Manon Richard,A,Night,32,1,439.1,32,96.68,1,Completed,DOCK-6,11,0
2026-04-17 02:00:00,OP013,Raphael Lefebvre,C,Night,40,0,478.3,40,97.17,5,Completed,DOCK-5,7,2
2026-04-17 02:00:00,OP011,Adam Simon,A,Night,43,1,457.0,86,97.82,2,Completed,DOCK-3,9,8
2026-04-17 02:00:00,OP017,Liam Girard,B,Night,30,0,378.3,30,96.92,1,Completed,DOCK-1,5,1
2026-04-17 03:00:00,OP013,Raphael Lefebvre,C,Night,36,0,414.0,108,98.04,1,Delayed,DOCK-5,7,11
2026-04-17 03:00:00,OP012,Camille Michel,B,Night,26,0,235.6,26,96.6,4,Completed,DOCK-4,3,6
2026-04-17 03:00:00,OP010,Sarah Laurent,E,Night,39,0,337.4,117,98.16,6,Completed,DOCK-2,8,3
2026-04-17 03:00:00,OP019,Noah Lambert,D,Night,33,0,451.5,99,97.67,2,Delayed,DOCK-3,0,7
2026-04-17 03:00:00,OP007,Nathan Petit,B,Night,44,2,426.2,44,97.9,10,Completed,DOCK-7,8,6
2026-04-17 03:00:00,OP008,Lea Durand,C,Night,45,0,599.0,135,98.38,3,Completed,DOCK-8,4,9
2026-04-17 03:00:00,OP014,Ines Leroy,D,Night,34,0,457.7,102,98.16,3,Completed,DOCK-6,1,8
2026-04-17 03:00:00,OP009,Jules Moreau,D,Night,37,2,404.2,37,98.93,3,Completed,DOCK-1,10,11
2026-04-17 03:00:00,OP011,Adam Simon,A,Night,34,0,411.1,34,97.44,2,Delayed,DOCK-3,6,10
2026-04-17 03:00:00,OP020,Mila Faure,E,Night,36,0,414.1,36,97.78,3,Completed,DOCK-4,11,5
2026-04-17 03:00:00,OP004,Chloe Thomas,D,Night,53,2,582.6,106,98.29,6,Completed,DOCK-4,11,11
2026-04-17 03:00:00,OP015,Tom Roux,E,Night,39,0,357.6,39,99.42,2,Completed,DOCK-7,11,11
2026-04-17 04:00:00,OP013,Raphael Lefebvre,C,Night,28,0,383.7,28,99.83,3,Completed,DOCK-5,2,9
2026-04-17 04:00:00,OP006,Manon Richard,A,Night,33,2,439.4,66,96.98,1,Completed,DOCK-6,4,3
2026-04-17 04:00:00,OP011,Adam Simon,A,Night,35,0,373.4,70,97.54,1,Delayed,DOCK-3,7,4
2026-04-17 04:00:00,OP010,Sarah Laurent,E,Night,41,0,468.1,123,98.51,2,Completed,DOCK-2,7,3
2026-04-17 04:00:00,OP019,Noah Lambert,D,Night,34,0,376.1,102,98.39,1,Completed,DOCK-3,4,11
2026-04-17 04:00:00,OP020,Mila Faure,E,Night,36,0,354.0,36,97.8,1,Completed,DOCK-4,8,8
2026-04-17 04:00:00,OP012,Camille Michel,B,Night,28,0,348.3,56,97.72,2,Completed,DOCK-4,5,7
2026-04-17 04:00:00,OP003,Hugo Dubois,C,Night,26,0,319.9,52,98.47,2,Delayed,DOCK-3,2,7
2026-04-17 04:00:00,OP007,Nathan Petit,B,Night,49,0,531.9,49,97.76,1,Completed,DOCK-7,6,11
2026-04-17 04:00:00,OP005,Louis Robert,E,Night,43,0,448.4,129,97.29,3,Delayed,DOCK-5,4,10
2026-04-17 04:00:00,OP008,Lea Durand,C,Night,41,0,399.7,123,98.85,3,Completed,DOCK-8,11,11
2026-04-17 04:00:00,OP017,Liam Girard,B,Night,38,1,401.2,114,97.99,5,Completed,DOCK-1,0,5
2026-04-17 04:00:00,OP016,Jade Fournier,A,Night,33,0,424.8,99,98.4,3,Completed,DOCK-8,7,9
2026-04-17 04:00:00,OP009,Jules Moreau,D,Night,42,0,389.1,84,97.76,1,Completed,DOCK-1,9,6
2026-04-17 04:00:00,OP015,Tom Roux,E,Night,43,0,570.0,43,96.95,2,Completed,DOCK-7,5,3
2026-04-17 05:00:00,OP019,Noah Lambert,D,Night,31,0,409.9,31,97.97,1,Completed,DOCK-3,8,7
2026-04-17 05:00:00,OP003,Hugo Dubois,C,Night,33,0,439.4,33,96.32,6,Completed,DOCK-3,1,2
2026-04-17 05:00:00,OP006,Manon Richard,A,Night,31,0,352.9,93,98.2,4,Completed,DOCK-6,9,8
2026-04-17 05:00:00,OP020,Mila Faure,E,Night,42,1,458.2,42,98.36,7,Completed,DOCK-4,2,3
2026-04-17 05:00:00,OP009,Jules Moreau,D,Night,33,0,318.7,99,96.85,3,Completed,DOCK-1,7,11
2026-04-17 05:00:00,OP007,Nathan Petit,B,Night,40,0,364.7,120,97.6,4,Completed,DOCK-7,3,10
2026-04-17 05:00:00,OP011,Adam Simon,A,Night,31,0,292.7,62,97.95,3,Completed,DOCK-3,11,10
2026-04-17 05:00:00,OP013,Raphael Lefebvre,C,Night,39,1,408.9,117,97.59,4,Completed,DOCK-5,1,2
2026-04-17 05:00:00,OP017,Liam Girard,B,Night,32,0,312.8,64,97.53,1,Completed,DOCK-1,9,3
2026-04-17 06:00:00,OP006,Manon Richard,A,Morning,64,1,645.4,192,97.38,4,Completed,DOCK-6,6,8
2026-04-17 06:00:00,OP004,Chloe Thomas,D,Morning,83,1,1069.6,249,99.24,6,Completed,DOCK-4,2,9
2026-04-17 06:00:00,OP007,Nathan Petit,B,Morning,67,0,629.8,201,98.22,6,Completed,DOCK-7,9,4
2026-04-17 06:00:00,OP009,Jules Moreau,D,Morning,60,1,534.3,120,97.39,5,Completed,DOCK-1,5,4
2026-04-17 06:00:00,OP005,Louis Robert,E,Morning,70,2,885.0,70,98.14,5,Completed,DOCK-5,3,7
2026-04-17 06:00:00,OP015,Tom Roux,E,Morning,79,0,1042.9,79,98.38,4,Completed,DOCK-7,8,10
2026-04-17 06:00:00,OP017,Liam Girard,B,Morning,66,2,871.4,66,98.41,6,Completed,DOCK-1,3,7
2026-04-17 06:00:00,OP018,Lina Bonnet,C,Morning,82,1,1039.4,246,98.04,14,Completed,DOCK-2,2,9
2026-04-17 06:00:00,OP020,Mila Faure,E,Morning,63,1,899.4,126,97.72,7,Completed,DOCK-4,7,5
2026-04-17 06:00:00,OP019,Noah Lambert,D,Morning,74,0,681.0,74,97.88,5,Completed,DOCK-3,0,0
2026-04-17 06:00:00,OP001,Lucas Martin,A,Morning,57,3,646.9,114,95.89,2,Completed,DOCK-1,4,2
2026-04-17 06:00:00,OP008,Lea Durand,C,Morning,71,1,840.9,142,97.62,7,Completed,DOCK-8,4,9
2026-04-17 06:00:00,OP010,Sarah Laurent,E,Morning,77,2,985.7,77,98.24,8,Completed,DOCK-2,1,10
2026-04-17 06:00:00,OP013,Raphael Lefebvre,C,Morning,76,0,812.6,76,98.5,7,Completed,DOCK-5,5,9
2026-04-17 06:00:00,OP011,Adam Simon,A,Morning,70,2,898.0,210,98.97,4,Completed,DOCK-3,10,4
2026-04-17 07:00:00,OP007,Nathan Petit,B,Morning,67,0,733.8,67,97.12,9,Completed,DOCK-7,11,10
2026-04-17 07:00:00,OP014,Ines Leroy,D,Morning,62,2,735.6,186,98.39,2,Completed,DOCK-6,4,0
2026-04-17 07:00:00,OP002,Emma Bernard,B,Morning,75,1,992.0,75,97.03,7,Completed,DOCK-2,2,6
2026-04-17 07:00:00,OP019,Noah Lambert,D,Morning,77,1,668.6,77,97.59,4,Completed,DOCK-3,6,3
2026-04-17 07:00:00,OP011,Adam Simon,A,Morning,62,1,684.9,186,97.86,4,Completed,DOCK-3,7,3
2026-04-17 07:00:00,OP016,Jade Fournier,A,Morning,75,2,707.4,75,96.48,11,Completed,DOCK-8,6,0
2026-04-17 07:00:00,OP001,Lucas Martin,A,Morning,61,1,694.3,183,96.61,7,Completed,DOCK-1,9,5
2026-04-17 07:00:00,OP020,Mila Faure,E,Morning,70,0,887.1,140,98.23,5,Completed,DOCK-4,6,0
2026-04-17 08:00:00,OP004,Chloe Thomas,D,Morning,79,2,726.5,79,99.32,6,Completed,DOCK-4,3,2
2026-04-17 08:00:00,OP010,Sarah Laurent,E,Morning,80,2,1005.7,240,98.93,5,Completed,DOCK-2,6,4
2026-04-17 08:00:00,OP011,Adam Simon,A,Morning,70,2,1014.0,70,99.43,4,Completed,DOCK-3,8,11
2026-04-17 08:00:00,OP007,Nathan Petit,B,Morning,72,1,682.2,72,97.44,4,Completed,DOCK-7,3,2
2026-04-17 08:00:00,OP014,Ines Leroy,D,Morning,59,2,636.3,177,96.95,1,Completed,DOCK-6,1,10
2026-04-17 08:00:00,OP006,Manon Richard,A,Morning,80,2,757.8,240,95.73,8,Completed,DOCK-6,7,9
2026-04-17 08:00:00,OP001,Lucas Martin,A,Morning,64,1,868.0,128,97.16,5,Completed,DOCK-1,2,11
2026-04-17 08:00:00,OP013,Raphael Lefebvre,C,Morning,72,3,934.3,216,98.21,6,Completed,DOCK-5,7,3
2026-04-17 08:00:00,OP012,Camille Michel,B,Morning,65,1,884.1,130,96.85,9,Completed,DOCK-4,1,2
2026-04-17 08:00:00,OP018,Lina Bonnet,C,Morning,80,2,1135.9,80,96.99,6,Completed,DOCK-2,11,4
2026-04-17 08:00:00,OP005,Louis Robert,E,Morning,69,1,620.6,69,97.85,5,Completed,DOCK-5,1,10
2026-04-17 08:00:00,OP015,Tom Roux,E,Morning,77,0,1013.3,77,97.31,6,Completed,DOCK-7,1,10
2026-04-17 08:00:00,OP019,Noah Lambert,D,Morning,54,0,657.6,108,98.32,5,Completed,DOCK-3,7,10
2026-04-17 08:00:00,OP002,Emma Bernard,B,Morning,77,1,921.1,77,98.67,5,Completed,DOCK-2,4,2
2026-04-17 08:00:00,OP003,Hugo Dubois,C,Morning,73,1,893.8,146,96.69,8,Completed,DOCK-3,4,11
2026-04-17 09:00:00,OP001,Lucas Martin,A,Morning,50,1,466.4,50,97.07,6,Completed,DOCK-1,10,3
2026-04-17 09:00:00,OP006,Manon Richard,A,Morning,60,2,785.4,60,97.92,5,Cancelled,DOCK-6,0,2
2026-04-17 09:00:00,OP016,Jade Fournier,A,Morning,79,0,891.7,158,98.99,6,Completed,DOCK-8,5,4
2026-04-17 09:00:00,OP002,Emma Bernard,B,Morning,65,0,648.7,130,97.3,6,Completed,DOCK-2,11,4
2026-04-17 09:00:00,OP014,Ines Leroy,D,Morning,65,0,841.6,195,97.48,11,Completed,DOCK-6,10,7
2026-04-17 09:00:00,OP009,Jules Moreau,D,Morning,71,0,689.3,213,98.18,3,Completed,DOCK-1,7,10
2026-04-17 09:00:00,OP019,Noah Lambert,D,Morning,73,1,853.8,73,98.14,5,Completed,DOCK-3,2,1
2026-04-17 09:00:00,OP015,Tom Roux,E,Morning,72,1,938.0,144,99.53,14,Completed,DOCK-7,1,1
2026-04-17 09:00:00,OP012,Camille Michel,B,Morning,56,0,804.3,112,98.73,6,Completed,DOCK-4,2,1
2026-04-17 09:00:00,OP010,Sarah Laurent,E,Morning,73,1,698.3,73,97.62,7,Delayed,DOCK-2,6,3
2026-04-17 10:00:00,OP005,Louis Robert,E,Morning,65,1,755.9,130,97.7,3,Completed,DOCK-5,8,5
2026-04-17 10:00:00,OP001,Lucas Martin,A,Morning,64,0,895.9,128,97.63,2,Completed,DOCK-1,1,6
2026-04-17 10:00:00,OP004,Chloe Thomas,D,Morning,79,1,954.8,237,98.53,7,Completed,DOCK-4,0,0
2026-04-17 10:00:00,OP003,Hugo Dubois,C,Morning,62,2,624.6,124,97.99,7,Cancelled,DOCK-3,6,10
2026-04-17 10:00:00,OP017,Liam Girard,B,Morning,67,0,823.7,67,96.94,5,Completed,DOCK-1,5,1
2026-04-17 10:00:00,OP009,Jules Moreau,D,Morning,73,1,699.9,146,98.38,6,Delayed,DOCK-1,5,6
2026-04-17 10:00:00,OP007,Nathan Petit,B,Morning,73,3,781.0,146,97.63,4,Completed,DOCK-7,11,1
2026-04-17 10:00:00,OP020,Mila Faure,E,Morning,60,1,532.9,180,98.75,7,Delayed,DOCK-4,2,3
2026-04-17 11:00:00,OP020,Mila Faure,E,Morning,58,0,654.8,58,97.47,2,Cancelled,DOCK-4,5,0
2026-04-17 11:00:00,OP015,Tom Roux,E,Morning,67,0,698.8,201,98.24,4,Completed,DOCK-7,2,1
2026-04-17 11:00:00,OP006,Manon Richard,A,Morning,63,0,861.9,189,97.15,5,Completed,DOCK-6,5,0
2026-04-17 11:00:00,OP003,Hugo Dubois,C,Morning,61,0,536.1,183,97.12,5,Completed,DOCK-3,3,11
2026-04-17 11:00:00,OP011,Adam Simon,A,Morning,70,2,712.1,70,97.21,6,Completed,DOCK-3,11,3
2026-04-17 11:00:00,OP010,Sarah Laurent,E,Morning,80,0,747.6,80,98.34,5,Completed,DOCK-2,8,0
2026-04-17 11:00:00,OP009,Jules Moreau,D,Morning,55,2,470.1,55,98.54,5,Completed,DOCK-1,8,8
2026-04-17 11:00:00,OP001,Lucas Martin,A,Morning,61,0,882.1,183,97.85,2,Completed,DOCK-1,4,7
2026-04-17 11:00:00,OP014,Ines Leroy,D,Morning,69,1,745.4,69,97.38,9,Completed,DOCK-6,6,7
2026-04-17 11:00:00,OP016,Jade Fournier,A,Morning,59,0,588.1,118,97.99,3,Completed,DOCK-8,11,3
2026-04-17 11:00:00,OP008,Lea Durand,C,Morning,65,1,585.7,195,96.68,4,Completed,DOCK-8,4,9
2026-04-17 11:00:00,OP017,Liam Girard,B,Morning,61,0,794.9,61,97.42,6,Completed,DOCK-1,2,3
2026-04-17 12:00:00,OP004,Chloe Thomas,D,Morning,82,1,801.4,246,98.9,6,Completed,DOCK-4,4,8
2026-04-17 12:00:00,OP015,Tom Roux,E,Morning,77,0,743.0,77,96.83,2,Completed,DOCK-7,3,0
2026-04-17 12:00:00,OP008,Lea Durand,C,Morning,70,0,925.2,70,97.55,7,Completed,DOCK-8,11,2
2026-04-17 12:00:00,OP003,Hugo Dubois,C,Morning,62,0,536.9,62,97.82,7,Delayed,DOCK-3,5,5
2026-04-17 12:00:00,OP018,Lina Bonnet,C,Morning,81,1,1074.5,81,99.21,3,Completed,DOCK-2,2,0
2026-04-17 12:00:00,OP010,Sarah Laurent,E,Morning,58,0,529.8,116,98.83,5,Delayed,DOCK-2,1,8
2026-04-17 12:00:00,OP007,Nathan Petit,B,Morning,76,2,778.9,76,98.6,7,Completed,DOCK-7,3,7
2026-04-17 12:00:00,OP020,Mila Faure,E,Morning,66,0,903.9,66,97.31,4,Completed,DOCK-4,8,4
2026-04-17 12:00:00,OP019,Noah Lambert,D,Morning,75,1,1038.1,75,98.92,5,Completed,DOCK-3,3,6
2026-04-17 12:00:00,OP005,Louis Robert,E,Morning,72,0,1031.8,144,98.4,3,Completed,DOCK-5,4,5
2026-04-17 12:00:00,OP012,Camille Michel,B,Morning,61,1,520.1,61,98.68,6,Completed,DOCK-4,2,5
2026-04-17 12:00:00,OP002,Emma Bernard,B,Morning,68,1,903.1,136,98.92,8,Completed,DOCK-2,10,10
2026-04-17 12:00:00,OP006,Manon Richard,A,Morning,71,1,915.0,71,96.9,5,Completed,DOCK-6,2,7
2026-04-17 13:00:00,OP015,Tom Roux,E,Morning,70,0,792.9,210,98.85,2,Completed,DOCK-7,7,3
2026-04-17 13:00:00,OP005,Louis Robert,E,Morning,63,0,656.0,126,96.62,2,Delayed,DOCK-5,10,1
2026-04-17 13:00:00,OP008,Lea Durand,C,Morning,67,1,801.4,67,97.99,8,Completed,DOCK-8,4,7
2026-04-17 13:00:00,OP011,Adam Simon,A,Morning,69,3,931.0,138,97.28,5,Completed,DOCK-3,11,5
2026-04-17 13:00:00,OP007,Nathan Petit,B,Morning,63,1,853.2,63,98.32,1,Cancelled,DOCK-7,1,4
2026-04-17 13:00:00,OP019,Noah Lambert,D,Morning,68,2,686.3,136,98.46,4,Delayed,DOCK-3,8,2
2026-04-17 13:00:00,OP010,Sarah Laurent,E,Morning,65,0,698.1,130,96.73,3,Completed,DOCK-2,5,4
2026-04-17 13:00:00,OP002,Emma Bernard,B,Morning,20,0,258.3,60,98.08,1,Completed,DOCK-2,4,9
2026-04-17 13:00:00,OP014,Ines Leroy,D,Morning,64,3,795.8,64,97.39,5,Completed,DOCK-6,6,7
2026-04-17 13:00:00,OP004,Chloe Thomas,D,Morning,72,1,686.7,216,98.47,9,Delayed,DOCK-4,1,2
2026-04-17 13:00:00,OP020,Mila Faure,E,Morning,62,0,639.4,62,98.17,3,Completed,DOCK-4,0,7
2026-04-17 13:00:00,OP012,Camille Michel,B,Morning,57,1,794.8,114,97.41,5,Completed,DOCK-4,3,11
2026-04-17 13:00:00,OP016,Jade Fournier,A,Morning,59,1,514.3,177,98.17,9,Completed,DOCK-8,11,4
2026-04-17 13:00:00,OP001,Lucas Martin,A,Morning,56,0,765.2,112,97.79,5,Completed,DOCK-1,3,1
2026-04-17 14:00:00,OP018,Lina Bonnet,C,Afternoon,59,0,701.5,59,97.3,2,Completed,DOCK-2,0,8
2026-04-17 14:00:00,OP014,Ines Leroy,D,Afternoon,65,1,860.8,130,98.45,4,Delayed,DOCK-6,3,10
2026-04-17 14:00:00,OP009,Jules Moreau,D,Afternoon,54,2,506.5,162,97.64,4,Completed,DOCK-1,6,8
2026-04-17 14:00:00,OP011,Adam Simon,A,Afternoon,57,1,783.1,57,98.86,1,Completed,DOCK-3,7,8
2026-04-17 14:00:00,OP008,Lea Durand,C,Afternoon,62,0,608.6,124,98.51,3,Delayed,DOCK-8,4,1
2026-04-17 14:00:00,OP019,Noah Lambert,D,Afternoon,57,1,599.0,114,97.85,5,Completed,DOCK-3,4,0
2026-04-17 14:00:00,OP013,Raphael Lefebvre,C,Afternoon,65,1,868.0,195,97.95,6,Completed,DOCK-5,7,9
2026-04-17 14:00:00,OP012,Camille Michel,B,Afternoon,58,0,602.1,116,98.29,6,Completed,DOCK-4,9,2
2026-04-17 14:00:00,OP007,Nathan Petit,B,Afternoon,61,0,656.1,61,97.88,4,Completed,DOCK-7,1,5
2026-04-17 14:00:00,OP003,Hugo Dubois,C,Afternoon,58,1,570.7,174,96.54,3,Completed,DOCK-3,8,1
2026-04-17 14:00:00,OP001,Lucas Martin,A,Afternoon,53,3,664.0,106,96.29,6,Completed,DOCK-1,2,3
2026-04-17 14:00:00,OP017,Liam Girard,B,Afternoon,53,2,561.1,159,98.07,7,Completed,DOCK-1,0,5
2026-04-17 14:00:00,OP002,Emma Bernard,B,Afternoon,20,0,249.6,60,98.5,2,Completed,DOCK-2,8,1
2026-04-17 15:00:00,OP020,Mila Faure,E,Afternoon,63,2,635.3,126,96.98,9,Completed,DOCK-4,5,6
2026-04-17 15:00:00,OP005,Louis Robert,E,Afternoon,50,0,667.2,100,98.19,3,Completed,DOCK-5,4,2
2026-04-17 15:00:00,OP018,Lina Bonnet,C,Afternoon,56,1,606.3,56,98.94,1,Completed,DOCK-2,10,7
2026-04-17 15:00:00,OP012,Camille Michel,B,Afternoon,65,3,673.4,195,96.78,5,Completed,DOCK-4,0,6
2026-04-17 15:00:00,OP009,Jules Moreau,D,Afternoon,45,1,500.0,45,98.67,2,Completed,DOCK-1,0,2
2026-04-17 15:00:00,OP002,Emma Bernard,B,Afternoon,50,1,594.6,100,98.26,1,Completed,DOCK-2,3,5
2026-04-17 15:00:00,OP003,Hugo Dubois,C,Afternoon,55,1,719.4,110,97.36,4,Delayed,DOCK-3,7,6
2026-04-17 15:00:00,OP001,Lucas Martin,A,Afternoon,45,1,454.6,135,97.63,1,Completed,DOCK-1,8,6
2026-04-17 15:00:00,OP010,Sarah Laurent,E,Afternoon,58,2,657.1,174,98.08,4,Completed,DOCK-2,1,5
2026-04-17 15:00:00,OP015,Tom Roux,E,Afternoon,57,1,630.1,114,97.44,1,Completed,DOCK-7,7,3
2026-04-17 15:00:00,OP006,Manon Richard,A,Afternoon,57,1,635.2,57,97.99,6,Completed,DOCK-6,0,1
2026-04-17 15:00:00,OP016,Jade Fournier,A,Afternoon,68,0,984.5,68,97.47,7,Completed,DOCK-8,2,11
2026-04-17 16:00:00,OP005,Louis Robert,E,Afternoon,59,0,641.7,177,98.1,4,Completed,DOCK-5,1,4
2026-04-17 16:00:00,OP018,Lina Bonnet,C,Afternoon,60,0,601.9,180,97.01,5,Completed,DOCK-2,2,10
2026-04-17 16:00:00,OP019,Noah Lambert,D,Afternoon,62,0,823.0,186,97.63,3,Cancelled,DOCK-3,2,7
2026-04-17 16:00:00,OP010,Sarah Laurent,E,Afternoon,60,0,852.0,120,97.95,6,Completed,DOCK-2,5,9
2026-04-17 16:00:00,OP003,Hugo Dubois,C,Afternoon,56,1,672.1,112,98.18,2,Completed,DOCK-3,2,1
2026-04-17 16:00:00,OP001,Lucas Martin,A,Afternoon,47,2,447.9,141,97.38,4,Completed,DOCK-1,0,3
2026-04-17 16:00:00,OP009,Jules Moreau,D,Afternoon,47,2,583.5,141,98.72,3,Completed,DOCK-1,2,1
2026-04-17 16:00:00,OP014,Ines Leroy,D,Afternoon,58,1,762.9,58,98.31,6,Completed,DOCK-6,6,1
2026-04-17 17:00:00,OP006,Manon Richard,A,Afternoon,52,1,501.9,104,97.73,5,Completed,DOCK-6,7,5
2026-04-17 17:00:00,OP004,Chloe Thomas,D,Afternoon,55,1,627.9,165,98.62,4,Completed,DOCK-4,5,7
2026-04-17 17:00:00,OP001,Lucas Martin,A,Afternoon,53,1,644.1,106,96.48,2,Completed,DOCK-1,5,7
2026-04-17 17:00:00,OP020,Mila Faure,E,Afternoon,51,1,572.7,153,97.25,6,Completed,DOCK-4,2,5
2026-04-17 17:00:00,OP016,Jade Fournier,A,Afternoon,53,2,694.7,106,97.1,4,Completed,DOCK-8,2,8
2026-04-17 17:00:00,OP002,Emma Bernard,B,Afternoon,57,1,716.2,114,98.83,3,Completed,DOCK-2,9,9
2026-04-17 17:00:00,OP015,Tom Roux,E,Afternoon,59,0,715.6,118,97.75,4,Completed,DOCK-7,10,6
2026-04-17 17:00:00,OP003,Hugo Dubois,C,Afternoon,55,3,677.7,55,96.58,6,Completed,DOCK-3,3,10
2026-04-17 17:00:00,OP012,Camille Michel,B,Afternoon,46,1,516.9,46,98.55,4,Completed,DOCK-4,6,3
2026-04-17 17:00:00,OP008,Lea Durand,C,Afternoon,52,0,474.0,156,97.19,6,Completed,DOCK-8,2,8
2026-04-17 17:00:00,OP019,Noah Lambert,D,Afternoon,52,1,706.7,104,97.23,7,Completed,DOCK-3,0,9
2026-04-17 17:00:00,OP005,Louis Robert,E,Afternoon,55,0,794.2,110,98.14,5,Completed,DOCK-5,6,10
2026-04-17 18:00:00,OP013,Raphael Lefebvre,C,Afternoon,53,0,639.6,159,98.6,4,Delayed,DOCK-5,7,4
2026-04-17 18:00:00,OP014,Ines Leroy,D,Afternoon,50,2,480.6,150,96.58,5,Completed,DOCK-6,8,2
2026-04-17 18:00:00,OP015,Tom Roux,E,Afternoon,68,2,751.3,136,98.2,5,Completed,DOCK-7,8,5
2026-04-17 18:00:00,OP010,Sarah Laurent,E,Afternoon,60,0,640.1,180,98.58,4,Completed,DOCK-2,4,11
2026-04-17 18:00:00,OP009,Jules Moreau,D,Afternoon,47,0,677.7,47,99.01,5,Completed,DOCK-1,11,11
2026-04-17 18:00:00,OP008,Lea Durand,C,Afternoon,62,1,578.0,62,97.45,7,Delayed,DOCK-8,0,4
2026-04-17 18:00:00,OP016,Jade Fournier,A,Afternoon,51,0,612.7,51,97.64,7,Completed,DOCK-8,11,11
2026-04-17 18:00:00,OP005,Louis Robert,E,Afternoon,49,0,623.1,98,98.73,5,Completed,DOCK-5,1,7
2026-04-17 18:00:00,OP020,Mila Faure,E,Afternoon,55,2,543.3,55,99.9,2,Completed,DOCK-4,6,8
2026-04-17 18:00:00,OP019,Noah Lambert,D,Afternoon,53,1,670.1,106,97.64,3,Completed,DOCK-3,2,8
2026-04-17 18:00:00,OP007,Nathan Petit,B,Afternoon,67,1,956.3,201,97.64,2,Completed,DOCK-7,6,3
2026-04-17 18:00:00,OP004,Chloe Thomas,D,Afternoon,61,0,594.6,122,98.14,1,Completed,DOCK-4,6,9
2026-04-17 18:00:00,OP006,Manon Richard,A,Afternoon,59,0,791.1,177,97.66,6,Completed,DOCK-6,10,9
2026-04-17 18:00:00,OP003,Hugo Dubois,C,Afternoon,50,0,528.5,50,97.17,5,Delayed,DOCK-3,8,8
2026-04-17 18:00:00,OP011,Adam Simon,A,Afternoon,50,1,576.9,150,98.27,7,Completed,DOCK-3,6,4
2026-04-17 19:00:00,OP016,Jade Fournier,A,Afternoon,52,0,489.1,104,97.98,4,Completed,DOCK-8,6,7
2026-04-17 19:00:00,OP009,Jules Moreau,D,Afternoon,48,0,482.3,144,98.03,3,Completed,DOCK-1,7,7
2026-04-17 19:00:00,OP013,Raphael Lefebvre,C,Afternoon,57,2,710.1,57,97.0,9,Completed,DOCK-5,11,0
2026-04-17 19:00:00,OP001,Lucas Martin,A,Afternoon,57,3,674.3,171,96.79,6,Completed,DOCK-1,6,11
2026-04-17 19:00:00,OP017,Liam Girard,B,Afternoon,56,0,661.2,56,98.18,4,Completed,DOCK-1,10,10
2026-04-17 19:00:00,OP019,Noah Lambert,D,Afternoon,53,0,685.5,159,98.9,3,Completed,DOCK-3,1,2
2026-04-17 19:00:00,OP004,Chloe Thomas,D,Afternoon,55,0,671.1,165,98.42,5,Completed,DOCK-4,9,7
2026-04-17 19:00:00,OP003,Hugo Dubois,C,Afternoon,50,2,715.6,150,96.76,5,Completed,DOCK-3,9,8
2026-04-17 19:00:00,OP011,Adam Simon,A,Afternoon,57,3,679.8,171,98.36,6,Completed,DOCK-3,6,6
2026-04-17 19:00:00,OP012,Camille Michel,B,Afternoon,51,1,720.1,51,97.57,8,Delayed,DOCK-4,3,3
2026-04-17 19:00:00,OP005,Louis Robert,E,Afternoon,43,0,523.1,86,98.15,3,Completed,DOCK-5,9,2
2026-04-17 19:00:00,OP020,Mila Faure,E,Afternoon,48,0,507.4,48,97.87,3,Completed,DOCK-4,10,4
2026-04-17 19:00:00,OP018,Lina Bonnet,C,Afternoon,23,0,220.5,46,97.27,2,Delayed,DOCK-2,10,2
2026-04-17 20:00:00,OP005,Louis Robert,E,Afternoon,54,0,774.9,54,97.79,6,Completed,DOCK-5,1,0
2026-04-17 20:00:00,OP001,Lucas Martin,A,Afternoon,43,4,554.3,129,97.22,5,Completed,DOCK-1,11,9
2026-04-17 20:00:00,OP010,Sarah Laurent,E,Afternoon,60,1,566.4,180,99.43,4,Completed,DOCK-2,5,2
2026-04-17 20:00:00,OP007,Nathan Petit,B,Afternoon,64,0,692.1,128,98.11,4,Completed,DOCK-7,0,5
2026-04-17 20:00:00,OP006,Manon Richard,A,Afternoon,51,2,601.9,51,99.4,4,Completed,DOCK-6,8,11
2026-04-17 20:00:00,OP013,Raphael Lefebvre,C,Afternoon,54,2,742.9,54,97.54,3,Delayed,DOCK-5,6,9
2026-04-17 20:00:00,OP012,Camille Michel,B,Afternoon,53,0,731.5,53,97.3,5,Completed,DOCK-4,8,9
2026-04-17 20:00:00,OP020,Mila Faure,E,Afternoon,53,1,522.8,159,97.42,5,Completed,DOCK-4,6,4
2026-04-17 20:00:00,OP015,Tom Roux,E,Afternoon,63,0,785.3,63,98.47,2,Completed,DOCK-7,7,2
2026-04-17 20:00:00,OP002,Emma Bernard,B,Afternoon,55,1,508.2,165,99.27,3,Completed,DOCK-2,0,9
2026-04-17 21:00:00,OP013,Raphael Lefebvre,C,Afternoon,56,0,734.3,112,98.01,2,Completed,DOCK-5,4,1
2026-04-17 21:00:00,OP002,Emma Bernard,B,Afternoon,46,0,561.1,92,97.97,2,Completed,DOCK-2,4,10
2026-04-17 21:00:00,OP015,Tom Roux,E,Afternoon,50,0,662.8,150,98.39,5,Completed,DOCK-7,0,6
2026-04-17 21:00:00,OP011,Adam Simon,A,Afternoon,47,1,610.2,47,97.37,4,Completed,DOCK-3,0,9
2026-04-17 21:00:00,OP004,Chloe Thomas,D,Afternoon,60,0,620.3,180,99.29,6,Completed,DOCK-4,1,3
2026-04-17 21:00:00,OP012,Camille Michel,B,Afternoon,45,0,468.7,135,97.93,2,Completed,DOCK-4,9,1
2026-04-17 21:00:00,OP020,Mila Faure,E,Afternoon,47,1,647.2,94,97.9,1,Completed,DOCK-4,6,7
2026-04-17 21:00:00,OP017,Liam Girard,B,Afternoon,53,0,514.1,106,98.13,1,Completed,DOCK-1,0,5
2026-04-17 22:00:00,OP013,Raphael Lefebvre,C,Night,39,0,346.8,39,98.37,3,Completed,DOCK-5,5,5
2026-04-17 22:00:00,OP003,Hugo Dubois,C,Night,35,0,481.3,105,98.01,2,Completed,DOCK-3,5,2
2026-04-17 22:00:00,OP019,Noah Lambert,D,Night,36,1,315.6,36,97.23,5,Completed,DOCK-3,1,2
2026-04-17 22:00:00,OP007,Nathan Petit,B,Night,53,1,519.7,106,98.69,5,Completed,DOCK-7,7,3
2026-04-17 22:00:00,OP015,Tom Roux,E,Night,45,0,393.4,135,98.35,4,Completed,DOCK-7,10,9
2026-04-17 22:00:00,OP017,Liam Girard,B,Night,41,2,423.8,82,98.23,4,Completed,DOCK-1,7,9
2026-04-17 22:00:00,OP002,Emma Bernard,B,Night,49,0,519.0,49,98.77,3,Delayed,DOCK-2,0,7
2026-04-17 22:00:00,OP018,Lina Bonnet,C,Night,44,0,440.4,44,97.64,2,Completed,DOCK-2,1,9
2026-04-17 22:00:00,OP011,Adam Simon,A,Night,37,1,465.4,111,99.25,5,Completed,DOCK-3,11,7
2026-04-17 22:00:00,OP008,Lea Durand,C,Night,38,1,407.9,38,96.88,1,Completed,DOCK-8,6,2
2026-04-17 22:00:00,OP014,Ines Leroy,D,Night,40,1,524.5,80,97.95,5,Completed,DOCK-6,4,8
2026-04-17 22:00:00,OP016,Jade Fournier,A,Night,44,0,462.9,132,97.48,4,Completed,DOCK-8,4,3
2026-04-17 22:00:00,OP020,Mila Faure,E,Night,34,1,341.2,68,97.23,3,Completed,DOCK-4,8,4
2026-04-17 22:00:00,OP010,Sarah Laurent,E,Night,37,0,331.0,111,98.28,1,Completed,DOCK-2,10,1
2026-04-17 23:00:00,OP004,Chloe Thomas,D,Night,53,2,524.7,106,99.9,1,Completed,DOCK-4,11,2
2026-04-17 23:00:00,OP020,Mila Faure,E,Night,33,0,442.0,33,97.73,2,Completed,DOCK-4,3,0
2026-04-17 23:00:00,OP017,Liam Girard,B,Night,38,0,518.4,114,96.92,3,Completed,DOCK-1,9,9
2026-04-17 23:00:00,OP013,Raphael Lefebvre,C,Night,35,0,300.8,70,97.92,3,Completed,DOCK-5,11,9
2026-04-17 23:00:00,OP009,Jules Moreau,D,Night,33,0,281.2,99,97.44,3,Completed,DOCK-1,8,4
2026-04-17 23:00:00,OP001,Lucas Martin,A,Night,31,1,406.9,93,98.53,1,Completed,DOCK-1,9,8
2026-04-17 23:00:00,OP011,Adam Simon,A,Night,31,0,356.3,62,98.46,2,Completed,DOCK-3,1,8
2026-04-17 23:00:00,OP002,Emma Bernard,B,Night,41,0,405.1,82,98.42,2,Delayed,DOCK-2,6,0
2026-04-18 00:00:00,OP009,Jules Moreau,D,Night,39,1,412.3,39,96.76,3,Cancelled,DOCK-1,1,3
2026-04-18 00:00:00,OP006,Manon Richard,A,Night,40,1,543.7,120,97.26,2,Completed,DOCK-6,8,5
2026-04-18 00:00:00,OP019,Noah Lambert,D,Night,40,0,482.4,40,95.89,3,Completed,DOCK-3,9,10
2026-04-18 00:00:00,OP020,Mila Faure,E,Night,32,0,367.0,32,97.82,5,Completed,DOCK-4,9,2
2026-04-18 00:00:00,OP017,Liam Girard,B,Night,32,0,445.0,96,97.49,2,Completed,DOCK-1,8,9
2026-04-18 00:00:00,OP008,Lea Durand,C,Night,39,0,392.9,39,96.69,1,Completed,DOCK-8,0,4
2026-04-18 00:00:00,OP007,Nathan Petit,B,Night,34,0,305.1,34,98.62,3,Completed,DOCK-7,6,10
2026-04-18 00:00:00,OP003,Hugo Dubois,C,Night,29,0,347.9,58,99.04,3,Completed,DOCK-3,2,6
2026-04-18 00:00:00,OP016,Jade Fournier,A,Night,41,0,430.8,82,98.19,5,Completed,DOCK-8,7,9
2026-04-18 00:00:00,OP013,Raphael Lefebvre,C,Night,37,0,463.1,111,98.07,2,Completed,DOCK-5,4,3
2026-04-18 00:00:00,OP012,Camille Michel,B,Night,34,0,363.3,102,97.15,5,Completed,DOCK-4,4,4
2026-04-18 00:00:00,OP018,Lina Bonnet,C,Night,35,0,339.5,70,98.53,6,Completed,DOCK-2,9,2
2026-04-18 00:00:00,OP005,Louis Robert,E,Night,35,0,387.1,35,98.71,3,Completed,DOCK-5,6,7
2026-04-18 00:00:00,OP014,Ines Leroy,D,Night,35,1,405.4,35,97.65,7,Completed,DOCK-6,2,2
2026-04-18 01:00:00,OP012,Camille Michel,B,Night,32,0,416.9,96,97.51,2,Completed,DOCK-4,10,7
2026-04-18 01:00:00,OP020,Mila Faure,E,Night,25,1,266.7,25,96.94,2,Completed,DOCK-4,8,2
2026-04-18 01:00:00,OP011,Adam Simon,A,Night,31,0,321.2,93,98.02,2,Completed,DOCK-3,5,8
2026-04-18 01:00:00,OP015,Tom Roux,E,Night,42,2,444.3,42,99.2,2,Completed,DOCK-7,3,1
2026-04-18 01:00:00,OP013,Raphael Lefebvre,C,Night,35,0,392.8,35,98.62,3,Cancelled,DOCK-5,6,1
2026-04-18 01:00:00,OP008,Lea Durand,C,Night,30,0,255.3,90,98.63,1,Completed,DOCK-8,4,11
2026-04-18 01:00:00,OP018,Lina Bonnet,C,Night,36,0,307.8,72,98.37,2,Completed,DOCK-2,11,7
2026-04-18 01:00:00,OP009,Jules Moreau,D,Night,27,0,337.9,81,98.55,1,Completed,DOCK-1,8,5
2026-04-18 01:00:00,OP005,Louis Robert,E,Night,41,1,506.9,41,98.67,6,Completed,DOCK-5,2,8
2026-04-18 01:00:00,OP004,Chloe Thomas,D,Night,41,1,530.6,123,98.86,6,Delayed,DOCK-4,1,11
2026-04-18 02:00:00,OP018,Lina Bonnet,C,Night,32,0,388.9,64,98.27,3,Completed,DOCK-2,8,8
2026-04-18 02:00:00,OP019,Noah Lambert,D,Night,36,0,309.4,72,98.17,5,Completed,DOCK-3,2,2
2026-04-18 02:00:00,OP001,Lucas Martin,A,Night,25,0,250.2,25,97.95,1,Completed,DOCK-1,4,4
2026-04-18 02:00:00,OP017,Liam Girard,B,Night,25,0,355.3,50,99.9,2,Completed,DOCK-1,10,2
2026-04-18 02:00:00,OP004,Chloe Thomas,D,Night,36,1,433.9,72,98.93,3,Completed,DOCK-4,1,0
2026-04-18 02:00:00,OP002,Emma Bernard,B,Night,29,0,320.2,58,97.32,1,Completed,DOCK-2,2,7
2026-04-18 02:00:00,OP012,Camille Michel,B,Night,25,0,303.5,25,98.53,5,Cancelled,DOCK-4,10,6
2026-04-18 02:00:00,OP003,Hugo Dubois,C,Night,25,0,322.3,50,97.86,1,Completed,DOCK-3,5,8
2026-04-18 02:00:00,OP009,Jules Moreau,D,Night,34,0,411.2,68,97.33,1,Completed,DOCK-1,9,10
2026-04-18 03:00:00,OP017,Liam Girard,B,Night,29,0,290.6,58,97.29,2,Completed,DOCK-1,1,8
2026-04-18 03:00:00,OP004,Chloe Thomas,D,Night,41,1,411.7,123,97.23,3,Completed,DOCK-4,4,9
2026-04-18 03:00:00,OP007,Nathan Petit,B,Night,34,0,337.9,68,97.98,2,Completed,DOCK-7,2,6
2026-04-18 03:00:00,OP005,Louis Robert,E,Night,38,0,341.9,76,97.97,3,Completed,DOCK-5,4,2
2026-04-18 03:00:00,OP010,Sarah Laurent,E,Night,35,0,392.3,35,98.79,1,Completed,DOCK-2,2,7
2026-04-18 03:00:00,OP003,Hugo Dubois,C,Night,34,0,310.2,34,97.25,1,Completed,DOCK-3,7,10
2026-04-18 03:00:00,OP018,Lina Bonnet,C,Night,28,0,297.4,84,97.81,1,Completed,DOCK-2,0,4
2026-04-18 03:00:00,OP009,Jules Moreau,D,Night,30,0,317.0,60,97.83,3,Completed,DOCK-1,9,10
2026-04-18 03:00:00,OP011,Adam Simon,A,Night,31,0,397.9,93,98.8,2,Completed,DOCK-3,6,1
2026-04-18 03:00:00,OP013,Raphael Lefebvre,C,Night,28,0,328.6,84,97.53,1,Completed,DOCK-5,2,5
2026-04-18 03:00:00,OP001,Lucas Martin,A,Night,39,2,468.3,117,97.8,2,Completed,DOCK-1,2,6
2026-04-18 03:00:00,OP016,Jade Fournier,A,Night,33,0,469.7,99,97.6,1,Completed,DOCK-8,5,0
2026-04-18 04:00:00,OP013,Raphael Lefebvre,C,Night,31,0,412.4,31,98.35,5,Delayed,DOCK-5,10,0
2026-04-18 04:00:00,OP009,Jules Moreau,D,Night,30,1,283.4,60,97.43,4,Completed,DOCK-1,4,5
2026-04-18 04:00:00,OP005,Louis Robert,E,Night,33,0,414.9,99,97.84,3,Completed,DOCK-5,1,6
2026-04-18 04:00:00,OP003,Hugo Dubois,C,Night,29,0,352.4,58,97.62,1,Completed,DOCK-3,0,0
2026-04-18 04:00:00,OP011,Adam Simon,A,Night,35,0,451.7,35,97.84,3,Completed,DOCK-3,2,7
2026-04-18 04:00:00,OP014,Ines Leroy,D,Night,31,1,449.1,62,99.0,2,Delayed,DOCK-6,0,6
2026-04-18 04:00:00,OP019,Noah Lambert,D,Night,31,0,385.2,31,97.79,1,Completed,DOCK-3,3,1
2026-04-18 04:00:00,OP006,Manon Richard,A,Night,42,0,455.8,84,97.92,3,Completed,DOCK-6,5,11
2026-04-18 04:00:00,OP016,Jade Fournier,A,Night,32,0,292.0,32,99.31,2,Completed,DOCK-8,10,11
2026-04-18 04:00:00,OP015,Tom Roux,E,Night,30,0,269.6,30,99.42,4,Completed,DOCK-7,3,6
2026-04-18 04:00:00,OP007,Nathan Petit,B,Night,42,0,467.7,42,97.92,6,Completed,DOCK-7,10,5
2026-04-18 04:00:00,OP004,Chloe Thomas,D,Night,39,0,457.1,78,97.77,6,Completed,DOCK-4,9,4
2026-04-18 04:00:00,OP008,Lea Durand,C,Night,31,0,389.0,31,98.55,1,Completed,DOCK-8,5,4
2026-04-18 04:00:00,OP002,Emma Bernard,B,Night,26,0,333.5,52,99.41,1,Completed,DOCK-2,6,5
2026-04-18 04:00:00,OP001,Lucas Martin,A,Night,27,0,295.7,27,97.44,2,Delayed,DOCK-1,1,9
2026-04-18 05:00:00,OP011,Adam Simon,A,Night,33,1,281.3,33,97.27,4,Completed,DOCK-3,10,1
2026-04-18 05:00:00,OP008,Lea Durand,C,Night,34,0,339.2,102,96.81,4,Delayed,DOCK-8,4,6
2026-04-18 05:00:00,OP020,Mila Faure,E,Night,25,0,291.7,50,98.19,1,Completed,DOCK-4,5,2
2026-04-18 05:00:00,OP006,Manon Richard,A,Night,29,0,254.6,29,96.73,1,Completed,DOCK-6,1,4
2026-04-18 05:00:00,OP010,Sarah Laurent,E,Night,39,2,487.0,117,98.47,1,Cancelled,DOCK-2,8,11
2026-04-18 05:00:00,OP003,Hugo Dubois,C,Night,28,4,244.8,56,96.93,1,Completed,DOCK-3,11,10
2026-04-18 05:00:00,OP018,Lina Bonnet,C,Night,31,0,333.5,93,99.17,4,Completed,DOCK-2,3,6
2026-04-18 05:00:00,OP015,Tom Roux,E,Night,36,0,349.6,36,98.55,4,Completed,DOCK-7,6,1
2026-04-18 06:00:00,OP009,Jules Moreau,D,Morning,50,2,659.0,50,97.74,6,Completed,DOCK-1,8,9
2026-04-18 06:00:00,OP016,Jade Fournier,A,Morning,64,1,647.3,64,97.94,4,Completed,DOCK-8,8,8
2026-04-18 06:00:00,OP015,Tom Roux,E,Morning,75,0,1063.1,150,98.45,5,Completed,DOCK-7,1,10
2026-04-18 06:00:00,OP002,Emma Bernard,B,Morning,70,1,927.6,70,97.77,13,Completed,DOCK-2,10,7
2026-04-18 06:00:00,OP012,Camille Michel,B,Morning,63,2,885.1,189,97.31,4,Completed,DOCK-4,2,2
2026-04-18 06:00:00,OP020,Mila Faure,E,Morning,57,0,661.9,57,98.12,2,Completed,DOCK-4,9,10
2026-04-18 06:00:00,OP004,Chloe Thomas,D,Morning,61,0,839.1,183,98.59,4,Completed,DOCK-4,7,10
2026-04-18 06:00:00,OP001,Lucas Martin,A,Morning,54,0,555.4,162,97.48,1,Completed,DOCK-1,5,2
2026-04-18 06:00:00,OP008,Lea Durand,C,Morning,58,1,716.5,116,96.51,6,Completed,DOCK-8,5,6
2026-04-18 06:00:00,OP013,Raphael Lefebvre,C,Morning,65,1,929.3,195,97.14,6,Completed,DOCK-5,10,10
2026-04-18 06:00:00,OP007,Nathan Petit,B,Morning,67,0,616.3,67,99.06,3,Completed,DOCK-7,2,4
2026-04-18 06:00:00,OP010,Sarah Laurent,E,Morning,55,0,553.3,165,97.45,4,Completed,DOCK-2,9,6
2026-04-18 06:00:00,OP018,Lina Bonnet,C,Morning,61,1,597.2,122,97.88,5,Completed,DOCK-2,9,7
2026-04-18 07:00:00,OP020,Mila Faure,E,Morning,56,0,680.1,112,97.1,4,Completed,DOCK-4,4,3
2026-04-18 07:00:00,OP013,Raphael Lefebvre,C,Morning,64,1,561.9,128,98.12,2,Completed,DOCK-5,8,5
2026-04-18 07:00:00,OP015,Tom Roux,E,Morning,63,0,818.0,63,98.29,3,Completed,DOCK-7,6,11
2026-04-18 07:00:00,OP002,Emma Bernard,B,Morning,69,0,810.9,69,97.66,5,Completed,DOCK-2,5,10
2026-04-18 07:00:00,OP016,Jade Fournier,A,Morning,64,0,694.0,128,98.1,5,Completed,DOCK-8,6,5
2026-04-18 07:00:00,OP018,Lina Bonnet,C,Morning,64,0,830.5,64,99.34,5,Completed,DOCK-2,8,10
2026-04-18 07:00:00,OP010,Sarah Laurent,E,Morning,60,1,564.9,60,98.36,4,Completed,DOCK-2,8,8
2026-04-18 07:00:00,OP004,Chloe Thomas,D,Morning,67,0,593.5,201,99.13,11,Completed,DOCK-4,11,10
2026-04-18 07:00:00,OP008,Lea Durand,C,Morning,67,0,651.5,201,97.97,6,Completed,DOCK-8,9,11
2026-04-18 07:00:00,OP001,Lucas Martin,A,Morning,57,1,578.7,171,98.32,8,Completed,DOCK-1,8,4
2026-04-18 07:00:00,OP019,Noah Lambert,D,Morning,54,0,626.3,108,96.98,4,Completed,DOCK-3,11,5
2026-04-18 07:00:00,OP003,Hugo Dubois,C,Morning,59,1,538.1,118,97.96,6,Completed,DOCK-3,7,1
2026-04-18 07:00:00,OP007,Nathan Petit,B,Morning,61,0,543.3,183,98.9,6,Completed,DOCK-7,4,1
2026-04-18 07:00:00,OP011,Adam Simon,A,Morning,53,2,590.2,53,98.65,1,Completed,DOCK-3,1,8
2026-04-18 08:00:00,OP016,Jade Fournier,A,Morning,51,1,590.5,102,98.22,4,Completed,DOCK-8,1,8
2026-04-18 08:00:00,OP012,Camille Michel,B,Morning,50,1,513.9,50,97.67,6,Completed,DOCK-4,1,10
2026-04-18 08:00:00,OP018,Lina Bonnet,C,Morning,61,0,781.6,183,97.76,5,Completed,DOCK-2,2,7
2026-04-18 08:00:00,OP013,Raphael Lefebvre,C,Morning,67,0,619.7,67,99.61,6,Completed,DOCK-5,10,11
2026-04-18 08:00:00,OP010,Sarah Laurent,E,Morning,67,2,707.7,201,98.37,4,Completed,DOCK-2,8,11
2026-04-18 08:00:00,OP019,Noah Lambert,D,Morning,54,0,597.7,162,98.97,2,Completed,DOCK-3,8,4
2026-04-18 08:00:00,OP004,Chloe Thomas,D,Morning,61,0,773.0,61,97.99,3,Completed,DOCK-4,7,9
2026-04-18 08:00:00,OP009,Jules Moreau,D,Morning,51,0,712.4,102,97.65,5,Completed,DOCK-1,7,4
2026-04-18 09:00:00,OP010,Sarah Laurent,E,Morning,62,2,609.8,124,97.79,6,Completed,DOCK-2,2,11
2026-04-18 09:00:00,OP013,Raphael Lefebvre,C,Morning,54,0,521.7,54,99.03,5,Completed,DOCK-5,7,0
2026-04-18 09:00:00,OP004,Chloe Thomas,D,Morning,66,0,591.6,198,98.06,7,Completed,DOCK-4,5,1
2026-04-18 09:00:00,OP008,Lea Durand,C,Morning,54,0,630.7,108,97.57,5,Completed,DOCK-8,2,6
2026-04-18 09:00:00,OP009,Jules Moreau,D,Morning,61,1,536.6,61,97.82,4,Cancelled,DOCK-1,11,6
2026-04-18 09:00:00,OP007,Nathan Petit,B,Morning,67,2,950.9,67,98.15,4,Completed,DOCK-7,10,11
2026-04-18 09:00:00,OP018,Lina Bonnet,C,Morning,73,1,647.0,219,99.01,9,Completed,DOCK-2,0,0
2026-04-18 09:00:00,OP014,Ines Leroy,D,Morning,57,1,754.8,114,99.21,8,Completed,DOCK-6,4,2
2026-04-18 09:00:00,OP016,Jade Fournier,A,Morning,57,2,536.8,57,98.79,6,Completed,DOCK-8,8,11
2026-04-18 09:00:00,OP011,Adam Simon,A,Morning,53,1,614.0,106,97.41,4,Completed,DOCK-3,6,2
2026-04-18 09:00:00,OP015,Tom Roux,E,Morning,68,1,953.0,204,99.9,7,Completed,DOCK-7,10,7
2026-04-18 09:00:00,OP001,Lucas Martin,A,Morning,56,2,515.6,168,97.93,5,Completed,DOCK-1,0,5
2026-04-18 10:00:00,OP014,Ines Leroy,D,Morning,50,0,721.9,100,96.59,7,Completed,DOCK-6,11,3
2026-04-18 10:00:00,OP004,Chloe Thomas,D,Morning,76,0,814.5,228,98.2,3,Completed,DOCK-4,0,9
2026-04-18 10:00:00,OP007,Nathan Petit,B,Morning,63,1,617.3,126,96.98,5,Completed,DOCK-7,8,2
2026-04-18 10:00:00,OP011,Adam Simon,A,Morning,50,0,542.0,50,97.26,6,Completed,DOCK-3,2,3
2026-04-18 10:00:00,OP012,Camille Michel,B,Morning,52,1,624.6,104,97.53,5,Completed,DOCK-4,10,8
2026-04-18 10:00:00,OP010,Sarah Laurent,E,Morning,59,0,573.7,59,97.55,3,Completed,DOCK-2,10,1
2026-04-18 10:00:00,OP017,Liam Girard,B,Morning,65,0,554.9,130,99.26,2,Completed,DOCK-1,10,11
2026-04-18 10:00:00,OP002,Emma Bernard,B,Morning,59,1,841.8,177,98.2,5,Completed,DOCK-2,4,11
2026-04-18 10:00:00,OP019,Noah Lambert,D,Morning,61,2,698.5,61,97.84,8,Completed,DOCK-3,9,10
2026-04-18 10:00:00,OP003,Hugo Dubois,C,Morning,55,0,695.3,165,97.78,3,Completed,DOCK-3,5,2
2026-04-18 10:00:00,OP006,Manon Richard,A,Morning,58,0,636.2,116,96.59,6,Completed,DOCK-6,11,0
2026-04-18 10:00:00,OP018,Lina Bonnet,C,Morning,71,0,959.5,142,98.92,7,Completed,DOCK-2,6,10
2026-04-18 10:00:00,OP009,Jules Moreau,D,Morning,59,0,733.0,118,98.31,4,Completed,DOCK-1,1,3
2026-04-18 10:00:00,OP013,Raphael Lefebvre,C,Morning,61,0,621.5,183,96.7,2,Completed,DOCK-5,3,3
2026-04-18 11:00:00,OP010,Sarah Laurent,E,Morning,59,1,663.3,177,97.77,5,Completed,DOCK-2,6,7
2026-04-18 11:00:00,OP011,Adam Simon,A,Morning,59,1,823.3,118,97.69,3,Completed,DOCK-3,9,4
2026-04-18 11:00:00,OP013,Raphael Lefebvre,C,Morning,59,0,724.2,177,97.55,4,Completed,DOCK-5,1,5
2026-04-18 11:00:00,OP020,Mila Faure,E,Morning,24,0,276.0,72,98.93,3,Completed,DOCK-4,4,1
2026-04-18 11:00:00,OP008,Lea Durand,C,Morning,60,0,544.1,120,97.22,5,Completed,DOCK-8,11,10
2026-04-18 11:00:00,OP015,Tom Roux,E,Morning,68,0,960.1,136,97.67,7,Completed,DOCK-7,10,6
2026-04-18 11:00:00,OP018,Lina Bonnet,C,Morning,63,0,696.9,126,97.95,8,Completed,DOCK-2,3,3
2026-04-18 11:00:00,OP001,Lucas Martin,A,Morning,50,3,472.2,50,98.06,6,Completed,DOCK-1,0,2
2026-04-18 11:00:00,OP007,Nathan Petit,B,Morning,73,0,799.8,219,98.32,9,Completed,DOCK-7,9,7
2026-04-18 11:00:00,OP003,Hugo Dubois,C,Morning,56,4,556.7,56,98.14,8,Completed,DOCK-3,11,9
2026-04-18 11:00:00,OP019,Noah Lambert,D,Morning,57,0,709.5,114,97.61,7,Completed,DOCK-3,9,6
2026-04-18 11:00:00,OP012,Camille Michel,B,Morning,57,0,750.6,114,98.31,3,Completed,DOCK-4,2,10
2026-04-18 11:00:00,OP014,Ines Leroy,D,Morning,62,0,699.9,124,97.48,4,Completed,DOCK-6,8,1
2026-04-18 12:00:00,OP012,Camille Michel,B,Morning,53,0,595.6,106,96.99,5,Completed,DOCK-4,3,1
2026-04-18 12:00:00,OP004,Chloe Thomas,D,Morning,57,0,538.2,171,99.15,10,Completed,DOCK-4,10,4
2026-04-18 12:00:00,OP020,Mila Faure,E,Morning,53,0,546.0,53,96.35,3,Completed,DOCK-4,6,7
2026-04-18 12:00:00,OP016,Jade Fournier,A,Morning,61,0,531.7,183,98.63,7,Completed,DOCK-8,8,3
2026-04-18 12:00:00,OP011,Adam Simon,A,Morning,54,0,733.5,108,99.04,5,Delayed,DOCK-3,0,1
2026-04-18 12:00:00,OP010,Sarah Laurent,E,Morning,63,1,615.6,63,99.34,4,Completed,DOCK-2,2,5
2026-04-18 12:00:00,OP003,Hugo Dubois,C,Morning,61,1,604.6,61,98.27,5,Completed,DOCK-3,7,4
2026-04-18 12:00:00,OP001,Lucas Martin,A,Morning,55,3,641.3,110,96.15,7,Completed,DOCK-1,5,1
2026-04-18 13:00:00,OP003,Hugo Dubois,C,Morning,60,0,642.8,120,97.8,3,Completed,DOCK-3,9,11
2026-04-18 13:00:00,OP020,Mila Faure,E,Morning,53,2,470.2,159,98.24,5,Completed,DOCK-4,11,7
2026-04-18 13:00:00,OP018,Lina Bonnet,C,Morning,70,0,648.2,140,98.96,7,Completed,DOCK-2,10,4
2026-04-18 13:00:00,OP016,Jade Fournier,A,Morning,55,0,516.6,55,99.34,6,Completed,DOCK-8,6,5
2026-04-18 13:00:00,OP019,Noah Lambert,D,Morning,53,1,548.3,53,97.43,3,Completed,DOCK-3,5,3
2026-04-18 13:00:00,OP011,Adam Simon,A,Morning,53,0,766.2,106,96.8,1,Completed,DOCK-3,10,5
2026-04-18 13:00:00,OP015,Tom Roux,E,Morning,56,1,657.9,112,98.12,3,Completed,DOCK-7,10,7
2026-04-18 13:00:00,OP007,Nathan Petit,B,Morning,66,0,641.4,198,99.58,7,Completed,DOCK-7,10,8
2026-04-18 13:00:00,OP013,Raphael Lefebvre,C,Morning,57,2,586.1,57,97.14,3,Delayed,DOCK-5,10,11
2026-04-18 13:00:00,OP004,Chloe Thomas,D,Morning,61,1,673.0,122,98.03,5,Completed,DOCK-4,10,9
2026-04-18 13:00:00,OP005,Louis Robert,E,Morning,68,0,781.9,136,97.85,4,Completed,DOCK-5,6,8
2026-04-18 14:00:00,OP009,Jules Moreau,D,Afternoon,44,1,622.9,88,98.16,2,Completed,DOCK-1,3,10
2026-04-18 14:00:00,OP001,Lucas Martin,A,Afternoon,40,0,527.7,80,96.41,6,Completed,DOCK-1,3,10
2026-04-18 14:00:00,OP014,Ines Leroy,D,Afternoon,48,1,593.1,144,97.63,5,Completed,DOCK-6,1,11
2026-04-18 14:00:00,OP018,Lina Bonnet,C,Afternoon,47,0,584.2,94,98.25,7,Completed,DOCK-2,9,0
2026-04-18 14:00:00,OP003,Hugo Dubois,C,Afternoon,56,0,714.0,56,98.53,5,Completed,DOCK-3,7,6
2026-04-18 14:00:00,OP006,Manon Richard,A,Afternoon,47,0,607.9,47,97.51,4,Completed,DOCK-6,4,6
2026-04-18 14:00:00,OP011,Adam Simon,A,Afternoon,47,0,507.2,141,98.77,4,Completed,DOCK-3,0,6
2026-04-18 14:00:00,OP010,Sarah Laurent,E,Afternoon,44,0,509.2,132,98.32,1,Completed,DOCK-2,3,1
2026-04-18 14:00:00,OP005,Louis Robert,E,Afternoon,64,1,591.3,64,97.5,6,Completed,DOCK-5,9,3
2026-04-18 14:00:00,OP004,Chloe Thomas,D,Afternoon,53,0,645.5,53,96.61,8,Delayed,DOCK-4,9,7
2026-04-18 14:00:00,OP016,Jade Fournier,A,Afternoon,47,0,613.3,94,98.85,7,Completed,DOCK-8,10,9
2026-04-18 14:00:00,OP015,Tom Roux,E,Afternoon,49,0,466.0,147,99.04,4,Completed,DOCK-7,10,11
2026-04-18 14:00:00,OP013,Raphael Lefebvre,C,Afternoon,47,0,492.9,47,98.59,2,Completed,DOCK-5,3,3
2026-04-18 14:00:00,OP020,Mila Faure,E,Afternoon,40,0,468.9,120,97.49,1,Completed,DOCK-4,4,8
2026-04-18 15:00:00,OP009,Jules Moreau,D,Afternoon,50,0,710.4,150,98.03,5,Completed,DOCK-1,4,2
2026-04-18 15:00:00,OP005,Louis Robert,E,Afternoon,52,0,743.6,156,98.52,6,Completed,DOCK-5,6,1
2026-04-18 15:00:00,OP020,Mila Faure,E,Afternoon,45,1,449.7,90,97.33,3,Completed,DOCK-4,7,4
2026-04-18 15:00:00,OP008,Lea Durand,C,Afternoon,45,0,388.5,45,98.47,3,Completed,DOCK-8,11,8
2026-04-18 15:00:00,OP003,Hugo Dubois,C,Afternoon,50,0,472.2,100,96.89,5,Completed,DOCK-3,1,4
2026-04-18 15:00:00,OP004,Chloe Thomas,D,Afternoon,52,1,445.3,104,97.58,4,Completed,DOCK-4,7,10
2026-04-18 15:00:00,OP018,Lina Bonnet,C,Afternoon,51,0,588.3,51,97.32,6,Completed,DOCK-2,6,3
2026-04-18 15:00:00,OP010,Sarah Laurent,E,Afternoon,50,0,505.7,50,99.61,5,Completed,DOCK-2,2,9
2026-04-18 15:00:00,OP006,Manon Richard,A,Afternoon,50,3,695.0,100,97.92,7,Completed,DOCK-6,8,5
2026-04-18 15:00:00,OP001,Lucas Martin,A,Afternoon,41,0,415.3,82,97.23,3,Completed,DOCK-1,6,6
2026-04-18 15:00:00,OP019,Noah Lambert,D,Afternoon,50,0,427.7,100,99.35,2,Completed,DOCK-3,4,9
2026-04-18 16:00:00,OP002,Emma Bernard,B,Afternoon,54,2,728.5,54,99.17,3,Completed,DOCK-2,4,11
2026-04-18 16:00:00,OP015,Tom Roux,E,Afternoon,45,0,652.4,45,98.44,2,Delayed,DOCK-7,7,9
2026-04-18 16:00:00,OP006,Manon Richard,A,Afternoon,45,0,651.4,135,97.85,6,Completed,DOCK-6,8,6
2026-04-18 16:00:00,OP001,Lucas Martin,A,Afternoon,42,1,439.4,126,98.85,5,Completed,DOCK-1,9,9
2026-04-18 16:00:00,OP004,Chloe Thomas,D,Afternoon,54,0,731.4,54,99.9,6,Completed,DOCK-4,10,2
2026-04-18 16:00:00,OP016,Jade Fournier,A,Afternoon,20,0,255.3,20,97.3,1,Completed,DOCK-8,8,4
2026-04-18 16:00:00,OP009,Jules Moreau,D,Afternoon,42,1,357.2,126,98.57,3,Completed,DOCK-1,0,2
2026-04-18 16:00:00,OP019,Noah Lambert,D,Afternoon,46,2,565.9,138,97.87,6,Completed,DOCK-3,3,9
2026-04-18 16:00:00,OP010,Sarah Laurent,E,Afternoon,48,0,612.9,144,97.88,7,Completed,DOCK-2,4,8
2026-04-18 16:00:00,OP008,Lea Durand,C,Afternoon,55,2,568.1,110,99.68,9,Completed,DOCK-8,9,3
2026-04-18 16:00:00,OP017,Liam Girard,B,Afternoon,41,0,580.6,123,98.04,6,Cancelled,DOCK-1,11,9
2026-04-18 16:00:00,OP018,Lina Bonnet,C,Afternoon,50,2,558.8,50,98.68,7,Delayed,DOCK-2,10,7
2026-04-18 17:00:00,OP005,Louis Robert,E,Afternoon,49,1,514.4,147,99.18,5,Completed,DOCK-5,0,7
2026-04-18 17:00:00,OP016,Jade Fournier,A,Afternoon,52,0,730.6,104,97.87,5,Completed,DOCK-8,6,2
2026-04-18 17:00:00,OP012,Camille Michel,B,Afternoon,40,0,454.3,40,97.36,5,Delayed,DOCK-4,4,3
2026-04-18 17:00:00,OP008,Lea Durand,C,Afternoon,49,1,701.4,49,99.86,2,Completed,DOCK-8,5,6
2026-04-18 17:00:00,OP006,Manon Richard,A,Afternoon,40,1,517.5,120,98.95,4,Completed,DOCK-6,11,7
2026-04-18 17:00:00,OP010,Sarah Laurent,E,Afternoon,55,2,747.2,110,99.9,6,Completed,DOCK-2,6,0
2026-04-18 17:00:00,OP020,Mila Faure,E,Afternoon,40,1,541.0,120,97.59,4,Completed,DOCK-4,10,5
2026-04-18 17:00:00,OP017,Liam Girard,B,Afternoon,42,1,449.2,126,97.37,5,Completed,DOCK-1,9,9
2026-04-18 17:00:00,OP018,Lina Bonnet,C,Afternoon,58,0,690.3,174,98.86,5,Completed,DOCK-2,8,4
2026-04-18 18:00:00,OP012,Camille Michel,B,Afternoon,46,0,610.6,92,98.1,4,Completed,DOCK-4,2,2
2026-04-18 18:00:00,OP001,Lucas Martin,A,Afternoon,40,1,512.9,80,97.92,4,Completed,DOCK-1,10,7
2026-04-18 18:00:00,OP019,Noah Lambert,D,Afternoon,47,0,613.1,141,97.08,1,Completed,DOCK-3,7,6
2026-04-18 18:00:00,OP010,Sarah Laurent,E,Afternoon,49,0,511.8,49,98.29,2,Completed,DOCK-2,3,6
2026-04-18 18:00:00,OP004,Chloe Thomas,D,Afternoon,60,1,515.5,60,99.19,1,Completed,DOCK-4,10,8
2026-04-18 18:00:00,OP007,Nathan Petit,B,Afternoon,59,2,651.4,59,97.18,1,Completed,DOCK-7,2,4
2026-04-18 18:00:00,OP018,Lina Bonnet,C,Afternoon,49,0,596.2,98,98.96,5,Completed,DOCK-2,8,10
2026-04-18 18:00:00,OP006,Manon Richard,A,Afternoon,41,1,593.5,41,98.37,3,Completed,DOCK-6,4,2
2026-04-18 18:00:00,OP011,Adam Simon,A,Afternoon,54,1,631.5,54,98.23,3,Completed,DOCK-3,5,4
2026-04-18 18:00:00,OP016,Jade Fournier,A,Afternoon,41,1,453.2,41,98.0,2,Delayed,DOCK-8,10,9
2026-04-18 18:00:00,OP014,Ines Leroy,D,Afternoon,52,0,544.6,52,96.48,2,Completed,DOCK-6,1,8
2026-04-18 19:00:00,OP018,Lina Bonnet,C,Afternoon,56,0,563.1,56,97.94,8,Completed,DOCK-2,9,3
2026-04-18 19:00:00,OP006,Manon Richard,A,Afternoon,41,0,361.2,82,97.11,4,Completed,DOCK-6,8,1
2026-04-18 19:00:00,OP004,Chloe Thomas,D,Afternoon,49,0,628.2,147,99.68,7,Completed,DOCK-4,9,11
2026-04-18 19:00:00,OP010,Sarah Laurent,E,Afternoon,52,0,635.0,156,98.05,1,Completed,DOCK-2,0,6
2026-04-18 19:00:00,OP016,Jade Fournier,A,Afternoon,59,0,767.3,118,97.55,5,Completed,DOCK-8,6,11
2026-04-18 19:00:00,OP017,Liam Girard,B,Afternoon,47,2,538.0,141,98.19,2,Completed,DOCK-1,6,9
2026-04-18 19:00:00,OP019,Noah Lambert,D,Afternoon,44,0,566.9,132,97.34,3,Completed,DOCK-3,9,1
2026-04-18 19:00:00,OP020,Mila Faure,E,Afternoon,40,1,370.2,120,97.76,6,Completed,DOCK-4,3,1
2026-04-18 19:00:00,OP008,Lea Durand,C,Afternoon,40,0,370.0,120,98.82,4,Completed,DOCK-8,4,9
2026-04-18 19:00:00,OP005,Louis Robert,E,Afternoon,54,0,688.3,54,96.36,3,Completed,DOCK-5,7,8
2026-04-18 19:00:00,OP013,Raphael Lefebvre,C,Afternoon,47,0,587.3,47,99.08,4,Completed,DOCK-5,7,3
2026-04-18 19:00:00,OP003,Hugo Dubois,C,Afternoon,51,1,459.2,51,96.48,6,Delayed,DOCK-3,11,2
2026-04-18 19:00:00,OP015,Tom Roux,E,Afternoon,59,0,714.0,177,98.78,4,Completed,DOCK-7,10,11
2026-04-18 20:00:00,OP001,Lucas Martin,A,Afternoon,43,0,371.1,86,96.98,1,Completed,DOCK-1,6,7
2026-04-18 20:00:00,OP015,Tom Roux,E,Afternoon,54,0,678.3,108,97.91,6,Completed,DOCK-7,2,2
2026-04-18 20:00:00,OP012,Camille Michel,B,Afternoon,44,0,595.6,88,97.45,7,Completed,DOCK-4,1,11
2026-04-18 20:00:00,OP018,Lina Bonnet,C,Afternoon,56,2,693.0,168,98.04,3,Completed,DOCK-2,7,10
2026-04-18 20:00:00,OP003,Hugo Dubois,C,Afternoon,47,0,625.4,47,97.32,4,Completed,DOCK-3,3,1
2026-04-18 20:00:00,OP014,Ines Leroy,D,Afternoon,46,0,643.0,46,98.49,7,Completed,DOCK-6,7,8
2026-04-18 20:00:00,OP002,Emma Bernard,B,Afternoon,40,0,558.4,120,95.58,6,Completed,DOCK-2,10,11
2026-04-18 20:00:00,OP020,Mila Faure,E,Afternoon,40,3,384.7,80,97.9,3,Completed,DOCK-4,9,8
2026-04-18 20:00:00,OP007,Nathan Petit,B,Afternoon,50,1,466.0,150,98.68,4,Completed,DOCK-7,4,6
2026-04-18 20:00:00,OP016,Jade Fournier,A,Afternoon,42,1,571.0,126,97.71,2,Completed,DOCK-8,2,7
2026-04-18 20:00:00,OP017,Liam Girard,B,Afternoon,44,1,385.9,88,96.75,3,Completed,DOCK-1,0,11
2026-04-18 20:00:00,OP013,Raphael Lefebvre,C,Afternoon,46,0,594.6,138,98.01,6,Delayed,DOCK-5,0,3
2026-04-18 20:00:00,OP019,Noah Lambert,D,Afternoon,45,0,509.6,90,97.34,4,Delayed,DOCK-3,7,5
2026-04-18 20:00:00,OP010,Sarah Laurent,E,Afternoon,42,0,417.7,126,99.35,3,Completed,DOCK-2,11,3
2026-04-18 21:00:00,OP006,Manon Richard,A,Afternoon,40,0,422.7,80,98.57,3,Completed,DOCK-6,6,8
2026-04-18 21:00:00,OP014,Ines Leroy,D,Afternoon,48,0,480.4,96,96.84,2,Completed,DOCK-6,7,3
2026-04-18 21:00:00,OP005,Louis Robert,E,Afternoon,54,0,529.3,54,97.78,4,Completed,DOCK-5,5,8
2026-04-18 21:00:00,OP012,Camille Michel,B,Afternoon,41,1,561.1,41,98.71,5,Completed,DOCK-4,9,5
2026-04-18 21:00:00,OP003,Hugo Dubois,C,Afternoon,51,1,496.0,153,97.73,7,Completed,DOCK-3,7,2
2026-04-18 21:00:00,OP011,Adam Simon,A,Afternoon,56,2,641.3,112,96.44,5,Completed,DOCK-3,8,6
2026-04-18 21:00:00,OP017,Liam Girard,B,Afternoon,40,0,525.5,120,97.28,6,Completed,DOCK-1,7,4
2026-04-18 21:00:00,OP013,Raphael Lefebvre,C,Afternoon,48,2,639.1,48,98.04,1,Completed,DOCK-5,3,10
2026-04-18 21:00:00,OP015,Tom Roux,E,Afternoon,53,0,515.5,106,99.07,2,Completed,DOCK-7,8,3
2026-04-18 21:00:00,OP010,Sarah Laurent,E,Afternoon,47,1,409.1,47,98.68,4,Completed,DOCK-2,10,6
2026-04-18 22:00:00,OP003,Hugo Dubois,C,Night,28,0,263.5,28,97.53,1,Completed,DOCK-3,6,6
2026-04-18 22:00:00,OP004,Chloe Thomas,D,Night,45,1,517.1,90,98.29,6,Delayed,DOCK-4,6,11
2026-04-18 22:00:00,OP002,Emma Bernard,B,Night,44,1,448.7,88,97.49,3,Completed,DOCK-2,4,0
2026-04-18 22:00:00,OP001,Lucas Martin,A,Night,26,0,356.9,52,96.76,4,Completed,DOCK-1,0,5
2026-04-18 22:00:00,OP006,Manon Richard,A,Night,32,1,364.2,64,97.9,2,Delayed,DOCK-6,10,5
2026-04-18 22:00:00,OP008,Lea Durand,C,Night,41,1,405.7,82,97.87,3,Completed,DOCK-8,10,5
2026-04-18 22:00:00,OP009,Jules Moreau,D,Night,39,1,396.1,78,96.42,2,Completed,DOCK-1,10,7
2026-04-18 22:00:00,OP015,Tom Roux,E,Night,50,0,437.1,50,98.81,2,Completed,DOCK-7,7,9
2026-04-18 22:00:00,OP019,Noah Lambert,D,Night,32,0,451.6,64,98.62,4,Completed,DOCK-3,10,3
2026-04-18 22:00:00,OP013,Raphael Lefebvre,C,Night,33,0,288.0,66,97.72,2,Completed,DOCK-5,10,7
2026-04-18 22:00:00,OP010,Sarah Laurent,E,Night,39,0,429.8,78,98.51,3,Completed,DOCK-2,11,2
2026-04-18 22:00:00,OP016,Jade Fournier,A,Night,35,0,469.2,70,96.64,3,Completed,DOCK-8,5,4
2026-04-18 22:00:00,OP005,Louis Robert,E,Night,41,0,450.5,82,98.42,2,Delayed,DOCK-5,6,0
2026-04-18 22:00:00,OP018,Lina Bonnet,C,Night,39,0,513.9,39,98.54,4,Completed,DOCK-2,2,5
2026-04-18 22:00:00,OP007,Nathan Petit,B,Night,39,0,356.4,39,98.68,7,Delayed,DOCK-7,10,4
2026-04-18 23:00:00,OP009,Jules Moreau,D,Night,33,0,306.9,99,98.29,7,Completed,DOCK-1,7,5
2026-04-18 23:00:00,OP018,Lina Bonnet,C,Night,37,0,480.9,111,97.44,2,Completed,DOCK-2,4,3
2026-04-18 23:00:00,OP003,Hugo Dubois,C,Night,33,1,443.9,99,99.55,4,Completed,DOCK-3,6,4
2026-04-18 23:00:00,OP020,Mila Faure,E,Night,32,1,383.4,96,98.33,2,Completed,DOCK-4,1,7
2026-04-18 23:00:00,OP017,Liam Girard,B,Night,40,0,415.0,120,97.55,2,Completed,DOCK-1,5,9
2026-04-18 23:00:00,OP012,Camille Michel,B,Night,28,0,388.1,84,99.08,1,Completed,DOCK-4,4,11
2026-04-18 23:00:00,OP002,Emma Bernard,B,Night,39,1,488.2,117,97.4,4,Delayed,DOCK-2,10,5
2026-04-18 23:00:00,OP004,Chloe Thomas,D,Night,35,0,475.2,35,97.06,1,Completed,DOCK-4,0,9
2026-04-18 23:00:00,OP016,Jade Fournier,A,Night,30,0,347.1,60,98.46,2,Completed,DOCK-8,11,11
2026-04-18 23:00:00,OP019,Noah Lambert,D,Night,42,1,487.3,84,99.51,5,Cancelled,DOCK-3,6,8
2026-04-18 23:00:00,OP006,Manon Richard,A,Night,36,0,445.5,72,96.5,1,Completed,DOCK-6,7,0
2026-04-19 00:00:00,OP013,Raphael Lefebvre,C,Night,27,1,385.3,54,98.94,1,Cancelled,DOCK-5,3,1
2026-04-19 00:00:00,OP018,Lina Bonnet,C,Night,46,1,451.6,138,98.25,2,Completed,DOCK-2,1,7
2026-04-19 00:00:00,OP015,Tom Roux,E,Night,33,0,372.4,99,97.58,3,Completed,DOCK-7,10,0
2026-04-19 00:00:00,OP019,Noah Lambert,D,Night,29,0,319.3,29,98.09,1,Completed,DOCK-3,6,5
2026-04-19 00:00:00,OP008,Lea Durand,C,Night,31,1,297.9,93,98.75,1,Completed,DOCK-8,2,8
2026-04-19 00:00:00,OP017,Liam Girard,B,Night,27,0,238.6,54,97.44,2,Completed,DOCK-1,5,4
2026-04-19 00:00:00,OP007,Nathan Petit,B,Night,29,0,364.0,87,98.37,3,Completed,DOCK-7,6,2
2026-04-19 00:00:00,OP006,Manon Richard,A,Night,31,1,297.6,31,98.88,3,Cancelled,DOCK-6,6,11
2026-04-19 00:00:00,OP009,Jules Moreau,D,Night,25,0,241.8,25,98.02,1,Completed,DOCK-1,2,3
2026-04-19 00:00:00,OP011,Adam Simon,A,Night,30,0,407.3,60,98.52,2,Completed,DOCK-3,2,2
2026-04-19 00:00:00,OP012,Camille Michel,B,Night,32,1,424.0,96,98.61,1,Completed,DOCK-4,7,8
2026-04-19 00:00:00,OP010,Sarah Laurent,E,Night,35,0,366.4,35,97.76,4,Completed,DOCK-2,5,7
2026-04-19 00:00:00,OP020,Mila Faure,E,Night,25,0,306.2,50,98.79,3,Completed,DOCK-4,9,4
2026-04-19 00:00:00,OP016,Jade Fournier,A,Night,35,0,402.7,70,97.89,2,Completed,DOCK-8,6,5
2026-04-19 00:00:00,OP002,Emma Bernard,B,Night,43,1,571.5,129,98.54,3,Completed,DOCK-2,1,8
2026-04-19 01:00:00,OP001,Lucas Martin,A,Night,29,0,265.5,87,96.21,2,Completed,DOCK-1,2,8
2026-04-19 01:00:00,OP018,Lina Bonnet,C,Night,48,0,428.4,96,99.16,2,Delayed,DOCK-2,8,2
2026-04-19 01:00:00,OP011,Adam Simon,A,Night,32,0,275.6,64,96.74,1,Completed,DOCK-3,11,3
2026-04-19 01:00:00,OP016,Jade Fournier,A,Night,34,0,427.4,102,98.01,5,Delayed,DOCK-8,7,3
2026-04-19 01:00:00,OP013,Raphael Lefebvre,C,Night,40,0,564.7,120,97.67,3,Completed,DOCK-5,0,6
2026-04-19 01:00:00,OP012,Camille Michel,B,Night,27,0,337.9,81,98.7,6,Completed,DOCK-4,3,6
2026-04-19 01:00:00,OP008,Lea Durand,C,Night,34,2,453.9,102,97.61,2,Completed,DOCK-8,10,10
2026-04-19 01:00:00,OP007,Nathan Petit,B,Night,38,0,344.7,114,97.43,1,Delayed,DOCK-7,8,10
2026-04-19 01:00:00,OP003,Hugo Dubois,C,Night,29,0,347.0,29,97.72,2,Completed,DOCK-3,0,2
2026-04-19 01:00:00,OP006,Manon Richard,A,Night,29,0,282.2,29,96.71,3,Completed,DOCK-6,10,6
2026-04-19 01:00:00,OP005,Louis Robert,E,Night,31,0,349.3,93,97.8,3,Completed,DOCK-5,9,4
2026-04-19 01:00:00,OP004,Chloe Thomas,D,Night,38,0,537.6,38,97.88,3,Completed,DOCK-4,6,10
2026-04-19 01:00:00,OP019,Noah Lambert,D,Night,41,1,446.6,41,97.4,5,Completed,DOCK-3,9,6
2026-04-19 02:00:00,OP016,Jade Fournier,A,Night,29,0,411.5,87,97.37,3,Completed,DOCK-8,9,2
2026-04-19 02:00:00,OP011,Adam Simon,A,Night,38,2,510.6,38,98.33,2,Completed,DOCK-3,3,7
2026-04-19 02:00:00,OP015,Tom Roux,E,Night,36,1,358.0,108,97.78,2,Completed,DOCK-7,0,9
2026-04-19 02:00:00,OP003,Hugo Dubois,C,Night,44,0,411.1,132,96.74,1,Completed,DOCK-3,5,5
2026-04-19 02:00:00,OP018,Lina Bonnet,C,Night,34,0,392.8,34,98.21,2,Completed,DOCK-2,2,9
2026-04-19 02:00:00,OP002,Emma Bernard,B,Night,38,1,506.1,76,98.24,4,Delayed,DOCK-2,2,1
2026-04-19 02:00:00,OP013,Raphael Lefebvre,C,Night,33,1,348.7,99,98.03,3,Completed,DOCK-5,1,10
2026-04-19 02:00:00,OP012,Camille Michel,B,Night,25,1,291.2,50,97.84,1,Completed,DOCK-4,6,3
2026-04-19 02:00:00,OP017,Liam Girard,B,Night,25,0,231.4,25,98.45,1,Completed,DOCK-1,4,4
2026-04-19 02:00:00,OP001,Lucas Martin,A,Night,28,1,248.0,28,97.9,3,Completed,DOCK-1,10,8
2026-04-19 02:00:00,OP005,Louis Robert,E,Night,40,2,440.0,40,97.37,4,Completed,DOCK-5,11,1
2026-04-19 02:00:00,OP014,Ines Leroy,D,Night,37,3,397.7,111,97.71,4,Completed,DOCK-6,1,8
2026-04-19 02:00:00,OP010,Sarah Laurent,E,Night,20,0,250.8,40,98.83,2,Cancelled,DOCK-2,1,11
2026-04-19 02:00:00,OP007,Nathan Petit,B,Night,34,0,468.7,34,99.06,1,Completed,DOCK-7,6,4
2026-04-19 03:00:00,OP016,Jade Fournier,A,Night,35,0,490.4,70,99.38,3,Completed,DOCK-8,6,9
2026-04-19 03:00:00,OP015,Tom Roux,E,Night,38,1,438.9,114,98.72,2,Completed,DOCK-7,11,0
2026-04-19 03:00:00,OP013,Raphael Lefebvre,C,Night,38,0,459.6,114,98.08,4,Cancelled,DOCK-5,7,0
2026-04-19 03:00:00,OP012,Camille Michel,B,Night,33,0,325.6,66,96.8,2,Completed,DOCK-4,6,7
2026-04-19 03:00:00,OP002,Emma Bernard,B,Night,31,0,364.5,93,99.9,1,Completed,DOCK-2,7,4
2026-04-19 03:00:00,OP009,Jules Moreau,D,Night,25,0,254.2,50,97.02,1,Completed,DOCK-1,2,10
2026-04-19 03:00:00,OP014,Ines Leroy,D,Night,38,0,372.5,76,97.16,2,Completed,DOCK-6,11,7
2026-04-19 03:00:00,OP003,Hugo Dubois,C,Night,38,1,347.7,38,97.84,1,Completed,DOCK-3,9,8
2026-04-19 04:00:00,OP017,Liam Girard,B,Night,25,0,262.5,25,97.45,2,Completed,DOCK-1,9,6
2026-04-19 04:00:00,OP003,Hugo Dubois,C,Night,33,0,404.2,99,97.26,2,Delayed,DOCK-3,8,8
2026-04-19 04:00:00,OP016,Jade Fournier,A,Night,22,0,219.3,66,97.47,1,Completed,DOCK-8,5,4
2026-04-19 04:00:00,OP009,Jules Moreau,D,Night,27,1,252.8,81,98.01,1,Completed,DOCK-1,6,2
2026-04-19 04:00:00,OP004,Chloe Thomas,D,Night,46,0,400.4,138,99.33,8,Completed,DOCK-4,3,8
2026-04-19 04:00:00,OP013,Raphael Lefebvre,C,Night,35,1,360.9,105,97.62,1,Completed,DOCK-5,3,0
2026-04-19 04:00:00,OP012,Camille Michel,B,Night,26,1,373.3,78,97.65,1,Delayed,DOCK-4,3,11
2026-04-19 04:00:00,OP011,Adam Simon,A,Night,28,1,343.9,84,98.84,2,Cancelled,DOCK-3,1,0
2026-04-19 04:00:00,OP006,Manon Richard,A,Night,31,1,375.9,62,97.13,2,Completed,DOCK-6,0,10
2026-04-19 04:00:00,OP007,Nathan Petit,B,Night,34,0,438.5,102,98.18,1,Completed,DOCK-7,2,1
2026-04-19 05:00:00,OP014,Ines Leroy,D,Night,28,0,286.8,56,97.79,4,Completed,DOCK-6,9,1
2026-04-19 05:00:00,OP007,Nathan Petit,B,Night,42,0,360.2,84,97.18,6,Completed,DOCK-7,5,0
2026-04-19 05:00:00,OP011,Adam Simon,A,Night,28,0,378.7,84,99.26,2,Completed,DOCK-3,9,10
2026-04-19 05:00:00,OP013,Raphael Lefebvre,C,Night,32,0,286.8,64,98.67,3,Completed,DOCK-5,2,9
2026-04-19 05:00:00,OP015,Tom Roux,E,Night,41,1,366.1,41,97.97,1,Completed,DOCK-7,11,0
2026-04-19 05:00:00,OP016,Jade Fournier,A,Night,27,0,234.0,54,99.43,3,Completed,DOCK-8,9,7
2026-04-19 05:00:00,OP018,Lina Bonnet,C,Night,30,0,419.5,60,97.46,5,Completed,DOCK-2,8,4
2026-04-19 05:00:00,OP002,Emma Bernard,B,Night,37,1,385.3,74,98.85,5,Completed,DOCK-2,6,0
2026-04-19 05:00:00,OP006,Manon Richard,A,Night,30,0,422.2,30,98.8,3,Completed,DOCK-6,3,2
2026-04-19 05:00:00,OP005,Louis Robert,E,Night,33,0,344.9,33,99.28,2,Completed,DOCK-5,8,0
2026-04-19 05:00:00,OP001,Lucas Martin,A,Night,29,0,294.6,58,98.07,1,Cancelled,DOCK-1,0,7
2026-04-19 06:00:00,OP012,Camille Michel,B,Morning,51,0,709.4,51,98.47,3,Completed,DOCK-4,6,8
2026-04-19 06:00:00,OP017,Liam Girard,B,Morning,60,0,839.5,120,98.84,9,Completed,DOCK-1,10,3
2026-04-19 06:00:00,OP006,Manon Richard,A,Morning,59,1,719.0,118,98.51,4,Completed,DOCK-6,11,1
2026-04-19 06:00:00,OP019,Noah Lambert,D,Morning,62,0,594.7,186,96.89,6,Completed,DOCK-3,0,1
2026-04-19 06:00:00,OP020,Mila Faure,E,Morning,55,0,778.7,165,97.86,4,Completed,DOCK-4,7,1
2026-04-19 06:00:00,OP014,Ines Leroy,D,Morning,50,0,509.6,50,96.68,4,Completed,DOCK-6,1,10
2026-04-19 06:00:00,OP003,Hugo Dubois,C,Morning,57,1,514.3,171,98.49,7,Completed,DOCK-3,10,11
2026-04-19 06:00:00,OP008,Lea Durand,C,Morning,62,0,584.3,186,97.55,4,Completed,DOCK-8,8,7
2026-04-19 06:00:00,OP004,Chloe Thomas,D,Morning,68,0,789.7,68,97.7,6,Delayed,DOCK-4,0,7
2026-04-19 06:00:00,OP002,Emma Bernard,B,Morning,68,2,717.2,136,97.81,3,Delayed,DOCK-2,9,9
2026-04-19 06:00:00,OP010,Sarah Laurent,E,Morning,69,1,882.2,207,98.76,4,Completed,DOCK-2,4,8
2026-04-19 06:00:00,OP011,Adam Simon,A,Morning,66,0,853.9,198,99.43,10,Completed,DOCK-3,6,10
2026-04-19 06:00:00,OP018,Lina Bonnet,C,Morning,61,1,685.2,61,97.7,5,Completed,DOCK-2,2,8
2026-04-19 06:00:00,OP013,Raphael Lefebvre,C,Morning,66,1,672.5,132,98.14,7,Completed,DOCK-5,1,6
2026-04-19 07:00:00,OP008,Lea Durand,C,Morning,56,0,810.9,168,97.79,2,Completed,DOCK-8,11,2
2026-04-19 07:00:00,OP018,Lina Bonnet,C,Morning,58,2,550.3,116,99.05,2,Completed,DOCK-2,2,5
2026-04-19 07:00:00,OP010,Sarah Laurent,E,Morning,72,1,821.7,72,99.24,2,Completed,DOCK-2,0,4
2026-04-19 07:00:00,OP006,Manon Richard,A,Morning,65,1,761.3,195,97.52,1,Completed,DOCK-6,7,3
2026-04-19 07:00:00,OP003,Hugo Dubois,C,Morning,50,0,434.7,100,98.38,2,Cancelled,DOCK-3,11,10
2026-04-19 07:00:00,OP002,Emma Bernard,B,Morning,58,0,620.4,174,99.9,7,Delayed,DOCK-2,3,0
2026-04-19 07:00:00,OP019,Noah Lambert,D,Morning,63,2,649.1,126,97.85,3,Completed,DOCK-3,7,4
2026-04-19 07:00:00,OP012,Camille Michel,B,Morning,61,2,597.3,61,98.03,6,Completed,DOCK-4,2,7
2026-04-19 07:00:00,OP016,Jade Fournier,A,Morning,56,0,679.7,168,97.94,4,Delayed,DOCK-8,9,10
2026-04-19 07:00:00,OP009,Jules Moreau,D,Morning,57,1,582.0,171,97.05,4,Completed,DOCK-1,6,7
2026-04-19 07:00:00,OP020,Mila Faure,E,Morning,50,2,477.6,50,97.2,6,Completed,DOCK-4,3,5
2026-04-19 07:00:00,OP007,Nathan Petit,B,Morning,62,0,798.2,62,97.18,4,Completed,DOCK-7,11,6
2026-04-19 07:00:00,OP013,Raphael Lefebvre,C,Morning,55,0,700.8,165,98.3,5,Completed,DOCK-5,7,6
2026-04-19 07:00:00,OP005,Louis Robert,E,Morning,66,0,607.2,66,98.09,8,Completed,DOCK-5,10,1
2026-04-19 08:00:00,OP009,Jules Moreau,D,Morning,57,2,819.1,57,97.84,3,Delayed,DOCK-1,11,7
2026-04-19 08:00:00,OP007,Nathan Petit,B,Morning,56,0,513.3,56,99.05,3,Completed,DOCK-7,9,4
2026-04-19 08:00:00,OP016,Jade Fournier,A,Morning,61,0,660.9,61,98.59,3,Completed,DOCK-8,9,8
2026-04-19 08:00:00,OP006,Manon Richard,A,Morning,50,1,667.0,100,98.64,4,Completed,DOCK-6,10,2
2026-04-19 08:00:00,OP017,Liam Girard,B,Morning,53,1,687.6,106,98.72,3,Completed,DOCK-1,7,8
2026-04-19 08:00:00,OP002,Emma Bernard,B,Morning,67,3,894.2,201,97.86,5,Completed,DOCK-2,6,4
2026-04-19 08:00:00,OP014,Ines Leroy,D,Morning,54,0,656.6,54,96.97,3,Completed,DOCK-6,1,9
2026-04-19 08:00:00,OP018,Lina Bonnet,C,Morning,67,0,819.4,134,97.75,4,Completed,DOCK-2,0,0
2026-04-19 08:00:00,OP013,Raphael Lefebvre,C,Morning,63,0,780.8,126,98.67,4,Completed,DOCK-5,5,10
2026-04-19 08:00:00,OP005,Louis Robert,E,Morning,50,0,653.6,150,97.2,5,Completed,DOCK-5,7,0
2026-04-19 08:00:00,OP019,Noah Lambert,D,Morning,62,2,809.5,124,97.8,11,Completed,DOCK-3,8,9
2026-04-19 09:00:00,OP020,Mila Faure,E,Morning,50,1,450.7,50,97.02,6,Cancelled,DOCK-4,5,0
2026-04-19 09:00:00,OP006,Manon Richard,A,Morning,53,0,635.8,53,97.99,6,Completed,DOCK-6,0,4
2026-04-19 09:00:00,OP010,Sarah Laurent,E,Morning,61,0,574.8,61,97.86,8,Completed,DOCK-2,9,7
2026-04-19 09:00:00,OP017,Liam Girard,B,Morning,60,0,627.4,120,99.38,2,Completed,DOCK-1,8,10
2026-04-19 09:00:00,OP011,Adam Simon,A,Morning,62,1,698.2,124,98.5,5,Completed,DOCK-3,11,11
2026-04-19 09:00:00,OP003,Hugo Dubois,C,Morning,64,0,652.1,128,98.06,5,Completed,DOCK-3,2,10
2026-04-19 09:00:00,OP013,Raphael Lefebvre,C,Morning,57,0,791.1,171,98.52,6,Completed,DOCK-5,1,7
2026-04-19 09:00:00,OP008,Lea Durand,C,Morning,51,0,673.1,51,99.13,6,Cancelled,DOCK-8,4,11
2026-04-19 09:00:00,OP004,Chloe Thomas,D,Morning,54,2,621.9,108,96.77,3,Completed,DOCK-4,4,2
2026-04-19 09:00:00,OP018,Lina Bonnet,C,Morning,63,3,631.2,189,99.6,5,Completed,DOCK-2,9,6
2026-04-19 09:00:00,OP001,Lucas Martin,A,Morning,50,0,474.9,150,97.44,4,Completed,DOCK-1,3,6
2026-04-19 09:00:00,OP019,Noah Lambert,D,Morning,57,1,505.5,171,96.91,3,Completed,DOCK-3,9,6
2026-04-19 09:00:00,OP005,Louis Robert,E,Morning,60,1,833.6,60,97.87,6,Completed,DOCK-5,3,4
2026-04-19 09:00:00,OP015,Tom Roux,E,Morning,56,0,638.2,168,99.11,6,Completed,DOCK-7,1,6
2026-04-19 09:00:00,OP012,Camille Michel,B,Morning,53,0,690.5,53,98.01,6,Completed,DOCK-4,4,7
2026-04-19 10:00:00,OP007,Nathan Petit,B,Morning,60,1,869.7,180,97.79,6,Completed,DOCK-7,11,2
2026-04-19 10:00:00,OP017,Liam Girard,B,Morning,57,1,597.8,171,97.72,2,Delayed,DOCK-1,2,7
2026-04-19 10:00:00,OP020,Mila Faure,E,Morning,51,1,546.0,51,97.26,5,Completed,DOCK-4,1,9
2026-04-19 10:00:00,OP019,Noah Lambert,D,Morning,60,0,757.9,120,98.05,4,Completed,DOCK-3,7,0
2026-04-19 10:00:00,OP018,Lina Bonnet,C,Morning,60,0,711.3,60,98.64,6,Completed,DOCK-2,1,7
2026-04-19 10:00:00,OP001,Lucas Martin,A,Morning,53,1,587.8,106,98.43,6,Delayed,DOCK-1,10,11
2026-04-19 10:00:00,OP016,Jade Fournier,A,Morning,53,1,542.6,159,97.63,4,Completed,DOCK-8,10,0
2026-04-19 10:00:00,OP010,Sarah Laurent,E,Morning,62,2,865.9,186,96.2,8,Completed,DOCK-2,1,0
2026-04-19 10:00:00,OP015,Tom Roux,E,Morning,60,2,607.3,120,98.34,6,Completed,DOCK-7,7,2
2026-04-19 10:00:00,OP002,Emma Bernard,B,Morning,58,2,624.6,116,96.95,6,Completed,DOCK-2,0,11
2026-04-19 10:00:00,OP005,Louis Robert,E,Morning,53,0,485.7,106,98.41,4,Completed,DOCK-5,9,4
2026-04-19 10:00:00,OP014,Ines Leroy,D,Morning,58,1,645.1,116,97.2,5,Completed,DOCK-6,2,5
2026-04-19 10:00:00,OP012,Camille Michel,B,Morning,60,2,804.2,180,98.49,5,Delayed,DOCK-4,8,7
2026-04-19 11:00:00,OP006,Manon Richard,A,Morning,55,1,573.0,110,97.3,4,Cancelled,DOCK-6,0,7
2026-04-19 11:00:00,OP013,Raphael Lefebvre,C,Morning,63,0,721.4,189,97.99,4,Completed,DOCK-5,7,0
2026-04-19 11:00:00,OP017,Liam Girard,B,Morning,51,0,605.2,102,98.06,6,Completed,DOCK-1,4,6
2026-04-19 11:00:00,OP016,Jade Fournier,A,Morning,64,0,732.5,128,97.5,6,Completed,DOCK-8,2,4
2026-04-19 11:00:00,OP009,Jules Moreau,D,Morning,50,2,678.8,50,98.57,7,Delayed,DOCK-1,6,11
2026-04-19 11:00:00,OP008,Lea Durand,C,Morning,53,1,454.9,53,97.86,5,Completed,DOCK-8,11,6
2026-04-19 11:00:00,OP007,Nathan Petit,B,Morning,63,0,865.5,126,98.0,5,Completed,DOCK-7,3,4
2026-04-19 11:00:00,OP020,Mila Faure,E,Morning,55,1,485.1,110,97.68,4,Completed,DOCK-4,2,9
2026-04-19 11:00:00,OP005,Louis Robert,E,Morning,59,0,539.6,59,96.8,5,Completed,DOCK-5,10,5
2026-04-19 11:00:00,OP014,Ines Leroy,D,Morning,60,0,751.2,180,98.21,3,Completed,DOCK-6,3,3
2026-04-19 11:00:00,OP003,Hugo Dubois,C,Morning,53,0,668.8,53,96.46,4,Completed,DOCK-3,10,1
2026-04-19 12:00:00,OP016,Jade Fournier,A,Morning,54,0,494.4,54,98.59,6,Completed,DOCK-8,2,11
2026-04-19 12:00:00,OP017,Liam Girard,B,Morning,55,1,737.4,110,99.5,4,Completed,DOCK-1,8,9
2026-04-19 12:00:00,OP011,Adam Simon,A,Morning,50,0,609.0,50,97.24,6,Cancelled,DOCK-3,7,11
2026-04-19 12:00:00,OP013,Raphael Lefebvre,C,Morning,65,2,701.5,65,98.67,7,Completed,DOCK-5,2,0
2026-04-19 12:00:00,OP002,Emma Bernard,B,Morning,57,1,591.3,57,98.25,4,Completed,DOCK-2,11,9
2026-04-19 12:00:00,OP012,Camille Michel,B,Morning,50,2,451.1,50,97.4,5,Completed,DOCK-4,11,7
2026-04-19 12:00:00,OP003,Hugo Dubois,C,Morning,50,0,557.3,150,97.61,3,Completed,DOCK-3,3,1
2026-04-19 12:00:00,OP014,Ines Leroy,D,Morning,50,0,431.0,100,97.57,4,Completed,DOCK-6,3,4
2026-04-19 12:00:00,OP007,Nathan Petit,B,Morning,60,2,734.5,60,99.06,3,Completed,DOCK-7,3,7
2026-04-19 12:00:00,OP010,Sarah Laurent,E,Morning,59,0,784.3,177,98.13,5,Completed,DOCK-2,1,2
2026-04-19 12:00:00,OP009,Jules Moreau,D,Morning,50,1,714.2,100,97.42,4,Completed,DOCK-1,3,8
2026-04-19 12:00:00,OP019,Noah Lambert,D,Morning,53,0,725.4,53,97.75,5,Completed,DOCK-3,4,4
2026-04-19 12:00:00,OP001,Lucas Martin,A,Morning,52,0,748.6,156,97.8,5,Completed,DOCK-1,4,2
2026-04-19 12:00:00,OP015,Tom Roux,E,Morning,62,0,737.4,62,98.38,6,Completed,DOCK-7,7,3
2026-04-19 13:00:00,OP015,Tom Roux,E,Morning,65,2,876.6,65,99.8,3,Completed,DOCK-7,4,4
2026-04-19 13:00:00,OP020,Mila Faure,E,Morning,53,0,726.8,159,99.35,8,Completed,DOCK-4,8,10
2026-04-19 13:00:00,OP019,Noah Lambert,D,Morning,56,0,672.3,168,98.91,4,Completed,DOCK-3,6,8
2026-04-19 13:00:00,OP005,Louis Robert,E,Morning,60,0,607.2,180,99.37,6,Delayed,DOCK-5,2,1
2026-04-19 13:00:00,OP007,Nathan Petit,B,Morning,54,0,545.5,54,98.54,4,Completed,DOCK-7,11,1
2026-04-19 13:00:00,OP010,Sarah Laurent,E,Morning,52,0,614.0,52,99.03,3,Completed,DOCK-2,6,11
2026-04-19 13:00:00,OP018,Lina Bonnet,C,Morning,73,1,860.9,73,99.09,7,Completed,DOCK-2,11,1
2026-04-19 13:00:00,OP009,Jules Moreau,D,Morning,60,0,822.4,60,96.98,4,Completed,DOCK-1,6,1
2026-04-19 13:00:00,OP006,Manon Richard,A,Morning,50,1,693.6,100,98.09,5,Completed,DOCK-6,0,11
2026-04-19 13:00:00,OP014,Ines Leroy,D,Morning,52,1,666.0,156,98.43,6,Completed,DOCK-6,4,3
2026-04-19 14:00:00,OP006,Manon Richard,A,Afternoon,40,0,478.8,80,98.3,1,Completed,DOCK-6,8,0
2026-04-19 14:00:00,OP008,Lea Durand,C,Afternoon,52,2,689.8,104,98.78,6,Completed,DOCK-8,0,0
2026-04-19 14:00:00,OP012,Camille Michel,B,Afternoon,40,1,367.0,40,98.53,1,Completed,DOCK-4,7,2
2026-04-19 14:00:00,OP018,Lina Bonnet,C,Afternoon,59,1,808.7,118,97.12,5,Completed,DOCK-2,7,7
2026-04-19 14:00:00,OP005,Louis Robert,E,Afternoon,53,2,760.7,159,97.64,5,Completed,DOCK-5,0,6
2026-04-19 14:00:00,OP007,Nathan Petit,B,Afternoon,47,0,665.8,141,98.77,2,Completed,DOCK-7,9,4
2026-04-19 14:00:00,OP013,Raphael Lefebvre,C,Afternoon,49,0,674.9,147,97.04,7,Completed,DOCK-5,10,3
2026-04-19 14:00:00,OP020,Mila Faure,E,Afternoon,42,0,467.2,126,97.8,3,Completed,DOCK-4,6,0
2026-04-19 15:00:00,OP018,Lina Bonnet,C,Afternoon,55,1,628.4,165,98.81,4,Completed,DOCK-2,4,8
2026-04-19 15:00:00,OP013,Raphael Lefebvre,C,Afternoon,49,1,652.3,147,99.78,5,Completed,DOCK-5,7,3
2026-04-19 15:00:00,OP015,Tom Roux,E,Afternoon,53,0,520.4,53,97.17,4,Completed,DOCK-7,4,6
2026-04-19 15:00:00,OP017,Liam Girard,B,Afternoon,44,0,528.0,44,97.64,3,Completed,DOCK-1,0,7
2026-04-19 15:00:00,OP005,Louis Robert,E,Afternoon,51,0,709.7,51,97.45,5,Completed,DOCK-5,0,9
2026-04-19 15:00:00,OP014,Ines Leroy,D,Afternoon,40,2,470.9,80,98.38,1,Completed,DOCK-6,4,6
2026-04-19 15:00:00,OP004,Chloe Thomas,D,Afternoon,56,0,794.6,168,98.27,6,Delayed,DOCK-4,0,5
2026-04-19 15:00:00,OP020,Mila Faure,E,Afternoon,40,1,516.7,40,97.78,3,Completed,DOCK-4,11,4
2026-04-19 15:00:00,OP019,Noah Lambert,D,Afternoon,49,1,509.4,98,98.42,2,Completed,DOCK-3,2,5
2026-04-19 15:00:00,OP010,Sarah Laurent,E,Afternoon,57,0,784.1,114,98.8,6,Completed,DOCK-2,3,4
2026-04-19 15:00:00,OP002,Emma Bernard,B,Afternoon,50,0,467.9,50,99.73,6,Completed,DOCK-2,9,8
2026-04-19 15:00:00,OP012,Camille Michel,B,Afternoon,44,1,541.9,44,98.4,1,Completed,DOCK-4,0,11
2026-04-19 15:00:00,OP001,Lucas Martin,A,Afternoon,44,0,536.0,88,99.33,5,Completed,DOCK-1,11,1
2026-04-19 16:00:00,OP016,Jade Fournier,A,Afternoon,57,0,640.2,171,97.45,5,Completed,DOCK-8,8,1
2026-04-19 16:00:00,OP015,Tom Roux,E,Afternoon,24,0,293.5,72,99.11,4,Completed,DOCK-7,8,8
2026-04-19 16:00:00,OP008,Lea Durand,C,Afternoon,49,0,490.6,147,98.75,3,Delayed,DOCK-8,6,3
2026-04-19 16:00:00,OP011,Adam Simon,A,Afternoon,42,0,505.6,84,99.34,2,Completed,DOCK-3,4,10
2026-04-19 16:00:00,OP018,Lina Bonnet,C,Afternoon,55,1,760.4,165,98.48,5,Completed,DOCK-2,0,0
2026-04-19 16:00:00,OP009,Jules Moreau,D,Afternoon,43,1,486.8,86,96.62,5,Completed,DOCK-1,2,4
2026-04-19 16:00:00,OP020,Mila Faure,E,Afternoon,40,1,470.1,80,97.88,2,Completed,DOCK-4,5,1
2026-04-19 16:00:00,OP014,Ines Leroy,D,Afternoon,44,0,437.6,132,97.74,5,Completed,DOCK-6,1,7
2026-04-19 17:00:00,OP019,Noah Lambert,D,Afternoon,48,4,599.6,96,97.74,7,Completed,DOCK-3,2,11
2026-04-19 17:00:00,OP018,Lina Bonnet,C,Afternoon,47,1,414.6,47,98.07,2,Completed,DOCK-2,9,7
2026-04-19 17:00:00,OP009,Jules Moreau,D,Afternoon,48,0,614.1,48,95.71,3,Delayed,DOCK-1,5,1
2026-04-19 17:00:00,OP003,Hugo Dubois,C,Afternoon,40,0,396.9,40,97.37,1,Completed,DOCK-3,0,10
2026-04-19 17:00:00,OP015,Tom Roux,E,Afternoon,24,0,263.4,48,97.74,2,Completed,DOCK-7,0,0
2026-04-19 17:00:00,OP014,Ines Leroy,D,Afternoon,49,2,476.6,147,96.19,9,Completed,DOCK-6,6,2
2026-04-19 17:00:00,OP007,Nathan Petit,B,Afternoon,50,0,442.2,150,99.12,3,Completed,DOCK-7,4,11
2026-04-19 17:00:00,OP001,Lucas Martin,A,Afternoon,40,1,481.2,80,98.46,3,Completed,DOCK-1,2,7
2026-04-19 18:00:00,OP013,Raphael Lefebvre,C,Afternoon,48,1,620.5,96,98.39,4,Completed,DOCK-5,6,5
2026-04-19 18:00:00,OP005,Louis Robert,E,Afternoon,50,3,461.7,50,96.99,4,Completed,DOCK-5,9,5
2026-04-19 18:00:00,OP019,Noah Lambert,D,Afternoon,45,0,627.7,135,97.69,4,Completed,DOCK-3,5,5
2026-04-19 18:00:00,OP004,Chloe Thomas,D,Afternoon,57,0,651.7,114,99.53,6,Completed,DOCK-4,11,11
2026-04-19 18:00:00,OP002,Emma Bernard,B,Afternoon,47,0,408.3,94,98.21,4,Completed,DOCK-2,7,6
2026-04-19 18:00:00,OP007,Nathan Petit,B,Afternoon,49,1,505.8,49,97.28,5,Completed,DOCK-7,3,5
2026-04-19 18:00:00,OP018,Lina Bonnet,C,Afternoon,47,0,636.9,94,97.71,8,Completed,DOCK-2,8,8
2026-04-19 18:00:00,OP020,Mila Faure,E,Afternoon,50,0,675.1,150,99.14,4,Completed,DOCK-4,6,5
2026-04-19 18:00:00,OP010,Sarah Laurent,E,Afternoon,45,1,445.3,135,97.48,3,Completed,DOCK-2,10,1
2026-04-19 18:00:00,OP011,Adam Simon,A,Afternoon,49,0,504.6,98,97.43,3,Completed,DOCK-3,1,4
2026-04-19 18:00:00,OP012,Camille Michel,B,Afternoon,41,1,353.4,82,96.81,2,Completed,DOCK-4,5,5
2026-04-19 18:00:00,OP006,Manon Richard,A,Afternoon,46,0,416.2,92,98.11,3,Completed,DOCK-6,1,3
2026-04-19 18:00:00,OP009,Jules Moreau,D,Afternoon,43,0,556.0,86,96.99,4,Completed,DOCK-1,6,10
2026-04-19 18:00:00,OP016,Jade Fournier,A,Afternoon,51,1,514.9,51,97.4,3,Completed,DOCK-8,2,1
2026-04-19 19:00:00,OP005,Louis Robert,E,Afternoon,44,0,488.3,132,97.84,1,Completed,DOCK-5,2,5
2026-04-19 19:00:00,OP007,Nathan Petit,B,Afternoon,48,1,652.7,48,98.37,3,Delayed,DOCK-7,4,11
2026-04-19 19:00:00,OP002,Emma Bernard,B,Afternoon,57,0,551.0,57,98.04,5,Completed,DOCK-2,8,7
2026-04-19 19:00:00,OP013,Raphael Lefebvre,C,Afternoon,49,0,565.5,49,97.97,6,Completed,DOCK-5,11,1
2026-04-19 19:00:00,OP014,Ines Leroy,D,Afternoon,41,1,454.2,123,98.84,4,Completed,DOCK-6,8,7
2026-04-19 19:00:00,OP018,Lina Bonnet,C,Afternoon,58,0,679.5,174,96.78,6,Completed,DOCK-2,11,11
2026-04-19 19:00:00,OP009,Jules Moreau,D,Afternoon,46,0,656.6,138,98.22,6,Delayed,DOCK-1,5,2
2026-04-19 19:00:00,OP004,Chloe Thomas,D,Afternoon,46,0,569.6,92,98.25,2,Completed,DOCK-4,4,2
2026-04-19 19:00:00,OP016,Jade Fournier,A,Afternoon,47,2,612.1,47,98.12,6,Completed,DOCK-8,8,0
2026-04-19 20:00:00,OP006,Manon Richard,A,Afternoon,40,0,362.6,120,98.5,2,Completed,DOCK-6,11,11
2026-04-19 20:00:00,OP017,Liam Girard,B,Afternoon,45,0,404.6,45,99.0,5,Completed,DOCK-1,7,7
2026-04-19 20:00:00,OP020,Mila Faure,E,Afternoon,44,0,400.7,132,98.73,3,Completed,DOCK-4,10,7
2026-04-19 20:00:00,OP011,Adam Simon,A,Afternoon,40,0,496.1,120,97.77,6,Completed,DOCK-3,6,1
2026-04-19 20:00:00,OP015,Tom Roux,E,Afternoon,52,2,513.5,104,98.18,1,Completed,DOCK-7,7,7
2026-04-19 20:00:00,OP003,Hugo Dubois,C,Afternoon,42,0,363.8,126,98.23,2,Completed,DOCK-3,7,8
2026-04-19 20:00:00,OP010,Sarah Laurent,E,Afternoon,53,0,765.4,106,97.94,2,Completed,DOCK-2,6,10
2026-04-19 20:00:00,OP019,Noah Lambert,D,Afternoon,50,1,427.2,150,97.71,5,Completed,DOCK-3,10,7
2026-04-19 20:00:00,OP007,Nathan Petit,B,Afternoon,42,0,471.0,126,98.96,5,Delayed,DOCK-7,7,8
2026-04-19 20:00:00,OP014,Ines Leroy,D,Afternoon,45,0,443.4,45,98.14,5,Completed,DOCK-6,10,8
2026-04-19 20:00:00,OP013,Raphael Lefebvre,C,Afternoon,53,1,715.6,106,97.24,3,Completed,DOCK-5,8,1
2026-04-19 20:00:00,OP018,Lina Bonnet,C,Afternoon,48,1,528.7,48,98.39,3,Completed,DOCK-2,3,1
2026-04-19 21:00:00,OP014,Ines Leroy,D,Afternoon,40,1,516.6,120,97.83,3,Completed,DOCK-6,9,5
2026-04-19 21:00:00,OP007,Nathan Petit,B,Afternoon,48,2,562.7,48,97.64,1,Completed,DOCK-7,0,4
2026-04-19 21:00:00,OP011,Adam Simon,A,Afternoon,50,0,516.0,50,97.44,4,Completed,DOCK-3,11,3
2026-04-19 21:00:00,OP015,Tom Roux,E,Afternoon,47,1,639.0,47,97.6,2,Completed,DOCK-7,11,5
2026-04-19 21:00:00,OP002,Emma Bernard,B,Afternoon,52,1,568.2,156,98.1,5,Completed,DOCK-2,3,11
2026-04-19 21:00:00,OP005,Louis Robert,E,Afternoon,57,0,618.6,171,97.85,2,Completed,DOCK-5,11,1
2026-04-19 21:00:00,OP004,Chloe Thomas,D,Afternoon,55,0,569.5,165,98.27,4,Completed,DOCK-4,1,6
2026-04-19 21:00:00,OP012,Camille Michel,B,Afternoon,40,0,553.3,120,98.02,4,Completed,DOCK-4,1,5
2026-04-19 21:00:00,OP017,Liam Girard,B,Afternoon,40,1,513.4,80,98.4,5,Delayed,DOCK-1,11,11
2026-04-19 22:00:00,OP017,Liam Girard,B,Night,25,1,258.1,50,97.32,3,Completed,DOCK-1,5,5
2026-04-19 22:00:00,OP006,Manon Richard,A,Night,32,1,397.0,64,96.88,1,Completed,DOCK-6,7,10
2026-04-19 22:00:00,OP018,Lina Bonnet,C,Night,30,0,287.2,30,98.2,4,Completed,DOCK-2,1,6
2026-04-19 22:00:00,OP004,Chloe Thomas,D,Night,49,0,429.0,98,98.82,2,Delayed,DOCK-4,8,8
2026-04-19 22:00:00,OP015,Tom Roux,E,Night,35,0,376.7,70,97.86,2,Cancelled,DOCK-7,1,1
2026-04-19 22:00:00,OP013,Raphael Lefebvre,C,Night,28,1,295.1,56,97.83,1,Completed,DOCK-5,11,1
2026-04-19 22:00:00,OP010,Sarah Laurent,E,Night,44,0,428.3,44,98.25,5,Completed,DOCK-2,2,3
2026-04-19 22:00:00,OP001,Lucas Martin,A,Night,25,0,329.1,25,98.88,2,Delayed,DOCK-1,4,5
2026-04-19 22:00:00,OP020,Mila Faure,E,Night,31,0,317.6,31,98.83,1,Completed,DOCK-4,3,4
2026-04-19 23:00:00,OP014,Ines Leroy,D,Night,26,0,369.4,26,99.2,1,Completed,DOCK-6,3,0
2026-04-19 23:00:00,OP017,Liam Girard,B,Night,30,0,310.0,90,98.29,4,Completed,DOCK-1,5,8
2026-04-19 23:00:00,OP005,Louis Robert,E,Night,36,0,464.8,72,98.49,4,Completed,DOCK-5,1,4
2026-04-19 23:00:00,OP009,Jules Moreau,D,Night,25,0,230.4,25,99.08,1,Completed,DOCK-1,6,1
2026-04-19 23:00:00,OP015,Tom Roux,E,Night,39,2,453.6,39,99.44,4,Completed,DOCK-7,0,5
2026-04-19 23:00:00,OP019,Noah Lambert,D,Night,30,1,417.3,90,97.82,1,Completed,DOCK-3,0,7
2026-04-19 23:00:00,OP008,Lea Durand,C,Night,43,1,461.9,129,99.52,4,Completed,DOCK-8,5,2
2026-04-19 23:00:00,OP007,Nathan Petit,B,Night,39,0,517.1,78,97.22,1,Completed,DOCK-7,4,4
2026-04-19 23:00:00,OP004,Chloe Thomas,D,Night,37,0,522.5,74,98.56,6,Completed,DOCK-4,11,10
2026-04-19 23:00:00,OP006,Manon Richard,A,Night,37,0,535.8,111,96.6,3,Completed,DOCK-6,11,0
2026-04-19 23:00:00,OP011,Adam Simon,A,Night,36,0,335.6,72,98.05,7,Completed,DOCK-3,11,5
2026-04-19 23:00:00,OP012,Camille Michel,B,Night,33,0,446.1,33,98.93,4,Completed,DOCK-4,11,0
2026-04-20 00:00:00,OP006,Manon Richard,A,Night,36,0,392.7,108,98.38,3,Completed,DOCK-6,11,4
2026-04-20 00:00:00,OP007,Nathan Petit,B,Night,46,1,457.0,138,98.58,4,Completed,DOCK-7,5,8
2026-04-20 00:00:00,OP001,Lucas Martin,A,Night,31,0,425.9,62,98.21,1,Delayed,DOCK-1,2,3
2026-04-20 00:00:00,OP015,Tom Roux,E,Night,38,0,394.4,114,98.78,2,Completed,DOCK-7,0,4
2026-04-20 00:00:00,OP020,Mila Faure,E,Night,33,0,418.3,33,98.97,6,Completed,DOCK-4,0,7
2026-04-20 00:00:00,OP011,Adam Simon,A,Night,42,1,441.6,84,97.1,5,Completed,DOCK-3,1,8
2026-04-20 00:00:00,OP008,Lea Durand,C,Night,39,1,351.6,78,98.57,4,Completed,DOCK-8,10,1
2026-04-20 00:00:00,OP005,Louis Robert,E,Night,49,0,593.9,147,99.4,6,Completed,DOCK-5,0,6
2026-04-20 00:00:00,OP013,Raphael Lefebvre,C,Night,45,1,446.9,45,96.81,5,Completed,DOCK-5,7,3
2026-04-20 00:00:00,OP002,Emma Bernard,B,Night,43,0,529.0,43,98.93,3,Completed,DOCK-2,0,2
2026-04-20 01:00:00,OP001,Lucas Martin,A,Night,36,0,374.4,36,98.04,3,Completed,DOCK-1,3,5
2026-04-20 01:00:00,OP003,Hugo Dubois,C,Night,33,1,422.1,33,96.56,5,Completed,DOCK-3,11,3
2026-04-20 01:00:00,OP008,Lea Durand,C,Night,24,0,230.9,48,97.08,1,Completed,DOCK-8,8,4
2026-04-20 01:00:00,OP002,Emma Bernard,B,Night,49,0,482.2,49,96.87,3,Delayed,DOCK-2,2,8
2026-04-20 01:00:00,OP019,Noah Lambert,D,Night,40,1,479.8,120,97.44,1,Completed,DOCK-3,8,3
2026-04-20 01:00:00,OP018,Lina Bonnet,C,Night,31,0,325.5,93,98.23,4,Delayed,DOCK-2,10,7
2026-04-20 01:00:00,OP007,Nathan Petit,B,Night,42,0,446.9,84,98.05,3,Completed,DOCK-7,0,6
2026-04-20 01:00:00,OP010,Sarah Laurent,E,Night,44,1,532.2,44,98.92,4,Completed,DOCK-2,6,10
2026-04-20 02:00:00,OP018,Lina Bonnet,C,Night,37,0,325.1,37,97.92,4,Completed,DOCK-2,2,8
2026-04-20 02:00:00,OP017,Liam Girard,B,Night,32,1,293.2,64,97.87,2,Completed,DOCK-1,2,8
2026-04-20 02:00:00,OP019,Noah Lambert,D,Night,44,2,584.9,88,99.48,1,Completed,DOCK-3,6,7
2026-04-20 02:00:00,OP013,Raphael Lefebvre,C,Night,42,0,396.7,42,98.6,6,Completed,DOCK-5,2,5
2026-04-20 02:00:00,OP020,Mila Faure,E,Night,28,0,309.7,28,98.26,5,Completed,DOCK-4,6,6
2026-04-20 02:00:00,OP016,Jade Fournier,A,Night,36,0,470.8,72,98.9,5,Completed,DOCK-8,0,10
2026-04-20 02:00:00,OP010,Sarah Laurent,E,Night,50,2,431.6,100,96.95,4,Completed,DOCK-2,6,0
2026-04-20 02:00:00,OP011,Adam Simon,A,Night,27,0,319.6,27,98.42,1,Completed,DOCK-3,8,1
2026-04-20 02:00:00,OP007,Nathan Petit,B,Night,41,0,415.7,82,98.16,3,Completed,DOCK-7,10,3
2026-04-20 03:00:00,OP014,Ines Leroy,D,Night,34,1,449.3,68,96.26,5,Delayed,DOCK-6,11,10
2026-04-20 03:00:00,OP009,Jules Moreau,D,Night,32,1,445.4,64,98.56,3,Completed,DOCK-1,8,9
2026-04-20 03:00:00,OP019,Noah Lambert,D,Night,39,1,528.2,39,99.53,4,Delayed,DOCK-3,6,7
2026-04-20 03:00:00,OP002,Emma Bernard,B,Night,36,0,348.4,108,96.93,1,Completed,DOCK-2,9,6
2026-04-20 03:00:00,OP001,Lucas Martin,A,Night,34,0,374.0,34,97.14,4,Completed,DOCK-1,1,11
2026-04-20 03:00:00,OP008,Lea Durand,C,Night,40,2,359.8,40,98.24,2,Delayed,DOCK-8,0,7
2026-04-20 03:00:00,OP004,Chloe Thomas,D,Night,38,0,370.8,76,98.67,4,Delayed,DOCK-4,0,11
2026-04-20 03:00:00,OP016,Jade Fournier,A,Night,33,0,291.2,66,97.17,3,Completed,DOCK-8,10,7
2026-04-20 03:00:00,OP007,Nathan Petit,B,Night,47,1,562.9,94,97.59,4,Delayed,DOCK-7,1,4
2026-04-20 03:00:00,OP020,Mila Faure,E,Night,40,2,577.5,80,97.11,4,Delayed,DOCK-4,8,0
2026-04-20 03:00:00,OP011,Adam Simon,A,Night,42,0,489.8,42,97.19,4,Completed,DOCK-3,0,8
2026-04-20 03:00:00,OP017,Liam Girard,B,Night,34,0,467.1,34,97.0,3,Delayed,DOCK-1,6,1
2026-04-20 03:00:00,OP013,Raphael Lefebvre,C,Night,42,0,392.2,84,98.86,2,Completed,DOCK-5,8,9
2026-04-20 04:00:00,OP008,Lea Durand,C,Night,50,0,528.0,150,97.92,5,Delayed,DOCK-8,0,5
2026-04-20 04:00:00,OP012,Camille Michel,B,Night,28,1,304.4,56,98.22,1,Completed,DOCK-4,0,9
2026-04-20 04:00:00,OP015,Tom Roux,E,Night,39,0,492.3,78,98.87,2,Completed,DOCK-7,4,1
2026-04-20 04:00:00,OP007,Nathan Petit,B,Night,42,0,490.1,126,99.05,2,Completed,DOCK-7,2,7
2026-04-20 04:00:00,OP020,Mila Faure,E,Night,27,0,370.0,81,96.97,2,Completed,DOCK-4,1,3
2026-04-20 04:00:00,OP002,Emma Bernard,B,Night,37,0,463.5,37,99.46,3,Completed,DOCK-2,0,2
2026-04-20 04:00:00,OP018,Lina Bonnet,C,Night,51,1,575.7,102,98.21,3,Completed,DOCK-2,7,6
2026-04-20 04:00:00,OP006,Manon Richard,A,Night,35,1,447.7,105,98.42,3,Completed,DOCK-6,4,9
2026-04-20 04:00:00,OP004,Chloe Thomas,D,Night,41,0,525.6,41,98.06,4,Completed,DOCK-4,5,9
2026-04-20 04:00:00,OP017,Liam Girard,B,Night,27,0,329.5,27,96.47,4,Completed,DOCK-1,0,6
2026-04-20 05:00:00,OP019,Noah Lambert,D,Night,44,1,388.7,88,97.18,3,Completed,DOCK-3,9,3
2026-04-20 05:00:00,OP013,Raphael Lefebvre,C,Night,43,0,621.9,86,98.17,9,Completed,DOCK-5,7,5
2026-04-20 05:00:00,OP018,Lina Bonnet,C,Night,48,0,515.6,144,97.17,5,Completed,DOCK-2,6,10
2026-04-20 05:00:00,OP011,Adam Simon,A,Night,35,0,428.0,35,97.51,2,Delayed,DOCK-3,7,2
2026-04-20 05:00:00,OP008,Lea Durand,C,Night,26,0,320.4,26,95.76,1,Completed,DOCK-8,4,8
2026-04-20 05:00:00,OP001,Lucas Martin,A,Night,31,0,312.4,93,97.92,4,Completed,DOCK-1,5,10
2026-04-20 05:00:00,OP010,Sarah Laurent,E,Night,47,0,596.3,47,98.67,7,Completed,DOCK-2,8,1
2026-04-20 05:00:00,OP016,Jade Fournier,A,Night,36,0,369.7,108,98.74,1,Completed,DOCK-8,3,1
2026-04-20 05:00:00,OP017,Liam Girard,B,Night,33,0,476.0,99,97.53,2,Completed,DOCK-1,3,6
2026-04-20 06:00:00,OP004,Chloe Thomas,D,Morning,83,1,729.6,166,97.54,6,Completed,DOCK-4,4,6
2026-04-20 06:00:00,OP018,Lina Bonnet,C,Morning,79,0,818.2,237,99.45,6,Completed,DOCK-2,10,4
2026-04-20 06:00:00,OP012,Camille Michel,B,Morning,64,4,845.3,192,97.41,8,Completed,DOCK-4,10,4
2026-04-20 06:00:00,OP003,Hugo Dubois,C,Morning,79,1,814.3,79,97.67,3,Delayed,DOCK-3,7,8
2026-04-20 06:00:00,OP002,Emma Bernard,B,Morning,66,3,758.8,198,98.51,6,Completed,DOCK-2,0,7
2026-04-20 06:00:00,OP011,Adam Simon,A,Morning,63,0,632.3,63,98.2,1,Completed,DOCK-3,6,5
2026-04-20 06:00:00,OP014,Ines Leroy,D,Morning,72,0,833.3,144,97.1,7,Completed,DOCK-6,7,0
2026-04-20 06:00:00,OP009,Jules Moreau,D,Morning,76,0,730.1,152,97.9,7,Completed,DOCK-1,0,5
2026-04-20 06:00:00,OP010,Sarah Laurent,E,Morning,83,0,773.5,249,98.38,5,Completed,DOCK-2,2,4
2026-04-20 06:00:00,OP013,Raphael Lefebvre,C,Morning,76,1,970.8,76,97.33,4,Completed,DOCK-5,10,8
2026-04-20 07:00:00,OP010,Sarah Laurent,E,Morning,78,2,770.0,78,98.55,3,Completed,DOCK-2,8,0
2026-04-20 07:00:00,OP014,Ines Leroy,D,Morning,74,0,993.6,74,97.81,5,Completed,DOCK-6,9,9
2026-04-20 07:00:00,OP017,Liam Girard,B,Morning,63,1,856.2,189,99.06,3,Completed,DOCK-1,11,9
2026-04-20 07:00:00,OP009,Jules Moreau,D,Morning,72,1,925.7,72,97.13,10,Completed,DOCK-1,4,2
2026-04-20 07:00:00,OP008,Lea Durand,C,Morning,66,0,942.6,132,97.94,1,Completed,DOCK-8,0,11
2026-04-20 07:00:00,OP015,Tom Roux,E,Morning,77,0,968.4,77,98.91,10,Cancelled,DOCK-7,5,3
2026-04-20 07:00:00,OP013,Raphael Lefebvre,C,Morning,68,0,614.3,136,99.1,11,Completed,DOCK-5,0,5
2026-04-20 07:00:00,OP020,Mila Faure,E,Morning,63,1,549.4,126,97.94,5,Completed,DOCK-4,10,4
2026-04-20 07:00:00,OP007,Nathan Petit,B,Morning,69,0,956.6,207,98.73,4,Completed,DOCK-7,7,8
2026-04-20 07:00:00,OP018,Lina Bonnet,C,Morning,75,1,1065.4,225,98.23,7,Completed,DOCK-2,0,5
2026-04-20 08:00:00,OP003,Hugo Dubois,C,Morning,63,3,545.8,126,98.32,8,Completed,DOCK-3,1,11
2026-04-20 08:00:00,OP019,Noah Lambert,D,Morning,65,0,589.5,195,96.76,3,Delayed,DOCK-3,9,1
2026-04-20 08:00:00,OP018,Lina Bonnet,C,Morning,83,1,1092.5,249,97.74,6,Completed,DOCK-2,11,0
2026-04-20 08:00:00,OP017,Liam Girard,B,Morning,58,2,603.7,174,98.15,6,Delayed,DOCK-1,10,7
2026-04-20 08:00:00,OP016,Jade Fournier,A,Morning,70,2,690.4,140,98.12,8,Completed,DOCK-8,1,3
2026-04-20 08:00:00,OP002,Emma Bernard,B,Morning,68,0,925.7,204,98.17,1,Cancelled,DOCK-2,2,8
2026-04-20 08:00:00,OP012,Camille Michel,B,Morning,66,1,902.8,66,96.92,4,Completed,DOCK-4,4,2
2026-04-20 08:00:00,OP009,Jules Moreau,D,Morning,58,1,593.8,58,97.03,4,Completed,DOCK-1,0,5
2026-04-20 08:00:00,OP007,Nathan Petit,B,Morning,71,2,1023.5,142,97.91,6,Completed,DOCK-7,0,2
2026-04-20 08:00:00,OP015,Tom Roux,E,Morning,74,0,751.0,148,97.18,4,Cancelled,DOCK-7,3,11
2026-04-20 08:00:00,OP014,Ines Leroy,D,Morning,65,1,885.6,65,98.84,7,Completed,DOCK-6,7,11
2026-04-20 08:00:00,OP013,Raphael Lefebvre,C,Morning,71,0,684.5,213,97.79,6,Completed,DOCK-5,1,11
2026-04-20 08:00:00,OP004,Chloe Thomas,D,Morning,67,1,610.2,134,98.43,7,Completed,DOCK-4,4,9
2026-04-20 08:00:00,OP011,Adam Simon,A,Morning,68,2,590.8,68,97.49,1,Completed,DOCK-3,0,3
2026-04-20 08:00:00,OP006,Manon Richard,A,Morning,64,1,575.8,128,99.0,3,Completed,DOCK-6,5,0
2026-04-20 09:00:00,OP017,Liam Girard,B,Morning,65,1,697.5,65,98.28,3,Delayed,DOCK-1,11,4
2026-04-20 09:00:00,OP009,Jules Moreau,D,Morning,74,1,721.9,222,98.27,4,Completed,DOCK-1,5,10
2026-04-20 09:00:00,OP018,Lina Bonnet,C,Morning,80,1,743.7,80,98.0,7,Completed,DOCK-2,7,7
2026-04-20 09:00:00,OP010,Sarah Laurent,E,Morning,68,1,837.8,136,98.53,6,Completed,DOCK-2,0,3
2026-04-20 09:00:00,OP004,Chloe Thomas,D,Morning,83,0,1117.8,83,98.7,9,Completed,DOCK-4,3,8
2026-04-20 09:00:00,OP019,Noah Lambert,D,Morning,76,0,789.5,152,98.06,7,Completed,DOCK-3,11,6
2026-04-20 09:00:00,OP013,Raphael Lefebvre,C,Morning,65,2,619.1,195,98.65,9,Completed,DOCK-5,5,9
2026-04-20 09:00:00,OP001,Lucas Martin,A,Morning,60,1,570.3,180,98.57,5,Completed,DOCK-1,7,11
2026-04-20 09:00:00,OP003,Hugo Dubois,C,Morning,65,1,556.5,65,98.2,3,Completed,DOCK-3,5,8
2026-04-20 09:00:00,OP012,Camille Michel,B,Morning,67,0,601.7,134,97.85,6,Completed,DOCK-4,4,2
2026-04-20 09:00:00,OP020,Mila Faure,E,Morning,25,0,302.5,25,98.56,4,Completed,DOCK-4,7,1
2026-04-20 09:00:00,OP016,Jade Fournier,A,Morning,73,0,830.5,219,99.9,4,Completed,DOCK-8,4,5
2026-04-20 09:00:00,OP005,Louis Robert,E,Morning,70,2,795.0,140,99.05,12,Completed,DOCK-5,6,7
2026-04-20 09:00:00,OP006,Manon Richard,A,Morning,72,2,936.1,72,97.37,7,Completed,DOCK-6,1,11
2026-04-20 09:00:00,OP002,Emma Bernard,B,Morning,73,0,731.7,73,98.64,9,Completed,DOCK-2,8,4
2026-04-20 10:00:00,OP013,Raphael Lefebvre,C,Morning,72,4,908.6,144,98.79,4,Completed,DOCK-5,6,10
2026-04-20 10:00:00,OP003,Hugo Dubois,C,Morning,62,0,538.8,62,98.6,3,Completed,DOCK-3,5,2
2026-04-20 10:00:00,OP016,Jade Fournier,A,Morning,70,2,793.3,140,99.67,5,Completed,DOCK-8,8,11
2026-04-20 10:00:00,OP009,Jules Moreau,D,Morning,58,1,837.9,116,98.52,3,Completed,DOCK-1,7,3
2026-04-20 10:00:00,OP006,Manon Richard,A,Morning,74,2,645.1,222,97.32,5,Completed,DOCK-6,2,7
2026-04-20 10:00:00,OP020,Mila Faure,E,Morning,56,1,638.8,56,95.67,3,Completed,DOCK-4,11,7
2026-04-20 10:00:00,OP018,Lina Bonnet,C,Morning,79,3,1124.5,237,99.27,3,Completed,DOCK-2,1,10
2026-04-20 10:00:00,OP001,Lucas Martin,A,Morning,55,2,717.5,110,98.26,4,Completed,DOCK-1,1,8
2026-04-20 10:00:00,OP007,Nathan Petit,B,Morning,73,1,812.4,219,98.57,6,Completed,DOCK-7,5,9
2026-04-20 10:00:00,OP005,Louis Robert,E,Morning,69,2,864.2,69,96.62,4,Completed,DOCK-5,1,0
2026-04-20 10:00:00,OP004,Chloe Thomas,D,Morning,69,1,848.0,207,96.49,5,Completed,DOCK-4,11,0
2026-04-20 11:00:00,OP008,Lea Durand,C,Morning,72,1,806.2,144,98.67,6,Completed,DOCK-8,7,0
2026-04-20 11:00:00,OP012,Camille Michel,B,Morning,64,1,787.9,64,96.55,8,Completed,DOCK-4,8,0
2026-04-20 11:00:00,OP014,Ines Leroy,D,Morning,65,2,646.6,130,97.52,5,Completed,DOCK-6,11,6
2026-04-20 11:00:00,OP007,Nathan Petit,B,Morning,81,1,1095.7,81,98.57,5,Completed,DOCK-7,4,0
2026-04-20 11:00:00,OP006,Manon Richard,A,Morning,63,3,787.8,126,98.46,1,Completed,DOCK-6,11,8
2026-04-20 11:00:00,OP018,Lina Bonnet,C,Morning,73,0,936.8,146,98.01,4,Delayed,DOCK-2,5,11
2026-04-20 11:00:00,OP003,Hugo Dubois,C,Morning,70,2,750.5,140,98.13,4,Completed,DOCK-3,0,5
2026-04-20 11:00:00,OP011,Adam Simon,A,Morning,72,3,907.7,216,97.96,4,Completed,DOCK-3,10,8
2026-04-20 11:00:00,OP019,Noah Lambert,D,Morning,75,0,974.6,75,98.1,4,Completed,DOCK-3,2,2
2026-04-20 11:00:00,OP002,Emma Bernard,B,Morning,67,1,824.6,201,97.49,7,Completed,DOCK-2,1,9
2026-04-20 11:00:00,OP015,Tom Roux,E,Morning,74,0,1032.1,222,97.41,5,Completed,DOCK-7,4,11
2026-04-20 11:00:00,OP001,Lucas Martin,A,Morning,66,2,675.7,66,96.11,6,Completed,DOCK-1,7,8
2026-04-20 12:00:00,OP014,Ines Leroy,D,Morning,60,1,532.6,60,97.28,4,Completed,DOCK-6,7,9
2026-04-20 12:00:00,OP006,Manon Richard,A,Morning,59,0,551.3,59,98.78,8,Delayed,DOCK-6,10,1
2026-04-20 12:00:00,OP011,Adam Simon,A,Morning,70,4,898.1,210,99.11,9,Completed,DOCK-3,9,1
2026-04-20 12:00:00,OP002,Emma Bernard,B,Morning,74,1,901.0,74,99.26,7,Completed,DOCK-2,2,8
2026-04-20 12:00:00,OP019,Noah Lambert,D,Morning,57,0,804.5,171,97.8,6,Delayed,DOCK-3,5,4
2026-04-20 12:00:00,OP013,Raphael Lefebvre,C,Morning,69,0,930.1,69,97.16,9,Completed,DOCK-5,4,6
2026-04-20 12:00:00,OP017,Liam Girard,B,Morning,56,0,543.9,168,97.42,2,Completed,DOCK-1,1,10
2026-04-20 12:00:00,OP010,Sarah Laurent,E,Morning,67,1,848.0,201,98.4,8,Completed,DOCK-2,0,0
2026-04-20 12:00:00,OP016,Jade Fournier,A,Morning,76,3,1102.0,76,98.29,9,Completed,DOCK-8,8,3
2026-04-20 12:00:00,OP020,Mila Faure,E,Morning,55,1,731.1,165,98.35,2,Completed,DOCK-4,4,1
2026-04-20 12:00:00,OP008,Lea Durand,C,Morning,72,0,1015.1,72,97.01,6,Completed,DOCK-8,9,5
2026-04-20 13:00:00,OP015,Tom Roux,E,Morning,71,0,867.4,213,99.19,5,Completed,DOCK-7,3,6
2026-04-20 13:00:00,OP020,Mila Faure,E,Morning,72,2,997.2,216,97.02,4,Completed,DOCK-4,7,0
2026-04-20 13:00:00,OP014,Ines Leroy,D,Morning,62,0,888.0,62,98.24,2,Delayed,DOCK-6,10,2
2026-04-20 13:00:00,OP018,Lina Bonnet,C,Morning,75,2,692.1,75,98.95,6,Completed,DOCK-2,0,0
2026-04-20 13:00:00,OP008,Lea Durand,C,Morning,62,0,615.7,62,98.45,5,Completed,DOCK-8,7,5
2026-04-20 13:00:00,OP003,Hugo Dubois,C,Morning,66,0,837.5,66,98.32,10,Completed,DOCK-3,9,8
2026-04-20 13:00:00,OP009,Jules Moreau,D,Morning,62,2,670.0,62,97.65,3,Completed,DOCK-1,7,9
2026-04-20 13:00:00,OP012,Camille Michel,B,Morning,58,2,542.1,116,98.46,3,Completed,DOCK-4,7,7
2026-04-20 14:00:00,OP002,Emma Bernard,B,Afternoon,54,0,462.5,162,98.27,7,Completed,DOCK-2,7,10
2026-04-20 14:00:00,OP017,Liam Girard,B,Afternoon,47,1,637.8,47,97.71,5,Completed,DOCK-1,9,5
2026-04-20 14:00:00,OP001,Lucas Martin,A,Afternoon,52,1,726.4,52,97.1,5,Completed,DOCK-1,9,6
2026-04-20 14:00:00,OP016,Jade Fournier,A,Afternoon,66,3,581.8,198,99.9,11,Completed,DOCK-8,6,9
2026-04-20 14:00:00,OP005,Louis Robert,E,Afternoon,64,0,644.0,192,97.17,5,Completed,DOCK-5,4,10
2026-04-20 14:00:00,OP014,Ines Leroy,D,Afternoon,51,3,496.7,102,98.35,4,Completed,DOCK-6,6,10
2026-04-20 14:00:00,OP007,Nathan Petit,B,Afternoon,68,1,642.5,68,97.44,1,Completed,DOCK-7,1,4
2026-04-20 14:00:00,OP004,Chloe Thomas,D,Afternoon,68,3,916.1,136,99.88,7,Completed,DOCK-4,6,9
2026-04-20 14:00:00,OP010,Sarah Laurent,E,Afternoon,64,0,660.4,192,99.04,2,Completed,DOCK-2,1,1
2026-04-20 14:00:00,OP019,Noah Lambert,D,Afternoon,54,3,599.8,108,97.4,6,Delayed,DOCK-3,10,5
2026-04-20 14:00:00,OP015,Tom Roux,E,Afternoon,56,0,649.2,168,98.48,3,Completed,DOCK-7,7,7
2026-04-20 14:00:00,OP003,Hugo Dubois,C,Afternoon,54,0,626.2,54,98.65,5,Completed,DOCK-3,0,7
2026-04-20 15:00:00,OP018,Lina Bonnet,C,Afternoon,68,2,923.6,204,98.99,3,Cancelled,DOCK-2,11,10
2026-04-20 15:00:00,OP004,Chloe Thomas,D,Afternoon,67,2,706.0,201,98.07,5,Completed,DOCK-4,9,6
2026-04-20 15:00:00,OP019,Noah Lambert,D,Afternoon,53,4,648.5,53,98.26,4,Completed,DOCK-3,6,4
2026-04-20 15:00:00,OP016,Jade Fournier,A,Afternoon,54,1,624.3,108,99.9,4,Completed,DOCK-8,0,5
2026-04-20 15:00:00,OP006,Manon Richard,A,Afternoon,44,0,621.2,132,99.52,5,Completed,DOCK-6,10,11
2026-04-20 15:00:00,OP011,Adam Simon,A,Afternoon,57,1,797.1,57,98.09,6,Completed,DOCK-3,0,11
2026-04-20 15:00:00,OP007,Nathan Petit,B,Afternoon,65,1,755.3,195,98.2,11,Completed,DOCK-7,11,2
2026-04-20 15:00:00,OP015,Tom Roux,E,Afternoon,65,0,920.0,195,98.05,6,Completed,DOCK-7,10,11
2026-04-20 15:00:00,OP002,Emma Bernard,B,Afternoon,60,1,755.5,180,99.11,5,Completed,DOCK-2,4,11
2026-04-20 15:00:00,OP014,Ines Leroy,D,Afternoon,53,0,598.3,53,98.21,7,Completed,DOCK-6,2,10
2026-04-20 16:00:00,OP008,Lea Durand,C,Afternoon,49,0,467.5,49,97.5,6,Completed,DOCK-8,8,4
2026-04-20 16:00:00,OP011,Adam Simon,A,Afternoon,58,2,685.4,116,98.29,4,Cancelled,DOCK-3,2,6
2026-04-20 16:00:00,OP012,Camille Michel,B,Afternoon,45,0,599.4,135,96.85,7,Completed,DOCK-4,1,8
2026-04-20 16:00:00,OP014,Ines Leroy,D,Afternoon,55,3,622.5,110,97.61,7,Completed,DOCK-6,7,5
2026-04-20 16:00:00,OP002,Emma Bernard,B,Afternoon,48,1,581.2,96,99.06,6,Completed,DOCK-2,9,5
2026-04-20 16:00:00,OP001,Lucas Martin,A,Afternoon,47,1,623.7,47,97.68,3,Completed,DOCK-1,6,5
2026-04-20 16:00:00,OP019,Noah Lambert,D,Afternoon,60,1,727.9,120,98.42,7,Completed,DOCK-3,8,1
2026-04-20 16:00:00,OP017,Liam Girard,B,Afternoon,44,0,582.0,88,96.87,2,Completed,DOCK-1,1,1
2026-04-20 16:00:00,OP003,Hugo Dubois,C,Afternoon,47,0,541.5,94,97.64,4,Cancelled,DOCK-3,10,7
2026-04-20 17:00:00,OP014,Ines Leroy,D,Afternoon,53,2,590.7,106,97.1,7,Completed,DOCK-6,11,11
2026-04-20 17:00:00,OP009,Jules Moreau,D,Afternoon,55,2,477.1,165,97.45,5,Completed,DOCK-1,9,0
2026-04-20 17:00:00,OP020,Mila Faure,E,Afternoon,57,1,696.1,114,96.65,2,Completed,DOCK-4,5,10
2026-04-20 17:00:00,OP006,Manon Richard,A,Afternoon,54,0,572.7,162,97.57,3,Completed,DOCK-6,10,6
2026-04-20 17:00:00,OP005,Louis Robert,E,Afternoon,53,0,467.8,53,97.39,3,Completed,DOCK-5,1,5
2026-04-20 17:00:00,OP015,Tom Roux,E,Afternoon,67,0,893.3,201,97.3,6,Cancelled,DOCK-7,7,3
2026-04-20 17:00:00,OP012,Camille Michel,B,Afternoon,47,1,431.2,47,98.51,3,Delayed,DOCK-4,8,1
2026-04-20 17:00:00,OP004,Chloe Thomas,D,Afternoon,68,0,981.1,136,98.88,8,Completed,DOCK-4,0,8
2026-04-20 17:00:00,OP010,Sarah Laurent,E,Afternoon,66,1,606.1,132,98.18,8,Completed,DOCK-2,2,10
2026-04-20 17:00:00,OP008,Lea Durand,C,Afternoon,46,0,465.3,138,98.27,2,Completed,DOCK-8,2,6
2026-04-20 18:00:00,OP007,Nathan Petit,B,Afternoon,62,1,636.0,124,99.32,9,Completed,DOCK-7,1,1
2026-04-20 18:00:00,OP003,Hugo Dubois,C,Afternoon,40,0,409.8,80,97.35,4,Completed,DOCK-3,5,6
2026-04-20 18:00:00,OP016,Jade Fournier,A,Afternoon,59,2,561.3,118,98.16,4,Completed,DOCK-8,8,2
2026-04-20 18:00:00,OP020,Mila Faure,E,Afternoon,46,1,406.6,92,99.28,2,Delayed,DOCK-4,4,11
2026-04-20 18:00:00,OP011,Adam Simon,A,Afternoon,61,1,651.5,122,98.36,1,Completed,DOCK-3,9,7
2026-04-20 18:00:00,OP010,Sarah Laurent,E,Afternoon,59,0,803.3,118,97.37,2,Completed,DOCK-2,9,6
2026-04-20 18:00:00,OP006,Manon Richard,A,Afternoon,53,1,763.8,159,97.16,5,Completed,DOCK-6,9,6
2026-04-20 18:00:00,OP013,Raphael Lefebvre,C,Afternoon,51,0,707.1,153,97.74,2,Completed,DOCK-5,7,9
2026-04-20 18:00:00,OP018,Lina Bonnet,C,Afternoon,58,0,663.4,58,97.72,4,Completed,DOCK-2,9,5
2026-04-20 18:00:00,OP004,Chloe Thomas,D,Afternoon,65,0,852.7,65,98.22,7,Completed,DOCK-4,0,4
2026-04-20 18:00:00,OP017,Liam Girard,B,Afternoon,47,1,612.2,94,97.54,2,Delayed,DOCK-1,0,5
2026-04-20 18:00:00,OP005,Louis Robert,E,Afternoon,60,0,700.1,180,97.72,5,Completed,DOCK-5,8,1
2026-04-20 18:00:00,OP015,Tom Roux,E,Afternoon,60,0,594.8,60,98.38,5,Delayed,DOCK-7,10,3
2026-04-20 18:00:00,OP008,Lea Durand,C,Afternoon,52,2,568.8,156,97.49,3,Completed,DOCK-8,9,0
2026-04-20 19:00:00,OP005,Louis Robert,E,Afternoon,53,0,615.9,53,98.6,4,Completed,DOCK-5,4,4
2026-04-20 19:00:00,OP008,Lea Durand,C,Afternoon,55,2,620.7,55,97.93,5,Completed,DOCK-8,11,9
2026-04-20 19:00:00,OP012,Camille Michel,B,Afternoon,44,1,403.1,44,97.51,6,Completed,DOCK-4,0,2
2026-04-20 19:00:00,OP011,Adam Simon,A,Afternoon,53,0,650.0,53,96.22,4,Completed,DOCK-3,5,1
2026-04-20 19:00:00,OP010,Sarah Laurent,E,Afternoon,61,1,876.3,183,98.08,6,Completed,DOCK-2,5,5
2026-04-20 19:00:00,OP014,Ines Leroy,D,Afternoon,49,0,564.9,147,99.19,4,Delayed,DOCK-6,11,3
2026-04-20 19:00:00,OP001,Lucas Martin,A,Afternoon,44,2,595.9,88,97.52,2,Completed,DOCK-1,3,3
2026-04-20 19:00:00,OP004,Chloe Thomas,D,Afternoon,66,0,942.0,198,99.25,7,Completed,DOCK-4,4,0
2026-04-20 19:00:00,OP018,Lina Bonnet,C,Afternoon,64,1,574.1,128,98.54,2,Completed,DOCK-2,6,9
2026-04-20 20:00:00,OP016,Jade Fournier,A,Afternoon,59,0,533.7,177,99.89,3,Completed,DOCK-8,3,8
2026-04-20 20:00:00,OP019,Noah Lambert,D,Afternoon,49,0,464.1,147,97.31,5,Cancelled,DOCK-3,9,0
2026-04-20 20:00:00,OP008,Lea Durand,C,Afternoon,61,1,752.7,183,97.48,8,Completed,DOCK-8,10,8
2026-04-20 20:00:00,OP015,Tom Roux,E,Afternoon,68,3,964.9,68,98.36,9,Completed,DOCK-7,10,5
2026-04-20 20:00:00,OP010,Sarah Laurent,E,Afternoon,50,0,674.7,50,97.47,4,Completed,DOCK-2,3,5
2026-04-20 20:00:00,OP005,Louis Robert,E,Afternoon,55,1,705.3,165,98.55,3,Completed,DOCK-5,10,6
2026-04-20 20:00:00,OP007,Nathan Petit,B,Afternoon,65,0,894.0,65,96.91,4,Completed,DOCK-7,10,6
2026-04-20 20:00:00,OP017,Liam Girard,B,Afternoon,46,0,521.4,138,97.95,10,Completed,DOCK-1,11,8
2026-04-20 20:00:00,OP014,Ines Leroy,D,Afternoon,59,0,787.3,59,96.64,3,Completed,DOCK-6,7,4
2026-04-20 20:00:00,OP009,Jules Moreau,D,Afternoon,52,1,497.6,104,97.98,7,Completed,DOCK-1,5,4
2026-04-20 21:00:00,OP008,Lea Durand,C,Afternoon,51,0,506.5,102,99.31,6,Completed,DOCK-8,7,6
2026-04-20 21:00:00,OP015,Tom Roux,E,Afternoon,68,0,823.9,204,98.56,5,Completed,DOCK-7,9,2
2026-04-20 21:00:00,OP002,Emma Bernard,B,Afternoon,59,0,529.0,177,98.43,4,Completed,DOCK-2,11,10
2026-04-20 21:00:00,OP007,Nathan Petit,B,Afternoon,63,0,779.8,126,96.72,5,Completed,DOCK-7,11,5
2026-04-20 21:00:00,OP003,Hugo Dubois,C,Afternoon,51,0,615.9,153,97.88,4,Completed,DOCK-3,0,11
2026-04-20 21:00:00,OP005,Louis Robert,E,Afternoon,62,1,894.3,186,97.58,8,Completed,DOCK-5,9,3
2026-04-20 21:00:00,OP004,Chloe Thomas,D,Afternoon,60,0,524.3,120,97.12,1,Completed,DOCK-4,0,2
2026-04-20 21:00:00,OP020,Mila Faure,E,Afternoon,44,2,524.0,44,98.06,3,Completed,DOCK-4,4,0
2026-04-20 21:00:00,OP010,Sarah Laurent,E,Afternoon,59,0,738.9,118,98.49,6,Completed,DOCK-2,2,10
2026-04-20 21:00:00,OP009,Jules Moreau,D,Afternoon,48,1,661.3,96,97.02,7,Completed,DOCK-1,0,10
2026-04-20 22:00:00,OP013,Raphael Lefebvre,C,Night,37,0,343.6,74,96.86,2,Completed,DOCK-5,9,2
2026-04-20 22:00:00,OP009,Jules Moreau,D,Night,43,0,491.9,86,97.93,2,Completed,DOCK-1,0,5
2026-04-20 22:00:00,OP019,Noah Lambert,D,Night,45,1,493.5,90,98.57,5,Completed,DOCK-3,4,7
2026-04-20 22:00:00,OP006,Manon Richard,A,Night,43,0,489.1,43,98.24,3,Completed,DOCK-6,0,3
2026-04-20 22:00:00,OP018,Lina Bonnet,C,Night,47,0,618.5,94,98.12,4,Delayed,DOCK-2,10,6
2026-04-20 22:00:00,OP011,Adam Simon,A,Night,41,1,418.1,123,96.84,2,Delayed,DOCK-3,6,0
2026-04-20 22:00:00,OP016,Jade Fournier,A,Night,33,1,436.9,99,97.83,2,Completed,DOCK-8,5,0
2026-04-20 22:00:00,OP010,Sarah Laurent,E,Night,45,1,507.1,90,99.27,3,Completed,DOCK-2,5,8
2026-04-20 22:00:00,OP004,Chloe Thomas,D,Night,49,1,559.4,98,97.0,6,Completed,DOCK-4,2,9
2026-04-20 22:00:00,OP002,Emma Bernard,B,Night,47,0,606.0,47,98.99,4,Completed,DOCK-2,2,10
2026-04-20 22:00:00,OP014,Ines Leroy,D,Night,49,1,667.0,49,97.51,7,Completed,DOCK-6,1,5
2026-04-20 22:00:00,OP012,Camille Michel,B,Night,34,1,372.9,102,98.31,1,Delayed,DOCK-4,3,3
2026-04-20 22:00:00,OP015,Tom Roux,E,Night,43,0,457.4,43,96.72,4,Completed,DOCK-7,5,3
2026-04-20 22:00:00,OP005,Louis Robert,E,Night,46,0,541.1,138,98.56,4,Completed,DOCK-5,8,0
2026-04-20 23:00:00,OP001,Lucas Martin,A,Night,36,1,415.6,36,98.42,2,Cancelled,DOCK-1,1,0
2026-04-20 23:00:00,OP010,Sarah Laurent,E,Night,46,1,502.7,46,97.94,6,Completed,DOCK-2,11,0
2026-04-20 23:00:00,OP018,Lina Bonnet,C,Night,45,0,583.9,45,98.39,6,Delayed,DOCK-2,5,1
2026-04-20 23:00:00,OP016,Jade Fournier,A,Night,39,0,510.4,117,97.23,4,Completed,DOCK-8,0,6
2026-04-20 23:00:00,OP002,Emma Bernard,B,Night,48,1,452.9,96,98.81,3,Completed,DOCK-2,2,10
2026-04-20 23:00:00,OP009,Jules Moreau,D,Night,30,1,261.5,30,97.0,4,Delayed,DOCK-1,7,4
2026-04-20 23:00:00,OP005,Louis Robert,E,Night,36,0,394.1,108,98.73,1,Completed,DOCK-5,1,2
2026-04-20 23:00:00,OP015,Tom Roux,E,Night,45,2,562.2,90,98.56,9,Completed,DOCK-7,2,9
2026-04-20 23:00:00,OP014,Ines Leroy,D,Night,40,0,394.7,80,98.36,3,Delayed,DOCK-6,3,3
2026-04-20 23:00:00,OP019,Noah Lambert,D,Night,41,0,582.9,123,98.43,4,Delayed,DOCK-3,5,9
2026-04-20 23:00:00,OP003,Hugo Dubois,C,Night,29,0,375.2,87,98.59,1,Delayed,DOCK-3,10,7
2026-04-20 23:00:00,OP013,Raphael Lefebvre,C,Night,39,0,518.5,39,96.52,4,Completed,DOCK-5,11,6
2026-04-21 00:00:00,OP012,Camille Michel,B,Night,25,1,241.5,50,98.39,2,Completed,DOCK-4,1,7
2026-04-21 00:00:00,OP017,Liam Girard,B,Night,33,0,429.8,33,98.25,2,Completed,DOCK-1,10,10
2026-04-21 00:00:00,OP018,Lina Bonnet,C,Night,42,0,471.7,42,98.43,1,Completed,DOCK-2,4,6
2026-04-21 00:00:00,OP001,Lucas Martin,A,Night,31,2,310.7,31,97.1,2,Completed,DOCK-1,3,2
2026-04-21 00:00:00,OP013,Raphael Lefebvre,C,Night,38,1,412.5,38,97.97,2,Completed,DOCK-5,6,0
2026-04-21 00:00:00,OP002,Emma Bernard,B,Night,38,0,449.6,114,98.43,3,Cancelled,DOCK-2,7,5
2026-04-21 00:00:00,OP009,Jules Moreau,D,Night,32,0,354.2,32,97.34,1,Completed,DOCK-1,4,2
2026-04-21 00:00:00,OP005,Louis Robert,E,Night,35,1,332.5,105,97.9,2,Cancelled,DOCK-5,0,5
2026-04-21 00:00:00,OP016,Jade Fournier,A,Night,33,0,285.8,99,98.02,1,Completed,DOCK-8,7,1
2026-04-21 00:00:00,OP010,Sarah Laurent,E,Night,36,0,515.4,72,99.49,4,Completed,DOCK-2,4,4
2026-04-21 00:00:00,OP014,Ines Leroy,D,Night,38,1,475.5,38,97.1,5,Completed,DOCK-6,4,6
2026-04-21 00:00:00,OP003,Hugo Dubois,C,Night,25,0,320.7,75,98.71,1,Completed,DOCK-3,2,0
2026-04-21 01:00:00,OP012,Camille Michel,B,Night,35,0,453.8,35,96.49,2,Delayed,DOCK-4,11,5
2026-04-21 01:00:00,OP019,Noah Lambert,D,Night,47,0,620.9,94,98.15,5,Delayed,DOCK-3,6,5
2026-04-21 01:00:00,OP017,Liam Girard,B,Night,29,0,303.0,58,97.38,1,Delayed,DOCK-1,5,0
2026-04-21 01:00:00,OP004,Chloe Thomas,D,Night,38,1,485.2,38,98.7,2,Completed,DOCK-4,11,8
2026-04-21 01:00:00,OP013,Raphael Lefebvre,C,Night,29,1,399.3,58,98.94,1,Completed,DOCK-5,1,4
2026-04-21 01:00:00,OP007,Nathan Petit,B,Night,34,0,461.0,102,99.38,5,Completed,DOCK-7,3,5
2026-04-21 01:00:00,OP018,Lina Bonnet,C,Night,28,1,251.1,84,97.75,2,Completed,DOCK-2,2,0
2026-04-21 01:00:00,OP008,Lea Durand,C,Night,34,1,387.3,68,97.6,2,Completed,DOCK-8,8,7
2026-04-21 01:00:00,OP020,Mila Faure,E,Night,35,0,339.4,35,97.86,5,Cancelled,DOCK-4,9,1
2026-04-21 01:00:00,OP001,Lucas Martin,A,Night,25,0,299.0,75,97.74,1,Completed,DOCK-1,4,2
2026-04-21 02:00:00,OP011,Adam Simon,A,Night,35,0,304.5,70,97.01,2,Completed,DOCK-3,3,11
2026-04-21 02:00:00,OP016,Jade Fournier,A,Night,43,0,617.3,86,98.13,6,Completed,DOCK-8,1,10
2026-04-21 02:00:00,OP018,Lina Bonnet,C,Night,41,1,554.9,41,98.87,3,Completed,DOCK-2,11,2
2026-04-21 02:00:00,OP002,Emma Bernard,B,Night,48,1,449.7,48,98.17,6,Delayed,DOCK-2,7,11
2026-04-21 02:00:00,OP005,Louis Robert,E,Night,31,0,277.3,93,98.08,3,Completed,DOCK-5,7,9
2026-04-21 02:00:00,OP008,Lea Durand,C,Night,39,0,453.7,117,98.26,2,Completed,DOCK-8,1,10
2026-04-21 02:00:00,OP010,Sarah Laurent,E,Night,31,0,410.5,31,98.14,3,Completed,DOCK-2,7,3
2026-04-21 02:00:00,OP004,Chloe Thomas,D,Night,35,0,336.9,35,99.47,2,Completed,DOCK-4,10,4
2026-04-21 03:00:00,OP002,Emma Bernard,B,Night,38,0,372.5,114,99.24,3,Delayed,DOCK-2,10,6
2026-04-21 03:00:00,OP001,Lucas Martin,A,Night,25,0,259.5,25,97.72,1,Completed,DOCK-1,7,1
2026-04-21 03:00:00,OP020,Mila Faure,E,Night,28,0,374.6,56,97.75,1,Completed,DOCK-4,9,11
2026-04-21 03:00:00,OP004,Chloe Thomas,D,Night,41,0,454.8,82,98.41,1,Delayed,DOCK-4,3,1
2026-04-21 03:00:00,OP015,Tom Roux,E,Night,34,0,447.2,68,98.01,4,Completed,DOCK-7,5,2
2026-04-21 03:00:00,OP018,Lina Bonnet,C,Night,44,0,595.9,44,97.53,4,Completed,DOCK-2,7,2
2026-04-21 03:00:00,OP006,Manon Richard,A,Night,31,1,349.3,93,98.44,3,Completed,DOCK-6,4,4
2026-04-21 03:00:00,OP005,Louis Robert,E,Night,33,0,442.2,99,98.0,1,Cancelled,DOCK-5,3,2
2026-04-21 03:00:00,OP017,Liam Girard,B,Night,25,0,350.6,25,98.46,1,Completed,DOCK-1,7,4
2026-04-21 03:00:00,OP013,Raphael Lefebvre,C,Night,31,0,345.1,62,98.43,1,Delayed,DOCK-5,1,1
2026-04-21 03:00:00,OP016,Jade Fournier,A,Night,33,1,347.0,33,98.76,8,Delayed,DOCK-8,0,8
2026-04-21 03:00:00,OP003,Hugo Dubois,C,Night,36,0,385.1,36,95.64,4,Completed,DOCK-3,3,6
2026-04-21 04:00:00,OP004,Chloe Thomas,D,Night,43,0,521.9,43,97.76,7,Completed,DOCK-4,4,10
2026-04-21 04:00:00,OP015,Tom Roux,E,Night,45,0,543.8,90,97.61,2,Completed,DOCK-7,10,11
2026-04-21 04:00:00,OP011,Adam Simon,A,Night,36,1,398.6,72,96.84,2,Completed,DOCK-3,6,11
2026-04-21 04:00:00,OP013,Raphael Lefebvre,C,Night,40,0,492.6,120,98.89,3,Completed,DOCK-5,1,9
2026-04-21 04:00:00,OP019,Noah Lambert,D,Night,29,1,346.6,29,97.87,4,Completed,DOCK-3,11,9
2026-04-21 04:00:00,OP006,Manon Richard,A,Night,28,1,347.2,56,97.1,2,Delayed,DOCK-6,6,1
2026-04-21 04:00:00,OP020,Mila Faure,E,Night,25,0,282.9,25,96.8,3,Delayed,DOCK-4,5,11
2026-04-21 04:00:00,OP009,Jules Moreau,D,Night,25,0,265.5,50,99.16,1,Completed,DOCK-1,0,10
2026-04-21 04:00:00,OP016,Jade Fournier,A,Night,35,2,432.2,35,98.27,3,Completed,DOCK-8,11,0
2026-04-21 04:00:00,OP008,Lea Durand,C,Night,34,0,307.4,34,98.36,2,Completed,DOCK-8,3,6
2026-04-21 04:00:00,OP014,Ines Leroy,D,Night,30,0,416.9,60,97.79,3,Completed,DOCK-6,9,7
2026-04-21 04:00:00,OP003,Hugo Dubois,C,Night,34,1,430.5,102,98.05,6,Completed,DOCK-3,0,9
2026-04-21 04:00:00,OP010,Sarah Laurent,E,Night,22,0,243.9,22,99.7,1,Completed,DOCK-2,3,10
2026-04-21 05:00:00,OP004,Chloe Thomas,D,Night,45,0,596.6,90,98.79,3,Completed,DOCK-4,8,1
2026-04-21 05:00:00,OP015,Tom Roux,E,Night,32,0,305.3,96,98.16,2,Completed,DOCK-7,9,4
2026-04-21 05:00:00,OP010,Sarah Laurent,E,Night,37,1,317.9,111,97.76,5,Completed,DOCK-2,5,7
2026-04-21 05:00:00,OP020,Mila Faure,E,Night,27,0,348.0,81,98.21,5,Completed,DOCK-4,3,10
2026-04-21 05:00:00,OP011,Adam Simon,A,Night,32,1,347.6,32,96.97,3,Completed,DOCK-3,10,0
2026-04-21 05:00:00,OP018,Lina Bonnet,C,Night,41,0,583.7,41,99.88,2,Completed,DOCK-2,4,2
2026-04-21 05:00:00,OP007,Nathan Petit,B,Night,24,0,204.6,48,97.5,1,Delayed,DOCK-7,10,11
2026-04-21 05:00:00,OP002,Emma Bernard,B,Night,42,0,489.6,84,98.44,2,Completed,DOCK-2,9,1
2026-04-21 05:00:00,OP005,Louis Robert,E,Night,33,0,318.4,33,98.21,6,Completed,DOCK-5,11,6
2026-04-21 06:00:00,OP001,Lucas Martin,A,Morning,58,1,693.8,116,97.81,1,Completed,DOCK-1,0,5
2026-04-21 06:00:00,OP013,Raphael Lefebvre,C,Morning,64,1,806.2,128,99.0,7,Completed,DOCK-5,0,8
2026-04-21 06:00:00,OP009,Jules Moreau,D,Morning,53,0,592.9,159,97.65,4,Completed,DOCK-1,11,6
2026-04-21 06:00:00,OP019,Noah Lambert,D,Morning,67,1,901.6,67,97.99,5,Completed,DOCK-3,11,5
2026-04-21 06:00:00,OP002,Emma Bernard,B,Morning,69,2,804.5,69,98.34,5,Completed,DOCK-2,9,9
2026-04-21 06:00:00,OP016,Jade Fournier,A,Morning,74,1,717.5,148,97.79,6,Completed,DOCK-8,3,9
2026-04-21 06:00:00,OP014,Ines Leroy,D,Morning,59,0,811.5,59,98.24,10,Completed,DOCK-6,10,1
2026-04-21 06:00:00,OP004,Chloe Thomas,D,Morning,68,1,690.5,204,99.9,5,Completed,DOCK-4,9,7
2026-04-21 06:00:00,OP007,Nathan Petit,B,Morning,24,0,273.5,24,99.2,1,Delayed,DOCK-7,4,6
2026-04-21 06:00:00,OP017,Liam Girard,B,Morning,69,3,687.6,138,97.75,6,Completed,DOCK-1,4,0
2026-04-21 06:00:00,OP018,Lina Bonnet,C,Morning,67,0,764.4,67,98.46,8,Completed,DOCK-2,11,3
2026-04-21 06:00:00,OP011,Adam Simon,A,Morning,66,1,569.8,66,97.83,4,Completed,DOCK-3,8,8
2026-04-21 07:00:00,OP016,Jade Fournier,A,Morning,63,1,821.4,126,97.44,5,Completed,DOCK-8,6,7
2026-04-21 07:00:00,OP009,Jules Moreau,D,Morning,59,1,744.7,59,98.22,7,Completed,DOCK-1,8,3
2026-04-21 07:00:00,OP011,Adam Simon,A,Morning,65,1,572.2,65,98.25,2,Completed,DOCK-3,5,2
2026-04-21 07:00:00,OP005,Louis Robert,E,Morning,64,1,908.2,192,97.66,4,Cancelled,DOCK-5,6,5
2026-04-21 07:00:00,OP004,Chloe Thomas,D,Morning,71,2,823.8,71,97.44,9,Completed,DOCK-4,2,9
2026-04-21 07:00:00,OP010,Sarah Laurent,E,Morning,68,1,823.7,204,98.31,3,Cancelled,DOCK-2,6,5
2026-04-21 07:00:00,OP019,Noah Lambert,D,Morning,57,0,794.2,57,98.94,6,Completed,DOCK-3,2,4
2026-04-21 07:00:00,OP013,Raphael Lefebvre,C,Morning,71,0,699.8,213,98.63,8,Completed,DOCK-5,8,7
2026-04-21 07:00:00,OP003,Hugo Dubois,C,Morning,70,0,932.0,70,97.0,6,Completed,DOCK-3,3,10
2026-04-21 07:00:00,OP006,Manon Richard,A,Morning,69,0,795.8,138,98.64,3,Completed,DOCK-6,7,1
2026-04-21 07:00:00,OP014,Ines Leroy,D,Morning,64,1,563.9,128,98.25,5,Completed,DOCK-6,3,0
2026-04-21 07:00:00,OP018,Lina Bonnet,C,Morning,75,2,800.3,150,97.16,3,Completed,DOCK-2,3,3
2026-04-21 07:00:00,OP002,Emma Bernard,B,Morning,66,1,581.5,198,97.91,5,Completed,DOCK-2,2,0
2026-04-21 07:00:00,OP001,Lucas Martin,A,Morning,56,1,518.3,56,97.51,2,Completed,DOCK-1,11,3
2026-04-21 07:00:00,OP017,Liam Girard,B,Morning,60,0,583.2,120,98.37,11,Completed,DOCK-1,6,7
2026-04-21 08:00:00,OP016,Jade Fournier,A,Morning,69,0,751.8,207,98.5,8,Completed,DOCK-8,10,4
2026-04-21 08:00:00,OP019,Noah Lambert,D,Morning,63,2,704.4,126,99.63,3,Completed,DOCK-3,0,11
2026-04-21 08:00:00,OP012,Camille Michel,B,Morning,62,0,782.7,124,97.98,3,Completed,DOCK-4,11,5
2026-04-21 08:00:00,OP008,Lea Durand,C,Morning,58,1,589.3,58,97.81,5,Completed,DOCK-8,11,7
2026-04-21 08:00:00,OP001,Lucas Martin,A,Morning,59,3,788.4,177,97.89,4,Completed,DOCK-1,1,8
2026-04-21 08:00:00,OP004,Chloe Thomas,D,Morning,65,0,876.9,65,99.25,9,Completed,DOCK-4,7,5
2026-04-21 08:00:00,OP003,Hugo Dubois,C,Morning,62,1,662.3,186,98.08,5,Completed,DOCK-3,9,0
2026-04-21 08:00:00,OP014,Ines Leroy,D,Morning,58,0,786.1,58,99.01,6,Completed,DOCK-6,4,11
2026-04-21 08:00:00,OP013,Raphael Lefebvre,C,Morning,70,0,745.2,70,97.41,5,Delayed,DOCK-5,8,2
2026-04-21 08:00:00,OP015,Tom Roux,E,Morning,59,1,753.4,118,97.54,5,Completed,DOCK-7,4,8
2026-04-21 08:00:00,OP017,Liam Girard,B,Morning,61,0,782.2,61,97.51,6,Completed,DOCK-1,1,1
2026-04-21 08:00:00,OP010,Sarah Laurent,E,Morning,66,0,649.8,198,97.84,4,Completed,DOCK-2,7,3
2026-04-21 08:00:00,OP005,Louis Robert,E,Morning,62,0,671.8,186,98.17,4,Completed,DOCK-5,4,2
2026-04-21 08:00:00,OP007,Nathan Petit,B,Morning,63,1,728.6,126,98.14,5,Completed,DOCK-7,1,3
2026-04-21 08:00:00,OP018,Lina Bonnet,C,Morning,67,1,875.2,67,97.96,3,Completed,DOCK-2,2,11
2026-04-21 09:00:00,OP011,Adam Simon,A,Morning,63,0,847.0,126,98.16,12,Delayed,DOCK-3,6,0
2026-04-21 09:00:00,OP009,Jules Moreau,D,Morning,53,0,679.1,53,99.36,6,Completed,DOCK-1,4,5
2026-04-21 09:00:00,OP020,Mila Faure,E,Morning,50,0,608.5,150,97.43,6,Completed,DOCK-4,10,11
2026-04-21 09:00:00,OP003,Hugo Dubois,C,Morning,58,1,506.6,58,97.9,4,Delayed,DOCK-3,2,3
2026-04-21 09:00:00,OP019,Noah Lambert,D,Morning,63,0,550.3,63,96.71,4,Completed,DOCK-3,6,1
2026-04-21 09:00:00,OP015,Tom Roux,E,Morning,75,0,778.0,75,98.88,7,Completed,DOCK-7,2,1
2026-04-21 09:00:00,OP007,Nathan Petit,B,Morning,70,0,630.2,210,98.22,7,Completed,DOCK-7,10,9
2026-04-21 09:00:00,OP017,Liam Girard,B,Morning,57,1,815.5,57,98.3,6,Completed,DOCK-1,6,1
2026-04-21 09:00:00,OP004,Chloe Thomas,D,Morning,66,1,770.2,132,99.4,5,Completed,DOCK-4,3,3
2026-04-21 09:00:00,OP005,Louis Robert,E,Morning,65,1,620.2,65,98.5,2,Completed,DOCK-5,2,5
2026-04-21 09:00:00,OP012,Camille Michel,B,Morning,53,0,752.8,106,97.68,8,Completed,DOCK-4,9,4
2026-04-21 10:00:00,OP007,Nathan Petit,B,Morning,76,0,649.9,228,98.31,3,Completed,DOCK-7,8,7
2026-04-21 10:00:00,OP002,Emma Bernard,B,Morning,60,0,645.1,120,98.67,9,Completed,DOCK-2,3,5
2026-04-21 10:00:00,OP014,Ines Leroy,D,Morning,63,0,695.6,63,96.83,3,Completed,DOCK-6,10,6
2026-04-21 10:00:00,OP015,Tom Roux,E,Morning,66,1,712.0,132,99.9,4,Completed,DOCK-7,4,7
2026-04-21 10:00:00,OP005,Louis Robert,E,Morning,76,2,1031.9,152,97.92,4,Completed,DOCK-5,9,2
2026-04-21 10:00:00,OP001,Lucas Martin,A,Morning,51,0,703.4,51,96.64,3,Completed,DOCK-1,11,6
2026-04-21 10:00:00,OP010,Sarah Laurent,E,Morning,70,1,821.1,70,97.01,5,Delayed,DOCK-2,10,9
2026-04-21 10:00:00,OP020,Mila Faure,E,Morning,61,0,877.7,61,97.76,6,Completed,DOCK-4,3,2
2026-04-21 10:00:00,OP018,Lina Bonnet,C,Morning,63,0,707.7,189,97.84,6,Completed,DOCK-2,10,5
2026-04-21 10:00:00,OP003,Hugo Dubois,C,Morning,68,2,817.1,68,97.69,4,Completed,DOCK-3,2,6
2026-04-21 10:00:00,OP006,Manon Richard,A,Morning,51,2,526.0,102,96.74,1,Completed,DOCK-6,1,11
2026-04-21 10:00:00,OP016,Jade Fournier,A,Morning,66,1,705.8,66,97.37,1,Delayed,DOCK-8,2,9
2026-04-21 10:00:00,OP017,Liam Girard,B,Morning,61,0,855.5,61,97.6,3,Completed,DOCK-1,8,6
2026-04-21 11:00:00,OP019,Noah Lambert,D,Morning,62,0,552.7,124,99.9,6,Completed,DOCK-3,2,1
2026-04-21 11:00:00,OP020,Mila Faure,E,Morning,57,0,492.5,57,99.42,7,Completed,DOCK-4,5,8
2026-04-21 11:00:00,OP008,Lea Durand,C,Morning,63,2,702.2,126,97.93,3,Completed,DOCK-8,7,8
2026-04-21 11:00:00,OP018,Lina Bonnet,C,Morning,77,0,1018.5,77,97.52,7,Completed,DOCK-2,9,0
2026-04-21 11:00:00,OP005,Louis Robert,E,Morning,64,0,673.0,128,99.05,1,Completed,DOCK-5,9,2
2026-04-21 11:00:00,OP016,Jade Fournier,A,Morning,58,0,633.1,116,97.76,3,Completed,DOCK-8,7,3
2026-04-21 11:00:00,OP001,Lucas Martin,A,Morning,50,0,708.2,100,97.9,3,Completed,DOCK-1,2,3
2026-04-21 11:00:00,OP003,Hugo Dubois,C,Morning,55,1,773.9,165,97.76,8,Completed,DOCK-3,2,4
2026-04-21 11:00:00,OP009,Jules Moreau,D,Morning,66,1,681.7,132,96.8,4,Completed,DOCK-1,4,0
2026-04-21 12:00:00,OP005,Louis Robert,E,Morning,57,1,816.5,57,98.47,3,Delayed,DOCK-5,6,6
2026-04-21 12:00:00,OP011,Adam Simon,A,Morning,62,1,744.1,186,99.21,3,Completed,DOCK-3,7,4
2026-04-21 12:00:00,OP002,Emma Bernard,B,Morning,64,3,611.0,64,98.29,6,Completed,DOCK-2,3,3
2026-04-21 12:00:00,OP012,Camille Michel,B,Morning,60,1,756.2,120,98.14,4,Completed,DOCK-4,7,2
2026-04-21 12:00:00,OP020,Mila Faure,E,Morning,54,0,672.6,54,97.43,7,Completed,DOCK-4,7,6
2026-04-21 12:00:00,OP006,Manon Richard,A,Morning,64,1,794.9,128,97.26,4,Completed,DOCK-6,4,10
2026-04-21 12:00:00,OP014,Ines Leroy,D,Morning,62,1,812.0,62,98.29,4,Completed,DOCK-6,9,3
2026-04-21 12:00:00,OP013,Raphael Lefebvre,C,Morning,62,1,699.4,62,98.4,4,Completed,DOCK-5,7,10
2026-04-21 12:00:00,OP016,Jade Fournier,A,Morning,53,0,617.9,53,97.61,4,Delayed,DOCK-8,8,6
2026-04-21 12:00:00,OP010,Sarah Laurent,E,Morning,64,0,897.5,192,97.61,2,Completed,DOCK-2,2,1
2026-04-21 12:00:00,OP004,Chloe Thomas,D,Morning,73,2,864.7,146,97.91,6,Completed,DOCK-4,1,4
2026-04-21 12:00:00,OP001,Lucas Martin,A,Morning,59,1,841.3,59,97.27,4,Completed,DOCK-1,3,10
2026-04-21 13:00:00,OP005,Louis Robert,E,Morning,63,0,676.4,126,98.4,3,Completed,DOCK-5,0,5
2026-04-21 13:00:00,OP003,Hugo Dubois,C,Morning,56,1,659.9,112,98.27,2,Completed,DOCK-3,6,10
2026-04-21 13:00:00,OP018,Lina Bonnet,C,Morning,71,0,943.9,142,98.36,4,Completed,DOCK-2,4,6
2026-04-21 13:00:00,OP001,Lucas Martin,A,Morning,52,1,523.3,156,98.21,3,Delayed,DOCK-1,6,2
2026-04-21 13:00:00,OP009,Jules Moreau,D,Morning,56,4,545.5,112,97.16,7,Completed,DOCK-1,7,9
2026-04-21 13:00:00,OP014,Ines Leroy,D,Morning,61,1,737.9,183,97.93,5,Completed,DOCK-6,0,6
2026-04-21 13:00:00,OP013,Raphael Lefebvre,C,Morning,66,0,756.2,132,98.57,2,Completed,DOCK-5,6,5
2026-04-21 13:00:00,OP008,Lea Durand,C,Morning,56,3,485.4,112,97.04,5,Completed,DOCK-8,4,6
2026-04-21 13:00:00,OP007,Nathan Petit,B,Morning,64,2,599.4,128,98.46,1,Completed,DOCK-7,6,0
2026-04-21 14:00:00,OP005,Louis Robert,E,Afternoon,55,1,552.3,55,99.16,8,Completed,DOCK-5,7,11
2026-04-21 14:00:00,OP006,Manon Richard,A,Afternoon,52,0,511.3,52,97.35,8,Completed,DOCK-6,10,8
2026-04-21 14:00:00,OP003,Hugo Dubois,C,Afternoon,51,0,514.3,153,99.37,4,Completed,DOCK-3,5,9
2026-04-21 14:00:00,OP010,Sarah Laurent,E,Afternoon,56,1,625.7,112,98.07,7,Completed,DOCK-2,10,9
2026-04-21 14:00:00,OP014,Ines Leroy,D,Afternoon,49,0,581.5,147,98.52,2,Completed,DOCK-6,9,0
2026-04-21 14:00:00,OP009,Jules Moreau,D,Afternoon,60,1,857.3,180,98.08,5,Completed,DOCK-1,6,1
2026-04-21 14:00:00,OP001,Lucas Martin,A,Afternoon,49,0,661.9,147,97.32,7,Completed,DOCK-1,3,1
2026-04-21 14:00:00,OP015,Tom Roux,E,Afternoon,52,1,593.0,156,97.67,7,Completed,DOCK-7,11,1
2026-04-21 14:00:00,OP002,Emma Bernard,B,Afternoon,50,0,577.9,50,97.09,4,Completed,DOCK-2,0,6
2026-04-21 14:00:00,OP004,Chloe Thomas,D,Afternoon,62,1,714.3,124,98.08,3,Completed,DOCK-4,6,4
2026-04-21 14:00:00,OP013,Raphael Lefebvre,C,Afternoon,53,0,761.7,106,97.4,3,Completed,DOCK-5,4,11
2026-04-21 14:00:00,OP016,Jade Fournier,A,Afternoon,58,0,834.8,58,99.51,3,Completed,DOCK-8,2,6
2026-04-21 14:00:00,OP012,Camille Michel,B,Afternoon,49,1,636.4,49,98.54,1,Completed,DOCK-4,7,7
2026-04-21 14:00:00,OP018,Lina Bonnet,C,Afternoon,59,0,771.2,177,98.39,7,Completed,DOCK-2,0,5
2026-04-21 14:00:00,OP017,Liam Girard,B,Afternoon,52,0,553.0,104,98.03,4,Completed,DOCK-1,5,3
2026-04-21 15:00:00,OP005,Louis Robert,E,Afternoon,61,2,606.7,183,97.73,6,Delayed,DOCK-5,3,10
2026-04-21 15:00:00,OP009,Jules Moreau,D,Afternoon,46,2,402.4,46,97.93,2,Completed,DOCK-1,9,11
2026-04-21 15:00:00,OP004,Chloe Thomas,D,Afternoon,64,0,901.9,64,99.81,3,Completed,DOCK-4,10,10
2026-04-21 15:00:00,OP020,Mila Faure,E,Afternoon,45,1,414.1,45,97.93,2,Completed,DOCK-4,0,0
2026-04-21 15:00:00,OP002,Emma Bernard,B,Afternoon,57,0,596.9,171,97.77,5,Completed,DOCK-2,0,4
2026-04-21 15:00:00,OP013,Raphael Lefebvre,C,Afternoon,51,0,701.6,51,97.86,2,Completed,DOCK-5,4,6
2026-04-21 15:00:00,OP007,Nathan Petit,B,Afternoon,52,0,671.4,156,96.82,3,Completed,DOCK-7,2,0
2026-04-21 15:00:00,OP001,Lucas Martin,A,Afternoon,44,2,409.1,132,97.36,4,Completed,DOCK-1,3,10
2026-04-21 15:00:00,OP017,Liam Girard,B,Afternoon,46,1,665.9,92,98.46,3,Completed,DOCK-1,7,0
2026-04-21 15:00:00,OP015,Tom Roux,E,Afternoon,58,1,510.7,174,99.1,5,Completed,DOCK-7,8,5
2026-04-21 15:00:00,OP014,Ines Leroy,D,Afternoon,47,2,603.2,94,98.5,4,Completed,DOCK-6,4,1
2026-04-21 15:00:00,OP003,Hugo Dubois,C,Afternoon,50,0,700.6,50,98.03,2,Completed,DOCK-3,6,6
2026-04-21 15:00:00,OP016,Jade Fournier,A,Afternoon,56,0,694.4,56,97.09,6,Completed,DOCK-8,4,1
2026-04-21 16:00:00,OP012,Camille Michel,B,Afternoon,47,1,580.8,47,98.14,3,Completed,DOCK-4,6,0
2026-04-21 16:00:00,OP001,Lucas Martin,A,Afternoon,47,0,604.1,141,97.92,3,Completed,DOCK-1,1,3
2026-04-21 16:00:00,OP005,Louis Robert,E,Afternoon,42,0,365.3,84,97.04,5,Completed,DOCK-5,8,4
2026-04-21 16:00:00,OP011,Adam Simon,A,Afternoon,50,1,633.9,50,97.61,4,Completed,DOCK-3,8,0
2026-04-21 16:00:00,OP007,Nathan Petit,B,Afternoon,52,0,517.9,104,98.14,8,Completed,DOCK-7,10,1
2026-04-21 16:00:00,OP004,Chloe Thomas,D,Afternoon,60,0,563.5,120,99.31,7,Completed,DOCK-4,3,2
2026-04-21 16:00:00,OP019,Noah Lambert,D,Afternoon,59,2,568.8,118,97.73,5,Delayed,DOCK-3,7,0
2026-04-21 16:00:00,OP014,Ines Leroy,D,Afternoon,51,0,435.9,102,98.75,2,Completed,DOCK-6,9,7
2026-04-21 16:00:00,OP010,Sarah Laurent,E,Afternoon,49,1,427.0,49,98.95,2,Cancelled,DOCK-2,3,5
2026-04-21 16:00:00,OP020,Mila Faure,E,Afternoon,51,0,530.7,102,97.87,2,Completed,DOCK-4,7,10
2026-04-21 16:00:00,OP002,Emma Bernard,B,Afternoon,55,2,653.7,165,96.03,3,Completed,DOCK-2,10,10
2026-04-21 16:00:00,OP003,Hugo Dubois,C,Afternoon,50,0,611.2,150,97.68,4,Completed,DOCK-3,3,11
2026-04-21 16:00:00,OP009,Jules Moreau,D,Afternoon,45,1,640.8,45,97.77,2,Completed,DOCK-1,9,10
2026-04-21 17:00:00,OP017,Liam Girard,B,Afternoon,42,1,566.1,126,97.89,1,Completed,DOCK-1,8,0
2026-04-21 17:00:00,OP014,Ines Leroy,D,Afternoon,51,0,712.9,51,98.27,6,Completed,DOCK-6,11,8
2026-04-21 17:00:00,OP016,Jade Fournier,A,Afternoon,51,2,522.3,153,99.88,7,Completed,DOCK-8,7,11
2026-04-21 17:00:00,OP015,Tom Roux,E,Afternoon,59,0,553.5,177,98.2,3,Completed,DOCK-7,4,3
2026-04-21 17:00:00,OP001,Lucas Martin,A,Afternoon,46,0,436.4,46,96.99,9,Completed,DOCK-1,0,10
2026-04-21 17:00:00,OP018,Lina Bonnet,C,Afternoon,57,1,820.1,114,98.24,9,Cancelled,DOCK-2,4,2
2026-04-21 17:00:00,OP002,Emma Bernard,B,Afternoon,52,1,480.6,104,98.74,7,Completed,DOCK-2,0,4
2026-04-21 17:00:00,OP003,Hugo Dubois,C,Afternoon,40,2,487.2,120,97.84,3,Completed,DOCK-3,2,1
2026-04-21 17:00:00,OP019,Noah Lambert,D,Afternoon,54,0,757.7,162,97.82,6,Completed,DOCK-3,4,7
2026-04-21 17:00:00,OP005,Louis Robert,E,Afternoon,43,0,541.1,43,99.3,2,Completed,DOCK-5,3,8
2026-04-21 18:00:00,OP008,Lea Durand,C,Afternoon,54,0,651.8,162,98.28,2,Delayed,DOCK-8,7,4
2026-04-21 18:00:00,OP007,Nathan Petit,B,Afternoon,59,0,634.0,118,97.88,6,Cancelled,DOCK-7,2,3
2026-04-21 18:00:00,OP017,Liam Girard,B,Afternoon,48,0,690.5,96,96.34,4,Completed,DOCK-1,5,8
2026-04-21 18:00:00,OP019,Noah Lambert,D,Afternoon,40,1,369.0,40,97.67,3,Completed,DOCK-3,9,10
2026-04-21 18:00:00,OP011,Adam Simon,A,Afternoon,48,0,551.4,48,98.78,7,Completed,DOCK-3,0,10
2026-04-21 18:00:00,OP006,Manon Richard,A,Afternoon,57,0,680.6,114,97.95,4,Completed,DOCK-6,10,4
2026-04-21 18:00:00,OP003,Hugo Dubois,C,Afternoon,51,0,570.1,102,97.25,5,Completed,DOCK-3,10,6
2026-04-21 18:00:00,OP018,Lina Bonnet,C,Afternoon,55,0,714.3,110,97.28,4,Completed,DOCK-2,4,1
2026-04-21 18:00:00,OP016,Jade Fournier,A,Afternoon,42,0,424.6,84,98.54,2,Completed,DOCK-8,0,9
2026-04-21 18:00:00,OP020,Mila Faure,E,Afternoon,42,2,607.5,126,98.42,3,Completed,DOCK-4,5,9
2026-04-21 18:00:00,OP015,Tom Roux,E,Afternoon,58,0,605.3,116,99.16,2,Completed,DOCK-7,8,3
2026-04-21 19:00:00,OP011,Adam Simon,A,Afternoon,47,0,681.3,47,98.08,3,Completed,DOCK-3,11,10
2026-04-21 19:00:00,OP019,Noah Lambert,D,Afternoon,51,0,570.8,153,98.2,6,Completed,DOCK-3,5,5
2026-04-21 19:00:00,OP015,Tom Roux,E,Afternoon,54,0,689.7,108,99.41,3,Completed,DOCK-7,1,10
2026-04-21 19:00:00,OP006,Manon Richard,A,Afternoon,46,1,618.7,92,96.74,4,Completed,DOCK-6,8,3
2026-04-21 19:00:00,OP009,Jules Moreau,D,Afternoon,47,0,630.1,47,98.42,2,Completed,DOCK-1,6,11
2026-04-21 19:00:00,OP002,Emma Bernard,B,Afternoon,42,1,534.9,42,98.79,2,Completed,DOCK-2,4,8
2026-04-21 19:00:00,OP013,Raphael Lefebvre,C,Afternoon,63,0,758.1,189,98.48,6,Completed,DOCK-5,2,9
2026-04-21 19:00:00,OP017,Liam Girard,B,Afternoon,48,2,414.6,96,98.68,4,Delayed,DOCK-1,10,1
2026-04-21 19:00:00,OP005,Louis Robert,E,Afternoon,54,1,704.9,54,98.39,10,Completed,DOCK-5,4,8
2026-04-21 19:00:00,OP020,Mila Faure,E,Afternoon,50,1,533.9,50,97.65,4,Delayed,DOCK-4,10,2
2026-04-21 19:00:00,OP012,Camille Michel,B,Afternoon,40,0,531.8,120,99.09,4,Completed,DOCK-4,0,4
2026-04-21 19:00:00,OP010,Sarah Laurent,E,Afternoon,50,0,482.2,50,98.59,3,Completed,DOCK-2,2,2
2026-04-21 19:00:00,OP016,Jade Fournier,A,Afternoon,55,1,469.9,110,98.75,4,Completed,DOCK-8,9,3
2026-04-21 19:00:00,OP003,Hugo Dubois,C,Afternoon,44,0,617.2,88,97.19,3,Delayed,DOCK-3,11,10
2026-04-21 19:00:00,OP008,Lea Durand,C,Afternoon,47,0,632.5,47,98.2,4,Completed,DOCK-8,7,5
2026-04-21 20:00:00,OP020,Mila Faure,E,Afternoon,42,1,436.0,126,97.58,2,Completed,DOCK-4,6,5
2026-04-21 20:00:00,OP010,Sarah Laurent,E,Afternoon,52,2,684.1,52,97.57,5,Completed,DOCK-2,0,8
2026-04-21 20:00:00,OP009,Jules Moreau,D,Afternoon,41,1,426.5,82,97.96,4,Completed,DOCK-1,7,6
2026-04-21 20:00:00,OP012,Camille Michel,B,Afternoon,41,1,413.8,123,97.69,1,Completed,DOCK-4,4,4
2026-04-21 20:00:00,OP013,Raphael Lefebvre,C,Afternoon,57,0,781.5,57,98.02,1,Completed,DOCK-5,2,1
2026-04-21 20:00:00,OP003,Hugo Dubois,C,Afternoon,40,0,346.5,80,98.46,7,Completed,DOCK-3,10,3
2026-04-21 20:00:00,OP016,Jade Fournier,A,Afternoon,51,0,618.3,51,98.4,2,Completed,DOCK-8,1,10
2026-04-21 20:00:00,OP007,Nathan Petit,B,Afternoon,53,1,681.6,159,99.05,6,Completed,DOCK-7,9,10
2026-04-21 20:00:00,OP018,Lina Bonnet,C,Afternoon,64,0,784.4,64,97.52,8,Cancelled,DOCK-2,9,4
2026-04-21 20:00:00,OP006,Manon Richard,A,Afternoon,40,0,452.6,80,96.6,1,Completed,DOCK-6,7,4
2026-04-21 21:00:00,OP011,Adam Simon,A,Afternoon,40,1,462.3,80,98.69,1,Completed,DOCK-3,2,9
2026-04-21 21:00:00,OP007,Nathan Petit,B,Afternoon,50,0,636.3,50,97.41,9,Completed,DOCK-7,1,7
2026-04-21 21:00:00,OP019,Noah Lambert,D,Afternoon,51,1,579.1,153,98.69,4,Completed,DOCK-3,7,3
2026-04-21 21:00:00,OP003,Hugo Dubois,C,Afternoon,46,0,626.8,92,97.03,2,Completed,DOCK-3,9,2
2026-04-21 21:00:00,OP005,Louis Robert,E,Afternoon,52,1,455.6,156,97.9,3,Completed,DOCK-5,4,6
2026-04-21 21:00:00,OP020,Mila Faure,E,Afternoon,47,0,666.1,141,97.46,3,Completed,DOCK-4,2,2
2026-04-21 21:00:00,OP008,Lea Durand,C,Afternoon,53,1,766.2,159,96.82,5,Completed,DOCK-8,5,10
2026-04-21 21:00:00,OP012,Camille Michel,B,Afternoon,45,1,424.3,90,96.3,2,Completed,DOCK-4,11,0
2026-04-21 21:00:00,OP004,Chloe Thomas,D,Afternoon,54,0,497.3,162,97.06,6,Completed,DOCK-4,11,9
2026-04-21 21:00:00,OP014,Ines Leroy,D,Afternoon,54,1,658.5,54,98.26,4,Completed,DOCK-6,4,4
2026-04-21 21:00:00,OP015,Tom Roux,E,Afternoon,56,0,526.2,112,98.87,4,Completed,DOCK-7,7,6
2026-04-21 21:00:00,OP001,Lucas Martin,A,Afternoon,50,0,704.3,150,98.39,9,Completed,DOCK-1,3,9
2026-04-21 21:00:00,OP009,Jules Moreau,D,Afternoon,40,0,572.7,80,97.8,1,Completed,DOCK-1,3,3
2026-04-21 22:00:00,OP016,Jade Fournier,A,Night,39,0,501.7,117,98.15,5,Completed,DOCK-8,1,9
2026-04-21 22:00:00,OP009,Jules Moreau,D,Night,46,3,489.1,92,99.45,2,Completed,DOCK-1,8,10
2026-04-21 22:00:00,OP017,Liam Girard,B,Night,34,0,373.2,68,96.93,1,Completed,DOCK-1,5,9
2026-04-21 22:00:00,OP012,Camille Michel,B,Night,33,0,364.2,66,98.23,1,Completed,DOCK-4,10,10
2026-04-21 22:00:00,OP004,Chloe Thomas,D,Night,38,0,470.4,114,98.65,1,Completed,DOCK-4,11,3
2026-04-21 22:00:00,OP010,Sarah Laurent,E,Night,43,0,451.6,129,98.77,1,Completed,DOCK-2,6,10
2026-04-21 22:00:00,OP020,Mila Faure,E,Night,31,0,377.4,31,96.95,2,Completed,DOCK-4,1,2
2026-04-21 22:00:00,OP001,Lucas Martin,A,Night,26,1,335.2,52,96.45,4,Completed,DOCK-1,0,1
2026-04-21 22:00:00,OP005,Louis Robert,E,Night,39,1,525.6,117,97.82,4,Completed,DOCK-5,10,7
2026-04-21 22:00:00,OP002,Emma Bernard,B,Night,41,1,355.1,82,97.89,6,Completed,DOCK-2,2,1
2026-04-21 22:00:00,OP014,Ines Leroy,D,Night,41,1,488.8,41,98.08,7,Completed,DOCK-6,8,10
2026-04-21 22:00:00,OP018,Lina Bonnet,C,Night,42,0,394.1,42,98.63,5,Delayed,DOCK-2,8,7
2026-04-21 22:00:00,OP003,Hugo Dubois,C,Night,33,0,307.5,33,98.15,5,Delayed,DOCK-3,8,7
2026-04-21 22:00:00,OP019,Noah Lambert,D,Night,34,0,300.0,34,97.14,9,Completed,DOCK-3,5,4
2026-04-21 22:00:00,OP008,Lea Durand,C,Night,42,1,586.4,42,98.42,5,Completed,DOCK-8,0,5
2026-04-21 23:00:00,OP007,Nathan Petit,B,Night,37,0,471.0,74,96.36,1,Completed,DOCK-7,8,7
2026-04-21 23:00:00,OP017,Liam Girard,B,Night,29,2,301.6,58,96.32,1,Completed,DOCK-1,8,5
2026-04-21 23:00:00,OP019,Noah Lambert,D,Night,41,0,461.8,82,97.43,4,Completed,DOCK-3,7,1
2026-04-21 23:00:00,OP009,Jules Moreau,D,Night,28,0,295.2,28,98.09,3,Completed,DOCK-1,4,0
2026-04-21 23:00:00,OP020,Mila Faure,E,Night,29,0,355.1,87,98.16,3,Completed,DOCK-4,10,1
2026-04-21 23:00:00,OP002,Emma Bernard,B,Night,42,0,513.4,84,98.28,6,Completed,DOCK-2,5,11
2026-04-21 23:00:00,OP014,Ines Leroy,D,Night,35,2,389.1,70,97.86,6,Completed,DOCK-6,10,10
2026-04-21 23:00:00,OP004,Chloe Thomas,D,Night,41,0,492.9,82,96.09,4,Completed,DOCK-4,7,0
2026-04-21 23:00:00,OP001,Lucas Martin,A,Night,27,0,264.8,54,98.14,2,Cancelled,DOCK-1,0,9
2026-04-21 23:00:00,OP011,Adam Simon,A,Night,40,0,563.7,40,97.91,4,Delayed,DOCK-3,7,5
2026-04-21 23:00:00,OP013,Raphael Lefebvre,C,Night,40,0,566.3,80,98.85,1,Completed,DOCK-5,1,1
2026-04-21 23:00:00,OP005,Louis Robert,E,Night,38,0,331.6,76,97.82,2,Completed,DOCK-5,3,6
2026-04-21 23:00:00,OP012,Camille Michel,B,Night,25,0,360.8,75,97.6,1,Completed,DOCK-4,3,3
2026-04-21 23:00:00,OP008,Lea Durand,C,Night,31,1,446.7,93,98.67,3,Completed,DOCK-8,0,10
2026-04-21 23:00:00,OP003,Hugo Dubois,C,Night,34,0,319.0,102,97.74,2,Completed,DOCK-3,9,4
2026-04-22 00:00:00,OP013,Raphael Lefebvre,C,Night,40,0,357.1,40,97.82,1,Completed,DOCK-5,9,8
2026-04-22 00:00:00,OP016,Jade Fournier,A,Night,32,0,311.8,96,97.05,1,Completed,DOCK-8,2,8
2026-04-22 00:00:00,OP009,Jules Moreau,D,Night,32,0,375.2,32,98.27,3,Completed,DOCK-1,3,5
2026-04-22 00:00:00,OP008,Lea Durand,C,Night,34,0,446.2,34,98.03,1,Completed,DOCK-8,11,7
2026-04-22 00:00:00,OP015,Tom Roux,E,Night,36,0,427.3,36,98.07,1,Completed,DOCK-7,8,8
2026-04-22 00:00:00,OP018,Lina Bonnet,C,Night,43,0,468.0,43,98.58,1,Completed,DOCK-2,10,3
2026-04-22 00:00:00,OP020,Mila Faure,E,Night,37,1,370.3,37,98.5,3,Delayed,DOCK-4,1,9
2026-04-22 00:00:00,OP019,Noah Lambert,D,Night,29,0,330.6,87,98.96,2,Delayed,DOCK-3,1,6
2026-04-22 00:00:00,OP006,Manon Richard,A,Night,31,1,363.4,93,97.12,1,Delayed,DOCK-6,5,7
2026-04-22 00:00:00,OP014,Ines Leroy,D,Night,30,1,260.8,90,97.69,4,Cancelled,DOCK-6,2,5
2026-04-22 01:00:00,OP016,Jade Fournier,A,Night,44,0,622.4,88,97.72,5,Completed,DOCK-8,10,5
2026-04-22 01:00:00,OP017,Liam Girard,B,Night,28,0,308.0,28,97.9,2,Completed,DOCK-1,9,5
2026-04-22 01:00:00,OP012,Camille Michel,B,Night,25,0,293.5,25,96.51,2,Completed,DOCK-4,5,7
2026-04-22 01:00:00,OP019,Noah Lambert,D,Night,38,0,382.2,114,97.2,1,Completed,DOCK-3,9,3
2026-04-22 01:00:00,OP013,Raphael Lefebvre,C,Night,38,0,500.4,38,98.77,6,Cancelled,DOCK-5,7,1
2026-04-22 01:00:00,OP010,Sarah Laurent,E,Night,43,0,492.6,43,97.97,4,Completed,DOCK-2,7,5
2026-04-22 01:00:00,OP001,Lucas Martin,A,Night,33,1,382.8,99,99.01,1,Completed,DOCK-1,7,6
2026-04-22 01:00:00,OP002,Emma Bernard,B,Night,36,1,487.2,36,98.56,1,Completed,DOCK-2,11,11
2026-04-22 01:00:00,OP007,Nathan Petit,B,Night,40,2,346.7,40,97.66,4,Completed,DOCK-7,0,7
2026-04-22 01:00:00,OP005,Louis Robert,E,Night,30,0,261.4,30,98.03,4,Completed,DOCK-5,4,3
2026-04-22 01:00:00,OP009,Jules Moreau,D,Night,29,1,394.2,87,97.46,1,Completed,DOCK-1,4,0
2026-04-22 01:00:00,OP015,Tom Roux,E,Night,39,0,505.4,117,98.46,1,Completed,DOCK-7,8,5
2026-04-22 01:00:00,OP008,Lea Durand,C,Night,32,0,433.1,64,97.13,1,Cancelled,DOCK-8,1,7
2026-04-22 01:00:00,OP006,Manon Richard,A,Night,28,1,362.4,84,98.41,1,Completed,DOCK-6,4,2
2026-04-22 02:00:00,OP007,Nathan Petit,B,Night,38,0,545.6,114,99.4,3,Completed,DOCK-7,11,6
2026-04-22 02:00:00,OP014,Ines Leroy,D,Night,29,0,356.8,87,98.41,2,Completed,DOCK-6,8,2
2026-04-22 02:00:00,OP004,Chloe Thomas,D,Night,49,1,681.5,147,98.69,5,Delayed,DOCK-4,7,9
2026-04-22 02:00:00,OP011,Adam Simon,A,Night,40,3,414.7,120,95.95,6,Completed,DOCK-3,4,9
2026-04-22 02:00:00,OP001,Lucas Martin,A,Night,30,0,365.9,60,97.89,2,Completed,DOCK-1,10,1
2026-04-22 02:00:00,OP012,Camille Michel,B,Night,25,0,274.9,50,97.64,1,Completed,DOCK-4,7,3
2026-04-22 02:00:00,OP002,Emma Bernard,B,Night,40,1,405.5,80,98.68,1,Completed,DOCK-2,10,7
2026-04-22 02:00:00,OP015,Tom Roux,E,Night,24,0,223.4,72,96.88,3,Delayed,DOCK-7,8,10
2026-04-22 02:00:00,OP006,Manon Richard,A,Night,42,2,388.3,84,97.63,4,Completed,DOCK-6,4,9
2026-04-22 02:00:00,OP016,Jade Fournier,A,Night,37,0,324.3,111,98.69,2,Completed,DOCK-8,10,1
2026-04-22 02:00:00,OP003,Hugo Dubois,C,Night,30,0,421.3,90,98.52,4,Completed,DOCK-3,9,6
2026-04-22 02:00:00,OP013,Raphael Lefebvre,C,Night,30,0,340.5,90,98.39,1,Completed,DOCK-5,5,0
2026-04-22 02:00:00,OP020,Mila Faure,E,Night,32,0,398.6,96,97.9,1,Completed,DOCK-4,0,3
2026-04-22 02:00:00,OP017,Liam Girard,B,Night,40,2,366.7,120,97.28,3,Completed,DOCK-1,11,0
2026-04-22 03:00:00,OP017,Liam Girard,B,Night,28,0,294.4,56,97.98,4,Completed,DOCK-1,2,0
2026-04-22 03:00:00,OP002,Emma Bernard,B,Night,37,0,414.9,111,98.55,5,Completed,DOCK-2,10,8
2026-04-22 03:00:00,OP018,Lina Bonnet,C,Night,42,0,437.2,42,97.97,2,Delayed,DOCK-2,6,9
2026-04-22 03:00:00,OP016,Jade Fournier,A,Night,39,0,562.5,117,97.42,1,Completed,DOCK-8,7,3
2026-04-22 03:00:00,OP003,Hugo Dubois,C,Night,29,0,370.8,87,96.73,4,Completed,DOCK-3,6,2
2026-04-22 03:00:00,OP012,Camille Michel,B,Night,27,0,322.0,81,97.67,6,Delayed,DOCK-4,11,0
2026-04-22 03:00:00,OP019,Noah Lambert,D,Night,25,0,248.8,50,97.22,2,Delayed,DOCK-3,11,7
2026-04-22 03:00:00,OP014,Ines Leroy,D,Night,29,0,275.3,58,98.32,1,Completed,DOCK-6,0,3
2026-04-22 03:00:00,OP006,Manon Richard,A,Night,32,0,276.7,64,98.77,3,Completed,DOCK-6,11,3
2026-04-22 03:00:00,OP013,Raphael Lefebvre,C,Night,41,0,583.0,123,98.39,4,Completed,DOCK-5,1,11
2026-04-22 03:00:00,OP020,Mila Faure,E,Night,39,0,435.3,78,96.13,2,Completed,DOCK-4,9,2
2026-04-22 03:00:00,OP007,Nathan Petit,B,Night,37,0,416.0,111,98.54,2,Completed,DOCK-7,4,3
2026-04-22 03:00:00,OP009,Jules Moreau,D,Night,23,1,300.9,23,98.08,4,Completed,DOCK-1,1,5
2026-04-22 04:00:00,OP017,Liam Girard,B,Night,37,0,521.2,74,98.09,1,Completed,DOCK-1,6,6
2026-04-22 04:00:00,OP001,Lucas Martin,A,Night,32,0,373.9,64,98.13,1,Completed,DOCK-1,10,2
2026-04-22 04:00:00,OP002,Emma Bernard,B,Night,40,1,369.8,120,98.64,4,Delayed,DOCK-2,3,7
2026-04-22 04:00:00,OP015,Tom Roux,E,Night,40,0,450.6,40,98.02,2,Completed,DOCK-7,7,11
2026-04-22 04:00:00,OP013,Raphael Lefebvre,C,Night,45,1,619.4,90,98.23,4,Completed,DOCK-5,3,11
2026-04-22 04:00:00,OP019,Noah Lambert,D,Night,38,1,491.6,76,98.06,2,Completed,DOCK-3,5,9
2026-04-22 04:00:00,OP018,Lina Bonnet,C,Night,41,0,405.5,123,98.31,3,Completed,DOCK-2,4,8
2026-04-22 04:00:00,OP011,Adam Simon,A,Night,27,0,277.5,81,97.86,3,Completed,DOCK-3,9,6
2026-04-22 04:00:00,OP003,Hugo Dubois,C,Night,25,0,346.5,50,97.27,5,Completed,DOCK-3,8,11
2026-04-22 04:00:00,OP020,Mila Faure,E,Night,32,1,363.8,32,97.56,2,Completed,DOCK-4,1,7
2026-04-22 04:00:00,OP004,Chloe Thomas,D,Night,34,0,455.7,68,97.88,1,Completed,DOCK-4,11,4
2026-04-22 04:00:00,OP009,Jules Moreau,D,Night,23,0,281.1,23,98.82,2,Delayed,DOCK-1,8,5
2026-04-22 04:00:00,OP006,Manon Richard,A,Night,29,1,285.1,29,97.87,3,Completed,DOCK-6,9,10
2026-04-22 04:00:00,OP010,Sarah Laurent,E,Night,41,1,435.4,123,98.12,5,Completed,DOCK-2,11,8
2026-04-22 05:00:00,OP014,Ines Leroy,D,Night,38,0,416.2,76,98.74,5,Completed,DOCK-6,2,5
2026-04-22 05:00:00,OP003,Hugo Dubois,C,Night,33,0,380.3,99,97.9,1,Completed,DOCK-3,2,11
2026-04-22 05:00:00,OP004,Chloe Thomas,D,Night,40,0,530.0,80,98.22,5,Completed,DOCK-4,8,11
2026-04-22 05:00:00,OP013,Raphael Lefebvre,C,Night,45,0,608.3,45,97.97,7,Completed,DOCK-5,1,5
2026-04-22 05:00:00,OP010,Sarah Laurent,E,Night,36,1,458.1,108,97.79,2,Delayed,DOCK-2,7,2
2026-04-22 05:00:00,OP018,Lina Bonnet,C,Night,41,0,379.8,82,99.35,4,Completed,DOCK-2,3,5
2026-04-22 05:00:00,OP017,Liam Girard,B,Night,30,0,284.7,30,98.15,4,Completed,DOCK-1,7,3
2026-04-22 05:00:00,OP009,Jules Moreau,D,Night,28,0,362.4,56,96.2,1,Cancelled,DOCK-1,9,6
2026-04-22 05:00:00,OP001,Lucas Martin,A,Night,30,0,397.1,30,98.1,1,Completed,DOCK-1,9,5
2026-04-22 06:00:00,OP007,Nathan Petit,B,Morning,74,0,917.9,222,97.67,15,Completed,DOCK-7,6,9
2026-04-22 06:00:00,OP004,Chloe Thomas,D,Morning,73,1,972.5,219,97.81,6,Completed,DOCK-4,11,0
2026-04-22 06:00:00,OP013,Raphael Lefebvre,C,Morning,73,1,631.2,146,98.0,1,Delayed,DOCK-5,1,2
2026-04-22 06:00:00,OP001,Lucas Martin,A,Morning,64,2,683.0,64,96.4,7,Completed,DOCK-1,11,4
2026-04-22 06:00:00,OP009,Jules Moreau,D,Morning,58,1,694.2,116,98.23,8,Completed,DOCK-1,7,1
2026-04-22 06:00:00,OP014,Ines Leroy,D,Morning,61,2,690.8,183,97.53,2,Delayed,DOCK-6,2,6
2026-04-22 06:00:00,OP019,Noah Lambert,D,Morning,69,0,866.4,207,98.66,5,Completed,DOCK-3,5,6
2026-04-22 06:00:00,OP018,Lina Bonnet,C,Morning,68,1,752.8,136,98.31,9,Completed,DOCK-2,9,4
2026-04-22 07:00:00,OP001,Lucas Martin,A,Morning,52,1,683.0,156,97.17,4,Completed,DOCK-1,9,9
2026-04-22 07:00:00,OP015,Tom Roux,E,Morning,76,0,1020.5,228,98.43,10,Completed,DOCK-7,5,3
2026-04-22 07:00:00,OP006,Manon Richard,A,Morning,61,1,522.1,183,96.47,9,Completed,DOCK-6,8,11
2026-04-22 07:00:00,OP004,Chloe Thomas,D,Morning,67,0,573.2,201,99.9,3,Completed,DOCK-4,6,2
2026-04-22 07:00:00,OP013,Raphael Lefebvre,C,Morning,68,2,895.0,68,97.56,5,Completed,DOCK-5,10,2
2026-04-22 07:00:00,OP008,Lea Durand,C,Morning,62,0,756.5,186,97.03,7,Cancelled,DOCK-8,6,5
2026-04-22 07:00:00,OP003,Hugo Dubois,C,Morning,58,0,749.4,116,97.38,3,Completed,DOCK-3,8,8
2026-04-22 07:00:00,OP010,Sarah Laurent,E,Morning,57,0,739.1,57,98.3,8,Completed,DOCK-2,4,3
2026-04-22 07:00:00,OP009,Jules Moreau,D,Morning,61,1,883.1,122,98.12,5,Completed,DOCK-1,0,0
2026-04-22 07:00:00,OP012,Camille Michel,B,Morning,56,1,516.1,56,97.71,8,Completed,DOCK-4,4,3
2026-04-22 07:00:00,OP020,Mila Faure,E,Morning,51,2,490.2,51,97.79,6,Completed,DOCK-4,2,6
2026-04-22 07:00:00,OP014,Ines Leroy,D,Morning,58,0,791.3,174,98.87,4,Completed,DOCK-6,6,11
2026-04-22 07:00:00,OP017,Liam Girard,B,Morning,55,1,642.6,165,98.98,6,Completed,DOCK-1,10,4
2026-04-22 07:00:00,OP011,Adam Simon,A,Morning,67,0,622.8,201,97.83,7,Cancelled,DOCK-3,5,9
2026-04-22 07:00:00,OP002,Emma Bernard,B,Morning,65,0,933.8,195,97.63,3,Completed,DOCK-2,7,4
2026-04-22 08:00:00,OP007,Nathan Petit,B,Morning,70,2,609.9,140,97.98,7,Completed,DOCK-7,5,7
2026-04-22 08:00:00,OP001,Lucas Martin,A,Morning,61,0,610.5,61,97.45,6,Completed,DOCK-1,7,3
2026-04-22 08:00:00,OP011,Adam Simon,A,Morning,69,1,999.9,207,98.2,9,Completed,DOCK-3,3,10
2026-04-22 08:00:00,OP002,Emma Bernard,B,Morning,60,0,777.6,180,98.35,7,Cancelled,DOCK-2,6,3
2026-04-22 08:00:00,OP004,Chloe Thomas,D,Morning,75,1,941.3,225,97.52,4,Completed,DOCK-4,11,7
2026-04-22 08:00:00,OP012,Camille Michel,B,Morning,53,0,701.5,53,97.65,6,Delayed,DOCK-4,0,5
2026-04-22 08:00:00,OP019,Noah Lambert,D,Morning,66,0,672.3,66,99.27,3,Completed,DOCK-3,5,8
2026-04-22 08:00:00,OP016,Jade Fournier,A,Morning,56,1,785.3,168,98.12,5,Delayed,DOCK-8,5,6
2026-04-22 09:00:00,OP008,Lea Durand,C,Morning,61,0,855.8,183,99.23,6,Completed,DOCK-8,10,4
2026-04-22 09:00:00,OP007,Nathan Petit,B,Morning,74,1,762.3,222,99.06,3,Delayed,DOCK-7,3,11
2026-04-22 09:00:00,OP012,Camille Michel,B,Morning,57,0,811.9,114,98.44,1,Cancelled,DOCK-4,1,10
2026-04-22 09:00:00,OP006,Manon Richard,A,Morning,62,0,812.4,124,97.88,6,Completed,DOCK-6,3,2
2026-04-22 09:00:00,OP001,Lucas Martin,A,Morning,59,0,538.1,177,96.86,6,Completed,DOCK-1,10,11
2026-04-22 09:00:00,OP013,Raphael Lefebvre,C,Morning,55,1,675.7,55,97.83,1,Completed,DOCK-5,8,4
2026-04-22 09:00:00,OP016,Jade Fournier,A,Morning,75,0,814.3,150,98.29,8,Completed,DOCK-8,9,0
2026-04-22 09:00:00,OP011,Adam Simon,A,Morning,68,2,608.4,136,98.61,11,Completed,DOCK-3,2,4
2026-04-22 09:00:00,OP010,Sarah Laurent,E,Morning,71,1,831.3,71,98.34,4,Completed,DOCK-2,5,3
2026-04-22 09:00:00,OP005,Louis Robert,E,Morning,63,1,629.2,126,98.08,5,Completed,DOCK-5,10,9
2026-04-22 09:00:00,OP009,Jules Moreau,D,Morning,58,1,497.9,174,97.6,4,Completed,DOCK-1,3,8
2026-04-22 10:00:00,OP001,Lucas Martin,A,Morning,55,1,754.3,110,98.17,6,Completed,DOCK-1,11,0
2026-04-22 10:00:00,OP004,Chloe Thomas,D,Morning,65,1,851.5,65,98.02,6,Completed,DOCK-4,11,6
2026-04-22 10:00:00,OP003,Hugo Dubois,C,Morning,63,0,625.1,63,97.79,8,Completed,DOCK-3,4,2
2026-04-22 10:00:00,OP010,Sarah Laurent,E,Morning,69,2,664.3,69,98.74,10,Completed,DOCK-2,2,11
2026-04-22 10:00:00,OP007,Nathan Petit,B,Morning,69,0,751.7,69,97.63,3,Completed,DOCK-7,3,11
2026-04-22 10:00:00,OP009,Jules Moreau,D,Morning,69,1,862.8,138,98.55,13,Completed,DOCK-1,9,9
2026-04-22 10:00:00,OP002,Emma Bernard,B,Morning,66,2,641.3,198,97.54,6,Completed,DOCK-2,7,7
2026-04-22 10:00:00,OP019,Noah Lambert,D,Morning,71,0,784.6,142,98.63,7,Completed,DOCK-3,8,0
2026-04-22 10:00:00,OP006,Manon Richard,A,Morning,51,0,738.1,102,97.71,5,Completed,DOCK-6,5,10
2026-04-22 10:00:00,OP013,Raphael Lefebvre,C,Morning,62,1,822.2,124,98.29,7,Cancelled,DOCK-5,9,10
2026-04-22 11:00:00,OP020,Mila Faure,E,Morning,50,0,463.8,50,95.99,3,Completed,DOCK-4,9,10
2026-04-22 11:00:00,OP017,Liam Girard,B,Morning,25,0,256.7,50,98.24,2,Completed,DOCK-1,8,8
2026-04-22 11:00:00,OP009,Jules Moreau,D,Morning,66,0,847.0,198,97.11,5,Completed,DOCK-1,8,6
2026-04-22 11:00:00,OP010,Sarah Laurent,E,Morning,51,0,635.9,51,99.51,1,Completed,DOCK-2,2,6
2026-04-22 11:00:00,OP014,Ines Leroy,D,Morning,58,0,764.2,174,99.05,8,Completed,DOCK-6,5,8
2026-04-22 11:00:00,OP016,Jade Fournier,A,Morning,54,1,611.1,108,97.36,4,Completed,DOCK-8,0,5
2026-04-22 11:00:00,OP011,Adam Simon,A,Morning,51,0,690.1,153,97.3,1,Completed,DOCK-3,0,8
2026-04-22 11:00:00,OP018,Lina Bonnet,C,Morning,70,0,905.4,140,98.49,3,Completed,DOCK-2,7,10
2026-04-22 11:00:00,OP008,Lea Durand,C,Morning,68,1,684.8,204,97.42,8,Completed,DOCK-8,5,6
2026-04-22 11:00:00,OP012,Camille Michel,B,Morning,50,0,694.0,150,97.08,4,Completed,DOCK-4,11,5
2026-04-22 11:00:00,OP005,Louis Robert,E,Morning,69,2,719.5,69,97.49,4,Completed,DOCK-5,8,2
2026-04-22 11:00:00,OP001,Lucas Martin,A,Morning,60,0,587.8,60,96.84,2,Cancelled,DOCK-1,5,6
2026-04-22 11:00:00,OP006,Manon Richard,A,Morning,58,0,620.3,116,97.72,4,Completed,DOCK-6,10,6
2026-04-22 12:00:00,OP001,Lucas Martin,A,Morning,53,2,575.7,106,97.96,3,Completed,DOCK-1,7,5
2026-04-22 12:00:00,OP002,Emma Bernard,B,Morning,60,1,628.8,180,98.33,4,Delayed,DOCK-2,11,0
2026-04-22 12:00:00,OP019,Noah Lambert,D,Morning,66,0,756.7,132,96.69,3,Completed,DOCK-3,2,0
2026-04-22 12:00:00,OP003,Hugo Dubois,C,Morning,63,0,610.0,63,97.36,4,Completed,DOCK-3,11,4
2026-04-22 12:00:00,OP007,Nathan Petit,B,Morning,66,0,785.4,66,98.66,6,Completed,DOCK-7,7,11
2026-04-22 12:00:00,OP016,Jade Fournier,A,Morning,64,0,623.4,128,98.5,5,Completed,DOCK-8,3,10
2026-04-22 12:00:00,OP005,Louis Robert,E,Morning,64,3,856.2,192,97.52,6,Completed,DOCK-5,11,10
2026-04-22 12:00:00,OP010,Sarah Laurent,E,Morning,64,0,595.0,192,99.48,10,Completed,DOCK-2,4,9
2026-04-22 12:00:00,OP011,Adam Simon,A,Morning,50,0,557.2,50,97.88,6,Delayed,DOCK-3,7,0
2026-04-22 12:00:00,OP012,Camille Michel,B,Morning,50,0,663.0,100,97.87,2,Completed,DOCK-4,3,10
2026-04-22 12:00:00,OP015,Tom Roux,E,Morning,73,1,1051.9,146,97.83,5,Completed,DOCK-7,5,3
2026-04-22 12:00:00,OP014,Ines Leroy,D,Morning,63,0,891.2,189,97.88,5,Completed,DOCK-6,7,5
2026-04-22 12:00:00,OP017,Liam Girard,B,Morning,53,0,715.7,106,98.96,7,Completed,DOCK-1,6,3
2026-04-22 13:00:00,OP014,Ines Leroy,D,Morning,61,0,807.5,122,97.54,5,Completed,DOCK-6,10,3
2026-04-22 13:00:00,OP006,Manon Richard,A,Morning,55,1,618.8,110,98.04,4,Completed,DOCK-6,10,3
2026-04-22 13:00:00,OP016,Jade Fournier,A,Morning,62,0,552.3,186,96.04,2,Completed,DOCK-8,4,1
2026-04-22 13:00:00,OP009,Jules Moreau,D,Morning,54,4,489.0,108,97.73,3,Completed,DOCK-1,7,8
2026-04-22 13:00:00,OP013,Raphael Lefebvre,C,Morning,73,1,642.7,146,98.57,11,Completed,DOCK-5,5,10
2026-04-22 13:00:00,OP005,Louis Robert,E,Morning,61,1,706.3,122,97.29,4,Completed,DOCK-5,0,0
2026-04-22 13:00:00,OP011,Adam Simon,A,Morning,69,1,649.7,207,97.56,6,Completed,DOCK-3,0,8
2026-04-22 13:00:00,OP002,Emma Bernard,B,Morning,66,1,610.6,66,97.17,4,Completed,DOCK-2,5,2
2026-04-22 14:00:00,OP001,Lucas Martin,A,Afternoon,43,0,447.4,43,98.24,5,Cancelled,DOCK-1,7,7
2026-04-22 14:00:00,OP012,Camille Michel,B,Afternoon,46,0,408.8,92,97.73,2,Cancelled,DOCK-4,9,4
2026-04-22 14:00:00,OP011,Adam Simon,A,Afternoon,49,0,498.7,49,98.5,2,Completed,DOCK-3,3,11
2026-04-22 14:00:00,OP009,Jules Moreau,D,Afternoon,42,0,509.0,84,97.66,4,Completed,DOCK-1,5,3
2026-04-22 14:00:00,OP008,Lea Durand,C,Afternoon,56,0,807.6,56,98.49,5,Cancelled,DOCK-8,8,3
2026-04-22 14:00:00,OP002,Emma Bernard,B,Afternoon,47,0,499.0,47,98.09,2,Completed,DOCK-2,2,2
2026-04-22 14:00:00,OP013,Raphael Lefebvre,C,Afternoon,57,0,615.1,57,97.5,4,Completed,DOCK-5,11,7
2026-04-22 14:00:00,OP014,Ines Leroy,D,Afternoon,51,0,707.3,153,97.44,6,Completed,DOCK-6,8,3
2026-04-22 15:00:00,OP012,Camille Michel,B,Afternoon,47,2,635.6,94,97.94,5,Completed,DOCK-4,10,2
2026-04-22 15:00:00,OP018,Lina Bonnet,C,Afternoon,61,1,816.0,122,96.18,9,Completed,DOCK-2,8,6
2026-04-22 15:00:00,OP006,Manon Richard,A,Afternoon,50,1,520.2,150,97.42,6,Completed,DOCK-6,8,5
2026-04-22 15:00:00,OP003,Hugo Dubois,C,Afternoon,51,0,555.8,153,97.51,2,Completed,DOCK-3,10,1
2026-04-22 15:00:00,OP019,Noah Lambert,D,Afternoon,57,0,525.6,171,97.22,5,Completed,DOCK-3,9,9
2026-04-22 15:00:00,OP013,Raphael Lefebvre,C,Afternoon,55,0,747.8,165,98.88,4,Completed,DOCK-5,2,9
2026-04-22 15:00:00,OP004,Chloe Thomas,D,Afternoon,65,2,779.2,65,99.35,6,Completed,DOCK-4,10,0
2026-04-22 15:00:00,OP005,Louis Robert,E,Afternoon,50,1,604.4,50,98.46,4,Completed,DOCK-5,7,10
2026-04-22 15:00:00,OP009,Jules Moreau,D,Afternoon,48,1,471.4,96,97.11,3,Completed,DOCK-1,10,4
2026-04-22 15:00:00,OP016,Jade Fournier,A,Afternoon,47,0,400.1,94,97.88,4,Completed,DOCK-8,2,0
2026-04-22 15:00:00,OP010,Sarah Laurent,E,Afternoon,48,0,594.7,48,98.1,4,Cancelled,DOCK-2,3,5
2026-04-22 15:00:00,OP002,Emma Bernard,B,Afternoon,45,0,450.6,90,97.28,3,Completed,DOCK-2,2,2
2026-04-22 15:00:00,OP015,Tom Roux,E,Afternoon,66,0,868.2,198,98.84,7,Delayed,DOCK-7,2,2
2026-04-22 16:00:00,OP016,Jade Fournier,A,Afternoon,56,1,812.0,168,97.91,8,Completed,DOCK-8,6,5
2026-04-22 16:00:00,OP012,Camille Michel,B,Afternoon,40,0,377.3,80,98.13,2,Completed,DOCK-4,8,4
2026-04-22 16:00:00,OP007,Nathan Petit,B,Afternoon,62,0,716.8,124,98.26,7,Completed,DOCK-7,4,3
2026-04-22 16:00:00,OP014,Ines Leroy,D,Afternoon,52,2,721.3,52,97.71,5,Completed,DOCK-6,7,10
2026-04-22 16:00:00,OP019,Noah Lambert,D,Afternoon,55,0,488.6,165,98.05,4,Completed,DOCK-3,2,10
2026-04-22 16:00:00,OP018,Lina Bonnet,C,Afternoon,56,0,722.5,112,98.37,4,Completed,DOCK-2,6,5
2026-04-22 16:00:00,OP004,Chloe Thomas,D,Afternoon,57,1,774.4,171,97.99,2,Completed,DOCK-4,4,9
2026-04-22 16:00:00,OP008,Lea Durand,C,Afternoon,51,0,459.2,102,99.64,4,Completed,DOCK-8,1,11
2026-04-22 16:00:00,OP013,Raphael Lefebvre,C,Afternoon,55,0,609.9,165,96.57,4,Completed,DOCK-5,2,10
2026-04-22 16:00:00,OP009,Jules Moreau,D,Afternoon,51,2,547.7,102,97.94,4,Completed,DOCK-1,1,7
2026-04-22 16:00:00,OP006,Manon Richard,A,Afternoon,52,0,456.4,156,98.94,6,Completed,DOCK-6,5,11
2026-04-22 17:00:00,OP015,Tom Roux,E,Afternoon,55,0,693.2,110,98.8,6,Completed,DOCK-7,4,9
2026-04-22 17:00:00,OP020,Mila Faure,E,Afternoon,42,0,362.9,84,97.83,3,Completed,DOCK-4,5,10
2026-04-22 17:00:00,OP002,Emma Bernard,B,Afternoon,52,0,505.2,104,97.45,4,Completed,DOCK-2,1,5
2026-04-22 17:00:00,OP009,Jules Moreau,D,Afternoon,45,0,432.7,45,98.07,2,Completed,DOCK-1,8,7
2026-04-22 17:00:00,OP010,Sarah Laurent,E,Afternoon,49,1,566.1,49,98.8,10,Completed,DOCK-2,11,1
2026-04-22 17:00:00,OP014,Ines Leroy,D,Afternoon,43,1,383.2,129,97.39,4,Completed,DOCK-6,4,11
2026-04-22 17:00:00,OP005,Louis Robert,E,Afternoon,49,0,586.4,147,99.51,5,Completed,DOCK-5,11,10
2026-04-22 17:00:00,OP007,Nathan Petit,B,Afternoon,58,0,719.1,116,97.89,3,Completed,DOCK-7,7,1
2026-04-22 17:00:00,OP016,Jade Fournier,A,Afternoon,56,1,514.7,56,97.57,4,Completed,DOCK-8,2,2
2026-04-22 18:00:00,OP020,Mila Faure,E,Afternoon,44,0,561.3,132,96.11,5,Completed,DOCK-4,9,4
2026-04-22 18:00:00,OP004,Chloe Thomas,D,Afternoon,63,0,805.6,63,98.9,4,Completed,DOCK-4,2,4
2026-04-22 18:00:00,OP019,Noah Lambert,D,Afternoon,44,0,628.6,88,97.34,5,Completed,DOCK-3,2,3
2026-04-22 18:00:00,OP012,Camille Michel,B,Afternoon,40,1,532.5,120,98.09,4,Completed,DOCK-4,0,9
2026-04-22 18:00:00,OP015,Tom Roux,E,Afternoon,50,0,519.8,100,98.99,3,Completed,DOCK-7,7,3
2026-04-22 18:00:00,OP014,Ines Leroy,D,Afternoon,51,1,571.5,102,96.89,1,Completed,DOCK-6,3,3
2026-04-22 18:00:00,OP007,Nathan Petit,B,Afternoon,56,0,603.0,112,98.19,4,Completed,DOCK-7,6,11
2026-04-22 18:00:00,OP016,Jade Fournier,A,Afternoon,61,0,672.8,61,96.64,8,Completed,DOCK-8,4,1
2026-04-22 18:00:00,OP011,Adam Simon,A,Afternoon,50,2,717.2,150,98.44,2,Completed,DOCK-3,9,7
2026-04-22 18:00:00,OP003,Hugo Dubois,C,Afternoon,60,0,514.7,120,97.4,5,Completed,DOCK-3,4,11
2026-04-22 18:00:00,OP010,Sarah Laurent,E,Afternoon,50,0,507.8,150,98.98,8,Completed,DOCK-2,6,10
2026-04-22 18:00:00,OP009,Jules Moreau,D,Afternoon,42,0,533.2,42,97.3,2,Completed,DOCK-1,6,9
2026-04-22 18:00:00,OP017,Liam Girard,B,Afternoon,41,0,471.3,123,98.58,1,Completed,DOCK-1,10,5
2026-04-22 18:00:00,OP006,Manon Richard,A,Afternoon,49,0,570.6,49,97.09,6,Completed,DOCK-6,2,5
2026-04-22 18:00:00,OP005,Louis Robert,E,Afternoon,47,2,558.3,94,96.77,2,Completed,DOCK-5,1,3
2026-04-22 19:00:00,OP015,Tom Roux,E,Afternoon,51,0,666.1,153,98.88,5,Completed,DOCK-7,11,9
2026-04-22 19:00:00,OP019,Noah Lambert,D,Afternoon,56,0,658.7,168,98.72,7,Completed,DOCK-3,0,6
2026-04-22 19:00:00,OP010,Sarah Laurent,E,Afternoon,52,1,745.2,156,98.5,6,Completed,DOCK-2,0,11
2026-04-22 19:00:00,OP009,Jules Moreau,D,Afternoon,41,0,358.7,82,96.84,3,Completed,DOCK-1,1,3
2026-04-22 19:00:00,OP002,Emma Bernard,B,Afternoon,52,0,567.4,52,98.4,8,Completed,DOCK-2,2,9
2026-04-22 19:00:00,OP014,Ines Leroy,D,Afternoon,42,3,480.1,126,97.57,2,Completed,DOCK-6,9,8
2026-04-22 19:00:00,OP018,Lina Bonnet,C,Afternoon,55,0,691.5,110,98.85,3,Completed,DOCK-2,9,6
2026-04-22 19:00:00,OP007,Nathan Petit,B,Afternoon,46,0,511.4,92,98.74,3,Completed,DOCK-7,5,7
2026-04-22 19:00:00,OP003,Hugo Dubois,C,Afternoon,42,1,419.4,84,96.13,5,Completed,DOCK-3,4,1
2026-04-22 19:00:00,OP017,Liam Girard,B,Afternoon,41,1,392.7,41,97.35,4,Delayed,DOCK-1,10,2
2026-04-22 19:00:00,OP004,Chloe Thomas,D,Afternoon,56,0,799.1,168,98.62,7,Completed,DOCK-4,9,8
2026-04-22 20:00:00,OP008,Lea Durand,C,Afternoon,48,1,647.8,144,97.15,3,Completed,DOCK-8,9,8
2026-04-22 20:00:00,OP015,Tom Roux,E,Afternoon,47,0,558.3,94,98.77,5,Completed,DOCK-7,3,6
2026-04-22 20:00:00,OP012,Camille Michel,B,Afternoon,48,0,584.7,48,96.58,5,Completed,DOCK-4,10,6
2026-04-22 20:00:00,OP010,Sarah Laurent,E,Afternoon,48,2,541.1,144,99.9,5,Completed,DOCK-2,8,6
2026-04-22 20:00:00,OP006,Manon Richard,A,Afternoon,40,0,404.9,40,96.72,1,Completed,DOCK-6,2,6
2026-04-22 20:00:00,OP019,Noah Lambert,D,Afternoon,52,0,595.5,52,98.37,1,Completed,DOCK-3,11,4
2026-04-22 20:00:00,OP007,Nathan Petit,B,Afternoon,55,1,636.1,110,98.78,4,Completed,DOCK-7,4,0
2026-04-22 20:00:00,OP018,Lina Bonnet,C,Afternoon,54,1,695.5,108,96.21,2,Completed,DOCK-2,5,11
2026-04-22 20:00:00,OP004,Chloe Thomas,D,Afternoon,48,0,455.5,48,98.67,7,Completed,DOCK-4,6,11
2026-04-22 20:00:00,OP016,Jade Fournier,A,Afternoon,40,1,360.9,80,97.98,3,Completed,DOCK-8,6,8
2026-04-22 20:00:00,OP020,Mila Faure,E,Afternoon,48,0,460.5,96,96.71,2,Delayed,DOCK-4,11,1
2026-04-22 20:00:00,OP005,Louis Robert,E,Afternoon,52,1,566.7,156,98.44,4,Delayed,DOCK-5,1,0
2026-04-22 20:00:00,OP011,Adam Simon,A,Afternoon,52,1,537.6,52,98.08,3,Completed,DOCK-3,0,8
2026-04-22 21:00:00,OP001,Lucas Martin,A,Afternoon,40,2,552.5,120,98.46,1,Completed,DOCK-1,0,9
2026-04-22 21:00:00,OP004,Chloe Thomas,D,Afternoon,59,1,701.7,177,97.4,5,Completed,DOCK-4,1,5
2026-04-22 21:00:00,OP006,Manon Richard,A,Afternoon,49,0,587.8,147,97.39,6,Completed,DOCK-6,10,1
2026-04-22 21:00:00,OP009,Jules Moreau,D,Afternoon,40,2,547.3,120,96.85,4,Completed,DOCK-1,2,5
2026-04-22 21:00:00,OP020,Mila Faure,E,Afternoon,44,2,437.7,132,98.37,4,Completed,DOCK-4,1,1
2026-04-22 21:00:00,OP008,Lea Durand,C,Afternoon,47,1,564.3,94,97.89,6,Completed,DOCK-8,0,4
2026-04-22 21:00:00,OP002,Emma Bernard,B,Afternoon,42,0,376.7,126,97.73,1,Completed,DOCK-2,2,1
2026-04-22 21:00:00,OP017,Liam Girard,B,Afternoon,42,0,411.7,84,97.68,2,Completed,DOCK-1,8,0
2026-04-22 21:00:00,OP007,Nathan Petit,B,Afternoon,54,0,760.3,108,98.62,6,Completed,DOCK-7,9,0
2026-04-22 21:00:00,OP010,Sarah Laurent,E,Afternoon,41,0,463.4,82,98.89,3,Completed,DOCK-2,11,3
2026-04-22 21:00:00,OP013,Raphael Lefebvre,C,Afternoon,44,0,616.7,88,98.15,3,Completed,DOCK-5,5,9
2026-04-22 22:00:00,OP010,Sarah Laurent,E,Night,38,0,466.7,38,98.1,4,Completed,DOCK-2,3,5
2026-04-22 22:00:00,OP013,Raphael Lefebvre,C,Night,34,0,314.9,68,97.65,3,Completed,DOCK-5,6,9
2026-04-22 22:00:00,OP018,Lina Bonnet,C,Night,44,0,406.6,132,99.68,3,Completed,DOCK-2,10,9
2026-04-22 22:00:00,OP003,Hugo Dubois,C,Night,31,0,347.5,31,98.8,3,Delayed,DOCK-3,0,0
2026-04-22 22:00:00,OP006,Manon Richard,A,Night,38,0,344.3,38,99.56,1,Delayed,DOCK-6,3,5
2026-04-22 22:00:00,OP009,Jules Moreau,D,Night,31,0,326.3,93,97.65,4,Completed,DOCK-1,8,3
2026-04-22 22:00:00,OP011,Adam Simon,A,Night,37,0,392.1,111,98.25,3,Completed,DOCK-3,10,1
2026-04-22 22:00:00,OP002,Emma Bernard,B,Night,31,0,398.1,62,97.45,1,Completed,DOCK-2,10,1
2026-04-22 23:00:00,OP014,Ines Leroy,D,Night,31,0,390.0,93,98.77,6,Delayed,DOCK-6,9,5
2026-04-22 23:00:00,OP005,Louis Robert,E,Night,29,1,308.4,58,98.12,1,Delayed,DOCK-5,2,9
2026-04-22 23:00:00,OP006,Manon Richard,A,Night,33,0,330.0,33,97.46,1,Completed,DOCK-6,4,7
2026-04-22 23:00:00,OP019,Noah Lambert,D,Night,36,0,314.7,36,97.75,4,Completed,DOCK-3,6,3
2026-04-22 23:00:00,OP015,Tom Roux,E,Night,37,0,431.6,74,98.01,4,Completed,DOCK-7,4,8
2026-04-22 23:00:00,OP013,Raphael Lefebvre,C,Night,40,1,575.0,120,97.8,3,Delayed,DOCK-5,6,4
2026-04-22 23:00:00,OP008,Lea Durand,C,Night,31,0,444.5,93,98.09,3,Completed,DOCK-8,9,8
2026-04-22 23:00:00,OP011,Adam Simon,A,Night,39,3,528.5,78,98.31,2,Completed,DOCK-3,3,1
2026-04-23 00:00:00,OP015,Tom Roux,E,Night,35,1,413.8,35,98.16,3,Completed,DOCK-7,0,0
2026-04-23 00:00:00,OP019,Noah Lambert,D,Night,39,0,342.4,39,98.23,1,Completed,DOCK-3,0,0
2026-04-23 00:00:00,OP011,Adam Simon,A,Night,36,1,456.1,36,98.47,2,Completed,DOCK-3,7,1
2026-04-23 00:00:00,OP002,Emma Bernard,B,Night,41,0,373.4,41,98.14,3,Completed,DOCK-2,6,8
2026-04-23 00:00:00,OP006,Manon Richard,A,Night,35,1,386.8,105,97.16,1,Completed,DOCK-6,4,10
2026-04-23 00:00:00,OP003,Hugo Dubois,C,Night,36,0,306.5,72,97.48,6,Completed,DOCK-3,3,4
2026-04-23 00:00:00,OP016,Jade Fournier,A,Night,41,0,355.4,41,98.22,2,Completed,DOCK-8,0,1
2026-04-23 00:00:00,OP004,Chloe Thomas,D,Night,47,1,629.4,47,98.53,7,Completed,DOCK-4,4,0
2026-04-23 00:00:00,OP010,Sarah Laurent,E,Night,39,0,351.6,78,98.34,3,Completed,DOCK-2,5,3
2026-04-23 00:00:00,OP013,Raphael Lefebvre,C,Night,34,0,422.9,102,97.77,1,Completed,DOCK-5,2,9
2026-04-23 00:00:00,OP009,Jules Moreau,D,Night,26,1,321.4,26,98.12,3,Completed,DOCK-1,7,2
2026-04-23 00:00:00,OP001,Lucas Martin,A,Night,41,0,460.3,123,97.8,2,Delayed,DOCK-1,7,6
2026-04-23 00:00:00,OP005,Louis Robert,E,Night,32,1,368.5,32,99.55,2,Completed,DOCK-5,6,2
2026-04-23 00:00:00,OP007,Nathan Petit,B,Night,35,0,408.6,70,98.42,5,Delayed,DOCK-7,3,1
2026-04-23 01:00:00,OP006,Manon Richard,A,Night,25,0,295.2,75,97.9,3,Completed,DOCK-6,2,10
2026-04-23 01:00:00,OP007,Nathan Petit,B,Night,47,1,584.9,94,96.54,1,Cancelled,DOCK-7,11,10
2026-04-23 01:00:00,OP010,Sarah Laurent,E,Night,37,1,348.6,111,98.07,2,Completed,DOCK-2,0,4
2026-04-23 01:00:00,OP003,Hugo Dubois,C,Night,47,0,626.7,94,97.08,4,Delayed,DOCK-3,6,7
2026-04-23 01:00:00,OP018,Lina Bonnet,C,Night,42,1,417.9,84,98.33,1,Delayed,DOCK-2,9,5
2026-04-23 01:00:00,OP009,Jules Moreau,D,Night,30,0,388.7,60,98.12,2,Completed,DOCK-1,0,5
2026-04-23 01:00:00,OP004,Chloe Thomas,D,Night,37,0,329.9,37,98.11,3,Completed,DOCK-4,5,9
2026-04-23 01:00:00,OP013,Raphael Lefebvre,C,Night,31,0,444.5,93,97.59,3,Completed,DOCK-5,10,3
2026-04-23 01:00:00,OP020,Mila Faure,E,Night,25,0,212.6,75,99.89,3,Delayed,DOCK-4,10,10
2026-04-23 01:00:00,OP014,Ines Leroy,D,Night,33,2,424.5,66,99.15,3,Delayed,DOCK-6,10,10
2026-04-23 01:00:00,OP011,Adam Simon,A,Night,40,0,540.0,80,97.73,1,Completed,DOCK-3,8,10
2026-04-23 01:00:00,OP019,Noah Lambert,D,Night,32,0,363.7,96,96.98,2,Completed,DOCK-3,5,9
2026-04-23 01:00:00,OP001,Lucas Martin,A,Night,34,0,368.6,34,98.1,3,Delayed,DOCK-1,11,10
2026-04-23 01:00:00,OP017,Liam Girard,B,Night,34,0,467.7,102,97.64,2,Completed,DOCK-1,10,5
2026-04-23 02:00:00,OP009,Jules Moreau,D,Night,35,1,317.6,105,98.23,1,Completed,DOCK-1,8,8
2026-04-23 02:00:00,OP001,Lucas Martin,A,Night,30,1,416.6,90,98.81,1,Delayed,DOCK-1,1,6
2026-04-23 02:00:00,OP011,Adam Simon,A,Night,31,0,448.6,62,98.02,2,Delayed,DOCK-3,6,4
2026-04-23 02:00:00,OP004,Chloe Thomas,D,Night,43,0,458.6,86,97.64,3,Completed,DOCK-4,10,8
2026-04-23 02:00:00,OP003,Hugo Dubois,C,Night,36,1,391.2,36,98.73,2,Completed,DOCK-3,3,9
2026-04-23 02:00:00,OP016,Jade Fournier,A,Night,37,1,392.3,74,97.5,4,Completed,DOCK-8,9,0
2026-04-23 02:00:00,OP013,Raphael Lefebvre,C,Night,41,0,524.7,82,97.67,4,Delayed,DOCK-5,5,1
2026-04-23 02:00:00,OP002,Emma Bernard,B,Night,41,2,360.1,41,99.59,9,Delayed,DOCK-2,6,0
2026-04-23 02:00:00,OP015,Tom Roux,E,Night,38,0,404.9,76,99.27,2,Completed,DOCK-7,4,11
2026-04-23 02:00:00,OP008,Lea Durand,C,Night,38,0,489.4,76,98.49,1,Completed,DOCK-8,3,6
2026-04-23 03:00:00,OP015,Tom Roux,E,Night,47,0,404.0,141,99.9,5,Completed,DOCK-7,3,3
2026-04-23 03:00:00,OP018,Lina Bonnet,C,Night,36,0,384.3,72,98.04,3,Completed,DOCK-2,2,5
2026-04-23 03:00:00,OP013,Raphael Lefebvre,C,Night,21,0,238.7,63,98.58,3,Completed,DOCK-5,5,11
2026-04-23 03:00:00,OP014,Ines Leroy,D,Night,27,1,366.0,27,97.24,3,Completed,DOCK-6,3,9
2026-04-23 03:00:00,OP019,Noah Lambert,D,Night,34,0,440.5,102,97.87,2,Completed,DOCK-3,4,1
2026-04-23 03:00:00,OP006,Manon Richard,A,Night,29,0,355.6,58,97.04,2,Completed,DOCK-6,5,0
2026-04-23 03:00:00,OP004,Chloe Thomas,D,Night,44,0,530.2,88,98.02,5,Completed,DOCK-4,2,2
2026-04-23 03:00:00,OP010,Sarah Laurent,E,Night,38,0,502.7,38,98.25,3,Completed,DOCK-2,10,3
2026-04-23 03:00:00,OP007,Nathan Petit,B,Night,39,3,438.2,78,96.95,2,Completed,DOCK-7,7,8
2026-04-23 03:00:00,OP001,Lucas Martin,A,Night,36,3,515.4,108,97.49,5,Completed,DOCK-1,7,6
2026-04-23 03:00:00,OP002,Emma Bernard,B,Night,38,1,523.1,114,99.21,2,Delayed,DOCK-2,3,3
2026-04-23 03:00:00,OP011,Adam Simon,A,Night,29,2,394.8,58,98.56,3,Completed,DOCK-3,6,7
2026-04-23 04:00:00,OP006,Manon Richard,A,Night,31,0,313.4,62,97.91,2,Delayed,DOCK-6,3,11
2026-04-23 04:00:00,OP001,Lucas Martin,A,Night,31,0,365.9,62,97.74,4,Completed,DOCK-1,4,10
2026-04-23 04:00:00,OP013,Raphael Lefebvre,C,Night,21,0,218.7,63,98.89,1,Completed,DOCK-5,8,11
2026-04-23 04:00:00,OP017,Liam Girard,B,Night,29,1,398.5,87,97.56,2,Completed,DOCK-1,8,7
2026-04-23 04:00:00,OP002,Emma Bernard,B,Night,39,3,489.5,39,99.35,2,Completed,DOCK-2,0,9
2026-04-23 04:00:00,OP003,Hugo Dubois,C,Night,31,0,344.5,62,97.95,3,Completed,DOCK-3,2,9
2026-04-23 04:00:00,OP010,Sarah Laurent,E,Night,35,1,307.4,70,98.98,1,Completed,DOCK-2,10,11
2026-04-23 04:00:00,OP004,Chloe Thomas,D,Night,37,1,510.5,74,98.04,6,Completed,DOCK-4,3,4
2026-04-23 04:00:00,OP009,Jules Moreau,D,Night,33,0,421.7,33,96.67,2,Completed,DOCK-1,4,9
2026-04-23 05:00:00,OP001,Lucas Martin,A,Night,26,1,286.1,26,98.66,1,Cancelled,DOCK-1,7,10
2026-04-23 05:00:00,OP002,Emma Bernard,B,Night,33,1,398.2,66,98.93,2,Delayed,DOCK-2,10,11
2026-04-23 05:00:00,OP019,Noah Lambert,D,Night,28,1,241.2,84,97.45,5,Completed,DOCK-3,6,11
2026-04-23 05:00:00,OP007,Nathan Petit,B,Night,39,1,440.2,78,99.25,5,Completed,DOCK-7,8,5
2026-04-23 05:00:00,OP013,Raphael Lefebvre,C,Night,34,0,408.4,68,98.66,1,Completed,DOCK-5,4,10
2026-04-23 05:00:00,OP017,Liam Girard,B,Night,30,0,316.6,30,97.12,2,Completed,DOCK-1,2,10
2026-04-23 05:00:00,OP020,Mila Faure,E,Night,25,0,274.0,75,97.86,4,Completed,DOCK-4,10,2
2026-04-23 05:00:00,OP009,Jules Moreau,D,Night,25,0,328.6,25,97.07,1,Completed,DOCK-1,8,2
2026-04-23 05:00:00,OP008,Lea Durand,C,Night,34,0,386.5,34,99.07,4,Completed,DOCK-8,4,4
2026-04-23 05:00:00,OP012,Camille Michel,B,Night,35,2,345.9,70,97.34,5,Completed,DOCK-4,5,0
2026-04-23 05:00:00,OP010,Sarah Laurent,E,Night,37,1,482.1,74,99.75,8,Completed,DOCK-2,10,1
2026-04-23 05:00:00,OP018,Lina Bonnet,C,Night,40,0,399.6,120,99.49,2,Completed,DOCK-2,6,10
2026-04-23 05:00:00,OP004,Chloe Thomas,D,Night,42,1,359.9,42,98.54,1,Completed,DOCK-4,3,3
2026-04-23 05:00:00,OP005,Louis Robert,E,Night,25,0,289.9,50,96.23,3,Completed,DOCK-5,11,6
2026-04-23 05:00:00,OP015,Tom Roux,E,Night,35,1,348.8,35,98.46,4,Completed,DOCK-7,6,4
2026-04-23 06:00:00,OP016,Jade Fournier,A,Morning,59,1,595.5,118,96.9,2,Delayed,DOCK-8,5,1
2026-04-23 06:00:00,OP009,Jules Moreau,D,Morning,61,1,757.4,61,97.65,8,Completed,DOCK-1,7,8
2026-04-23 06:00:00,OP004,Chloe Thomas,D,Morning,74,1,742.9,222,98.35,5,Completed,DOCK-4,4,8
2026-04-23 06:00:00,OP002,Emma Bernard,B,Morning,71,1,651.9,71,98.76,4,Completed,DOCK-2,3,5
2026-04-23 06:00:00,OP011,Adam Simon,A,Morning,60,2,583.2,60,98.59,4,Completed,DOCK-3,2,7
2026-04-23 06:00:00,OP017,Liam Girard,B,Morning,67,0,854.3,67,97.03,7,Completed,DOCK-1,4,2
2026-04-23 06:00:00,OP006,Manon Richard,A,Morning,50,0,498.3,50,97.89,5,Completed,DOCK-6,9,6
2026-04-23 06:00:00,OP010,Sarah Laurent,E,Morning,59,1,545.6,177,99.06,2,Completed,DOCK-2,5,6
2026-04-23 06:00:00,OP019,Noah Lambert,D,Morning,72,2,639.2,216,97.73,7,Completed,DOCK-3,1,7
2026-04-23 06:00:00,OP013,Raphael Lefebvre,C,Morning,60,2,654.0,120,98.37,2,Completed,DOCK-5,8,6
2026-04-23 06:00:00,OP001,Lucas Martin,A,Morning,64,1,727.8,192,98.3,6,Completed,DOCK-1,11,6
2026-04-23 07:00:00,OP002,Emma Bernard,B,Morning,61,0,793.7,61,96.73,1,Completed,DOCK-2,6,0
2026-04-23 07:00:00,OP004,Chloe Thomas,D,Morning,73,1,860.8,146,98.17,2,Completed,DOCK-4,8,10
2026-04-23 07:00:00,OP007,Nathan Petit,B,Morning,61,0,796.5,61,96.52,10,Completed,DOCK-7,5,1
2026-04-23 07:00:00,OP010,Sarah Laurent,E,Morning,59,0,507.4,59,96.15,3,Completed,DOCK-2,10,11
2026-04-23 07:00:00,OP005,Louis Robert,E,Morning,72,1,953.1,72,98.16,3,Completed,DOCK-5,9,0
2026-04-23 07:00:00,OP011,Adam Simon,A,Morning,58,0,692.9,58,96.97,4,Delayed,DOCK-3,10,9
2026-04-23 07:00:00,OP018,Lina Bonnet,C,Morning,70,1,751.1,210,98.05,3,Completed,DOCK-2,3,0
2026-04-23 07:00:00,OP014,Ines Leroy,D,Morning,62,1,712.3,62,96.86,5,Completed,DOCK-6,8,0
2026-04-23 07:00:00,OP019,Noah Lambert,D,Morning,63,0,538.4,63,99.65,4,Completed,DOCK-3,0,4
2026-04-23 07:00:00,OP012,Camille Michel,B,Morning,63,2,662.9,63,98.71,7,Completed,DOCK-4,11,2
2026-04-23 07:00:00,OP001,Lucas Martin,A,Morning,64,1,746.0,192,98.87,2,Completed,DOCK-1,0,10
2026-04-23 08:00:00,OP001,Lucas Martin,A,Morning,62,0,599.2,124,96.86,2,Completed,DOCK-1,9,11
2026-04-23 08:00:00,OP019,Noah Lambert,D,Morning,61,0,518.9,183,98.28,4,Completed,DOCK-3,1,8
2026-04-23 08:00:00,OP014,Ines Leroy,D,Morning,63,2,778.8,63,98.34,5,Completed,DOCK-6,2,8
2026-04-23 08:00:00,OP006,Manon Richard,A,Morning,56,1,707.1,56,97.76,5,Completed,DOCK-6,9,7
2026-04-23 08:00:00,OP004,Chloe Thomas,D,Morning,62,1,710.5,62,96.53,2,Completed,DOCK-4,0,7
2026-04-23 08:00:00,OP005,Louis Robert,E,Morning,63,1,782.6,63,99.01,6,Completed,DOCK-5,1,10
2026-04-23 08:00:00,OP017,Liam Girard,B,Morning,64,0,557.6,192,97.58,6,Completed,DOCK-1,8,7
2026-04-23 08:00:00,OP013,Raphael Lefebvre,C,Morning,66,0,654.8,198,99.32,7,Completed,DOCK-5,6,8
2026-04-23 08:00:00,OP002,Emma Bernard,B,Morning,62,0,756.5,62,99.1,11,Completed,DOCK-2,5,0
2026-04-23 08:00:00,OP016,Jade Fournier,A,Morning,65,0,612.4,130,98.52,12,Completed,DOCK-8,4,8
2026-04-23 08:00:00,OP007,Nathan Petit,B,Morning,71,0,902.4,213,97.19,7,Completed,DOCK-7,2,4
2026-04-23 08:00:00,OP003,Hugo Dubois,C,Morning,70,2,644.6,210,96.75,9,Completed,DOCK-3,10,3
2026-04-23 08:00:00,OP009,Jules Moreau,D,Morning,55,1,756.3,165,97.05,6,Completed,DOCK-1,10,8
2026-04-23 08:00:00,OP012,Camille Michel,B,Morning,63,0,687.9,63,98.88,3,Completed,DOCK-4,8,8
2026-04-23 08:00:00,OP011,Adam Simon,A,Morning,76,0,911.5,76,97.84,5,Completed,DOCK-3,8,1
2026-04-23 09:00:00,OP001,Lucas Martin,A,Morning,58,0,534.3,58,98.06,1,Completed,DOCK-1,6,10
2026-04-23 09:00:00,OP013,Raphael Lefebvre,C,Morning,68,2,641.1,136,99.24,7,Delayed,DOCK-5,9,11
2026-04-23 09:00:00,OP018,Lina Bonnet,C,Morning,53,0,704.1,159,99.42,4,Completed,DOCK-2,5,1
2026-04-23 09:00:00,OP004,Chloe Thomas,D,Morning,77,0,1047.5,231,99.09,8,Completed,DOCK-4,0,0
2026-04-23 09:00:00,OP014,Ines Leroy,D,Morning,58,2,698.3,174,95.86,6,Completed,DOCK-6,11,5
2026-04-23 09:00:00,OP007,Nathan Petit,B,Morning,62,0,721.8,124,96.38,4,Completed,DOCK-7,11,0
2026-04-23 09:00:00,OP010,Sarah Laurent,E,Morning,66,0,609.3,132,98.07,2,Delayed,DOCK-2,3,0
2026-04-23 09:00:00,OP019,Noah Lambert,D,Morning,58,2,748.0,58,98.13,2,Completed,DOCK-3,11,3
2026-04-23 09:00:00,OP020,Mila Faure,E,Morning,54,1,597.0,162,98.31,5,Completed,DOCK-4,9,9
2026-04-23 09:00:00,OP003,Hugo Dubois,C,Morning,63,0,719.1,63,97.51,1,Completed,DOCK-3,6,0
2026-04-23 09:00:00,OP016,Jade Fournier,A,Morning,61,2,591.5,183,98.21,7,Completed,DOCK-8,5,10
2026-04-23 10:00:00,OP013,Raphael Lefebvre,C,Morning,72,2,947.0,72,97.34,6,Delayed,DOCK-5,11,8
2026-04-23 10:00:00,OP015,Tom Roux,E,Morning,65,1,614.9,130,97.67,8,Completed,DOCK-7,8,5
2026-04-23 10:00:00,OP001,Lucas Martin,A,Morning,50,0,691.7,150,97.92,3,Completed,DOCK-1,8,2
2026-04-23 10:00:00,OP014,Ines Leroy,D,Morning,62,0,545.2,62,97.42,6,Completed,DOCK-6,4,10
2026-04-23 10:00:00,OP009,Jules Moreau,D,Morning,64,0,805.1,192,96.89,5,Completed,DOCK-1,3,7
2026-04-23 10:00:00,OP005,Louis Robert,E,Morning,59,0,720.6,118,97.02,5,Completed,DOCK-5,8,9
2026-04-23 10:00:00,OP012,Camille Michel,B,Morning,55,0,630.6,110,97.86,3,Delayed,DOCK-4,7,1
2026-04-23 10:00:00,OP006,Manon Richard,A,Morning,55,0,569.9,165,96.26,8,Completed,DOCK-6,4,3
2026-04-23 10:00:00,OP008,Lea Durand,C,Morning,58,0,745.2,58,97.5,6,Completed,DOCK-8,11,0
2026-04-23 10:00:00,OP011,Adam Simon,A,Morning,64,1,769.4,128,98.42,3,Completed,DOCK-3,11,3
2026-04-23 11:00:00,OP013,Raphael Lefebvre,C,Morning,63,1,886.6,126,99.24,8,Completed,DOCK-5,6,8
2026-04-23 11:00:00,OP005,Louis Robert,E,Morning,59,1,687.0,177,97.9,5,Cancelled,DOCK-5,10,2
2026-04-23 11:00:00,OP019,Noah Lambert,D,Morning,61,2,739.1,122,98.13,6,Cancelled,DOCK-3,9,1
2026-04-23 11:00:00,OP020,Mila Faure,E,Morning,56,1,767.4,56,97.17,6,Completed,DOCK-4,10,10
2026-04-23 11:00:00,OP011,Adam Simon,A,Morning,65,1,732.4,130,98.3,9,Completed,DOCK-3,6,10
2026-04-23 11:00:00,OP008,Lea Durand,C,Morning,71,0,806.4,213,97.37,9,Delayed,DOCK-8,2,3
2026-04-23 11:00:00,OP004,Chloe Thomas,D,Morning,59,1,694.5,118,96.34,8,Completed,DOCK-4,6,0
2026-04-23 11:00:00,OP006,Manon Richard,A,Morning,53,3,745.6,159,98.86,1,Delayed,DOCK-6,0,6
2026-04-23 11:00:00,OP001,Lucas Martin,A,Morning,56,1,587.7,168,96.85,6,Completed,DOCK-1,11,0
2026-04-23 11:00:00,OP002,Emma Bernard,B,Morning,64,0,901.3,128,98.48,3,Completed,DOCK-2,7,1
2026-04-23 11:00:00,OP007,Nathan Petit,B,Morning,71,0,715.8,142,98.89,3,Completed,DOCK-7,1,8
2026-04-23 11:00:00,OP003,Hugo Dubois,C,Morning,56,1,488.6,168,99.33,5,Completed,DOCK-3,6,11
2026-04-23 11:00:00,OP017,Liam Girard,B,Morning,57,0,559.2,57,97.46,3,Completed,DOCK-1,10,11
2026-04-23 12:00:00,OP012,Camille Michel,B,Morning,58,0,553.9,174,98.02,7,Completed,DOCK-4,4,0
2026-04-23 12:00:00,OP002,Emma Bernard,B,Morning,61,2,631.8,122,99.73,4,Completed,DOCK-2,1,8
2026-04-23 12:00:00,OP014,Ines Leroy,D,Morning,62,1,655.5,124,98.75,6,Completed,DOCK-6,0,2
2026-04-23 12:00:00,OP006,Manon Richard,A,Morning,54,0,500.8,108,96.47,3,Completed,DOCK-6,2,1
2026-04-23 12:00:00,OP019,Noah Lambert,D,Morning,60,1,735.3,120,99.9,10,Completed,DOCK-3,2,4
2026-04-23 12:00:00,OP018,Lina Bonnet,C,Morning,65,0,933.4,130,96.74,5,Delayed,DOCK-2,9,7
2026-04-23 12:00:00,OP017,Liam Girard,B,Morning,55,2,502.2,55,98.96,4,Completed,DOCK-1,2,10
2026-04-23 12:00:00,OP009,Jules Moreau,D,Morning,54,0,535.8,162,99.02,9,Completed,DOCK-1,7,0
2026-04-23 12:00:00,OP005,Louis Robert,E,Morning,62,1,852.8,62,97.5,8,Delayed,DOCK-5,11,0
2026-04-23 12:00:00,OP004,Chloe Thomas,D,Morning,61,0,860.5,183,98.43,9,Completed,DOCK-4,5,1
2026-04-23 12:00:00,OP020,Mila Faure,E,Morning,62,1,853.6,62,99.07,2,Completed,DOCK-4,4,2
2026-04-23 13:00:00,OP009,Jules Moreau,D,Morning,57,1,749.7,114,97.94,2,Completed,DOCK-1,4,1
2026-04-23 13:00:00,OP001,Lucas Martin,A,Morning,54,1,630.6,108,96.75,2,Completed,DOCK-1,3,5
2026-04-23 13:00:00,OP018,Lina Bonnet,C,Morning,55,0,544.6,110,97.16,5,Completed,DOCK-2,3,8
2026-04-23 13:00:00,OP005,Louis Robert,E,Morning,63,1,674.4,126,98.88,5,Delayed,DOCK-5,4,0
2026-04-23 13:00:00,OP016,Jade Fournier,A,Morning,69,0,762.7,69,99.51,3,Completed,DOCK-8,11,3
2026-04-23 13:00:00,OP004,Chloe Thomas,D,Morning,65,0,753.1,65,99.06,7,Completed,DOCK-4,4,9
2026-04-23 13:00:00,OP015,Tom Roux,E,Morning,63,0,683.0,126,97.84,3,Delayed,DOCK-7,4,1
2026-04-23 13:00:00,OP002,Emma Bernard,B,Morning,64,1,881.5,128,97.78,6,Completed,DOCK-2,8,7
2026-04-23 13:00:00,OP012,Camille Michel,B,Morning,53,1,516.5,159,97.53,7,Completed,DOCK-4,0,4
2026-04-23 13:00:00,OP019,Noah Lambert,D,Morning,61,1,619.0,183,98.72,9,Completed,DOCK-3,11,6
2026-04-23 14:00:00,OP005,Louis Robert,E,Afternoon,68,1,931.0,68,98.17,4,Completed,DOCK-5,9,9
2026-04-23 14:00:00,OP011,Adam Simon,A,Afternoon,51,0,582.3,153,96.72,3,Completed,DOCK-3,4,9
2026-04-23 14:00:00,OP012,Camille Michel,B,Afternoon,40,1,554.5,120,96.8,7,Completed,DOCK-4,6,3
2026-04-23 14:00:00,OP015,Tom Roux,E,Afternoon,50,1,426.3,50,98.16,2,Completed,DOCK-7,0,10
2026-04-23 14:00:00,OP014,Ines Leroy,D,Afternoon,54,1,697.5,108,98.61,5,Completed,DOCK-6,8,6
2026-04-23 14:00:00,OP020,Mila Faure,E,Afternoon,46,0,494.2,92,96.65,5,Cancelled,DOCK-4,4,10
2026-04-23 14:00:00,OP017,Liam Girard,B,Afternoon,51,0,594.4,102,97.53,4,Completed,DOCK-1,7,7
2026-04-23 14:00:00,OP004,Chloe Thomas,D,Afternoon,60,0,703.1,180,99.52,9,Completed,DOCK-4,2,2
2026-04-23 14:00:00,OP002,Emma Bernard,B,Afternoon,51,0,673.4,102,98.62,2,Delayed,DOCK-2,0,11
2026-04-23 14:00:00,OP001,Lucas Martin,A,Afternoon,40,0,553.4,40,97.12,4,Completed,DOCK-1,0,5
2026-04-23 14:00:00,OP018,Lina Bonnet,C,Afternoon,68,0,852.7,204,98.06,7,Completed,DOCK-2,9,9
2026-04-23 15:00:00,OP008,Lea Durand,C,Afternoon,50,2,488.6,150,98.03,2,Completed,DOCK-8,6,1
2026-04-23 15:00:00,OP007,Nathan Petit,B,Afternoon,52,0,576.5,104,98.83,2,Completed,DOCK-7,9,4
2026-04-23 15:00:00,OP017,Liam Girard,B,Afternoon,43,0,478.4,86,98.09,3,Completed,DOCK-1,5,10
2026-04-23 15:00:00,OP001,Lucas Martin,A,Afternoon,44,0,604.9,132,97.16,1,Completed,DOCK-1,5,3
2026-04-23 15:00:00,OP014,Ines Leroy,D,Afternoon,50,1,503.8,50,97.0,4,Completed,DOCK-6,7,7
2026-04-23 15:00:00,OP003,Hugo Dubois,C,Afternoon,50,0,598.2,50,99.55,7,Completed,DOCK-3,11,10
2026-04-23 15:00:00,OP004,Chloe Thomas,D,Afternoon,55,1,582.7,55,99.31,2,Delayed,DOCK-4,0,8
2026-04-23 15:00:00,OP013,Raphael Lefebvre,C,Afternoon,47,0,574.2,94,98.17,7,Completed,DOCK-5,6,5
2026-04-23 15:00:00,OP020,Mila Faure,E,Afternoon,47,0,429.3,141,97.64,6,Completed,DOCK-4,10,6
2026-04-23 15:00:00,OP005,Louis Robert,E,Afternoon,62,0,555.5,124,97.07,6,Completed,DOCK-5,6,3
2026-04-23 15:00:00,OP011,Adam Simon,A,Afternoon,46,0,504.0,92,97.33,6,Completed,DOCK-3,10,1
2026-04-23 16:00:00,OP009,Jules Moreau,D,Afternoon,43,1,453.8,86,98.32,4,Completed,DOCK-1,2,2
2026-04-23 16:00:00,OP006,Manon Richard,A,Afternoon,52,1,689.9,104,97.65,7,Completed,DOCK-6,1,11
2026-04-23 16:00:00,OP019,Noah Lambert,D,Afternoon,59,2,636.8,177,97.59,1,Completed,DOCK-3,4,2
2026-04-23 16:00:00,OP007,Nathan Petit,B,Afternoon,61,0,600.8,61,98.32,5,Completed,DOCK-7,7,7
2026-04-23 16:00:00,OP004,Chloe Thomas,D,Afternoon,61,0,729.8,183,98.91,6,Cancelled,DOCK-4,6,0
2026-04-23 16:00:00,OP020,Mila Faure,E,Afternoon,50,1,721.8,100,97.66,3,Completed,DOCK-4,0,8
2026-04-23 16:00:00,OP003,Hugo Dubois,C,Afternoon,50,1,685.9,50,98.1,2,Completed,DOCK-3,10,11
2026-04-23 16:00:00,OP008,Lea Durand,C,Afternoon,50,0,493.2,100,96.19,6,Completed,DOCK-8,10,2
2026-04-23 16:00:00,OP011,Adam Simon,A,Afternoon,57,1,737.9,171,98.39,6,Completed,DOCK-3,5,3
2026-04-23 16:00:00,OP016,Jade Fournier,A,Afternoon,54,1,487.6,162,97.53,3,Completed,DOCK-8,1,9
2026-04-23 16:00:00,OP015,Tom Roux,E,Afternoon,68,1,956.3,68,98.7,7,Completed,DOCK-7,3,8
2026-04-23 17:00:00,OP010,Sarah Laurent,E,Afternoon,57,1,553.1,171,97.99,9,Completed,DOCK-2,5,10
2026-04-23 17:00:00,OP009,Jules Moreau,D,Afternoon,45,0,450.9,90,97.76,6,Completed,DOCK-1,10,10
2026-04-23 17:00:00,OP017,Liam Girard,B,Afternoon,41,0,453.4,82,99.28,6,Completed,DOCK-1,8,1
2026-04-23 17:00:00,OP003,Hugo Dubois,C,Afternoon,55,0,621.3,110,97.55,7,Completed,DOCK-3,10,2
2026-04-23 17:00:00,OP001,Lucas Martin,A,Afternoon,48,0,575.5,48,98.16,6,Completed,DOCK-1,6,0
2026-04-23 17:00:00,OP007,Nathan Petit,B,Afternoon,60,0,721.2,120,98.19,6,Completed,DOCK-7,2,5
2026-04-23 17:00:00,OP004,Chloe Thomas,D,Afternoon,66,1,602.2,198,97.87,4,Completed,DOCK-4,5,5
2026-04-23 17:00:00,OP019,Noah Lambert,D,Afternoon,52,0,672.2,52,98.42,7,Completed,DOCK-3,10,5
2026-04-23 17:00:00,OP020,Mila Faure,E,Afternoon,44,1,629.1,132,96.85,4,Completed,DOCK-4,4,6
2026-04-23 18:00:00,OP008,Lea Durand,C,Afternoon,46,0,526.0,138,98.92,4,Completed,DOCK-8,5,3
2026-04-23 18:00:00,OP014,Ines Leroy,D,Afternoon,45,0,614.7,135,98.95,2,Completed,DOCK-6,11,9
2026-04-23 18:00:00,OP004,Chloe Thomas,D,Afternoon,46,0,574.1,138,99.23,4,Completed,DOCK-4,11,2
2026-04-23 18:00:00,OP005,Louis Robert,E,Afternoon,54,1,688.8,108,98.05,2,Completed,DOCK-5,8,1
2026-04-23 18:00:00,OP019,Noah Lambert,D,Afternoon,59,1,793.0,59,99.23,4,Completed,DOCK-3,9,7
2026-04-23 18:00:00,OP018,Lina Bonnet,C,Afternoon,60,0,576.7,60,97.68,4,Completed,DOCK-2,11,4
2026-04-23 18:00:00,OP002,Emma Bernard,B,Afternoon,56,1,490.2,112,97.4,6,Completed,DOCK-2,3,8
2026-04-23 18:00:00,OP006,Manon Richard,A,Afternoon,48,1,479.1,144,96.74,6,Completed,DOCK-6,3,0
2026-04-23 18:00:00,OP020,Mila Faure,E,Afternoon,43,1,368.9,129,97.6,2,Completed,DOCK-4,1,5
2026-04-23 18:00:00,OP013,Raphael Lefebvre,C,Afternoon,50,1,655.6,100,98.04,4,Completed,DOCK-5,10,0
2026-04-23 18:00:00,OP017,Liam Girard,B,Afternoon,52,0,586.2,104,96.7,2,Completed,DOCK-1,11,0
2026-04-23 18:00:00,OP001,Lucas Martin,A,Afternoon,51,0,579.4,51,96.3,4,Completed,DOCK-1,4,1
2026-04-23 19:00:00,OP006,Manon Richard,A,Afternoon,41,0,431.7,41,97.16,4,Completed,DOCK-6,9,6
2026-04-23 19:00:00,OP009,Jules Moreau,D,Afternoon,41,0,443.8,82,96.73,2,Completed,DOCK-1,1,3
2026-04-23 19:00:00,OP014,Ines Leroy,D,Afternoon,40,1,392.5,40,97.83,4,Completed,DOCK-6,1,3
2026-04-23 19:00:00,OP001,Lucas Martin,A,Afternoon,41,0,510.9,41,98.27,3,Completed,DOCK-1,4,1
2026-04-23 19:00:00,OP015,Tom Roux,E,Afternoon,60,0,726.3,120,97.83,8,Completed,DOCK-7,0,6
2026-04-23 19:00:00,OP008,Lea Durand,C,Afternoon,43,1,430.5,86,97.79,4,Completed,DOCK-8,0,10
2026-04-23 19:00:00,OP016,Jade Fournier,A,Afternoon,58,1,578.2,58,97.94,9,Completed,DOCK-8,11,1
2026-04-23 19:00:00,OP010,Sarah Laurent,E,Afternoon,53,1,547.1,53,98.84,5,Completed,DOCK-2,4,8
2026-04-23 19:00:00,OP017,Liam Girard,B,Afternoon,41,0,508.8,123,96.9,2,Delayed,DOCK-1,1,9
2026-04-23 19:00:00,OP007,Nathan Petit,B,Afternoon,55,0,475.9,165,96.84,3,Completed,DOCK-7,2,11
2026-04-23 19:00:00,OP018,Lina Bonnet,C,Afternoon,58,1,811.6,174,96.74,5,Completed,DOCK-2,6,9
2026-04-23 19:00:00,OP020,Mila Faure,E,Afternoon,45,1,555.8,45,97.47,3,Completed,DOCK-4,4,2
2026-04-23 19:00:00,OP004,Chloe Thomas,D,Afternoon,56,0,507.6,56,98.15,4,Completed,DOCK-4,4,1
2026-04-23 19:00:00,OP002,Emma Bernard,B,Afternoon,51,3,500.9,51,98.28,3,Completed,DOCK-2,8,10
2026-04-23 19:00:00,OP019,Noah Lambert,D,Afternoon,50,0,586.3,150,97.87,1,Completed,DOCK-3,1,7
2026-04-23 20:00:00,OP005,Louis Robert,E,Afternoon,54,0,640.5,108,97.83,5,Completed,DOCK-5,8,5
2026-04-23 20:00:00,OP017,Liam Girard,B,Afternoon,44,2,475.3,88,98.79,2,Completed,DOCK-1,5,0
2026-04-23 20:00:00,OP002,Emma Bernard,B,Afternoon,53,0,554.3,106,97.61,4,Delayed,DOCK-2,2,3
2026-04-23 20:00:00,OP010,Sarah Laurent,E,Afternoon,52,0,642.1,104,97.13,2,Completed,DOCK-2,4,11
2026-04-23 20:00:00,OP009,Jules Moreau,D,Afternoon,40,1,401.1,120,97.01,3,Completed,DOCK-1,8,0
2026-04-23 20:00:00,OP019,Noah Lambert,D,Afternoon,43,0,497.9,86,99.15,6,Completed,DOCK-3,8,2
2026-04-23 20:00:00,OP011,Adam Simon,A,Afternoon,53,0,621.1,159,98.24,6,Completed,DOCK-3,1,9
2026-04-23 20:00:00,OP012,Camille Michel,B,Afternoon,43,0,534.4,86,97.53,3,Completed,DOCK-4,3,1
2026-04-23 20:00:00,OP013,Raphael Lefebvre,C,Afternoon,52,0,460.4,104,97.62,4,Completed,DOCK-5,5,8
2026-04-23 20:00:00,OP004,Chloe Thomas,D,Afternoon,60,0,580.7,60,98.14,10,Completed,DOCK-4,3,4
2026-04-23 20:00:00,OP020,Mila Faure,E,Afternoon,48,0,454.5,144,99.81,7,Completed,DOCK-4,9,2
2026-04-23 20:00:00,OP015,Tom Roux,E,Afternoon,60,0,663.5,60,98.75,9,Completed,DOCK-7,3,11
2026-04-23 21:00:00,OP006,Manon Richard,A,Afternoon,46,0,465.5,46,95.91,4,Completed,DOCK-6,2,11
2026-04-23 21:00:00,OP018,Lina Bonnet,C,Afternoon,55,1,536.4,55,97.43,5,Completed,DOCK-2,4,0
2026-04-23 21:00:00,OP009,Jules Moreau,D,Afternoon,41,1,444.3,82,98.03,4,Completed,DOCK-1,10,1
2026-04-23 21:00:00,OP007,Nathan Petit,B,Afternoon,55,1,781.5,55,97.88,3,Completed,DOCK-7,2,8
2026-04-23 21:00:00,OP011,Adam Simon,A,Afternoon,44,0,515.1,88,98.18,4,Completed,DOCK-3,8,11
2026-04-23 21:00:00,OP014,Ines Leroy,D,Afternoon,40,0,395.5,120,97.74,5,Completed,DOCK-6,7,11
2026-04-23 21:00:00,OP003,Hugo Dubois,C,Afternoon,46,2,568.2,46,98.0,3,Completed,DOCK-3,5,6
2026-04-23 21:00:00,OP013,Raphael Lefebvre,C,Afternoon,50,1,592.8,50,97.06,3,Completed,DOCK-5,2,9
2026-04-23 21:00:00,OP005,Louis Robert,E,Afternoon,50,1,504.9,150,97.02,5,Completed,DOCK-5,6,2
2026-04-23 21:00:00,OP010,Sarah Laurent,E,Afternoon,47,1,477.3,141,98.01,6,Completed,DOCK-2,0,4
2026-04-23 21:00:00,OP020,Mila Faure,E,Afternoon,40,0,393.7,120,98.47,1,Completed,DOCK-4,9,11
2026-04-23 21:00:00,OP001,Lucas Martin,A,Afternoon,41,0,511.6,123,96.94,5,Completed,DOCK-1,4,11
2026-04-23 21:00:00,OP012,Camille Michel,B,Afternoon,41,0,549.9,41,99.41,5,Completed,DOCK-4,0,11
2026-04-23 21:00:00,OP002,Emma Bernard,B,Afternoon,46,0,447.2,92,98.96,4,Completed,DOCK-2,6,5
2026-04-23 21:00:00,OP016,Jade Fournier,A,Afternoon,47,0,588.0,141,99.17,4,Completed,DOCK-8,2,1
2026-04-23 22:00:00,OP009,Jules Moreau,D,Night,43,0,501.5,86,97.13,1,Completed,DOCK-1,3,9
2026-04-23 22:00:00,OP011,Adam Simon,A,Night,40,1,398.3,80,96.73,2,Completed,DOCK-3,7,3
2026-04-23 22:00:00,OP018,Lina Bonnet,C,Night,42,1,541.5,126,98.84,2,Completed,DOCK-2,3,0
2026-04-23 22:00:00,OP005,Louis Robert,E,Night,42,2,530.6,42,97.3,8,Completed,DOCK-5,10,4
2026-04-23 22:00:00,OP003,Hugo Dubois,C,Night,39,0,502.3,39,97.17,2,Completed,DOCK-3,6,2
2026-04-23 22:00:00,OP002,Emma Bernard,B,Night,41,0,477.7,41,98.23,3,Completed,DOCK-2,8,9
2026-04-23 22:00:00,OP016,Jade Fournier,A,Night,37,0,453.0,37,97.05,4,Completed,DOCK-8,8,7
2026-04-23 22:00:00,OP020,Mila Faure,E,Night,40,0,573.6,40,96.93,2,Completed,DOCK-4,5,3
2026-04-23 22:00:00,OP001,Lucas Martin,A,Night,29,0,363.3,87,99.09,2,Completed,DOCK-1,8,9
2026-04-23 22:00:00,OP012,Camille Michel,B,Night,26,0,311.1,52,97.77,1,Completed,DOCK-4,9,3
2026-04-23 22:00:00,OP015,Tom Roux,E,Night,39,0,421.9,39,98.54,3,Delayed,DOCK-7,11,0
2026-04-23 22:00:00,OP014,Ines Leroy,D,Night,35,0,329.9,105,98.15,6,Delayed,DOCK-6,5,2
2026-04-23 23:00:00,OP007,Nathan Petit,B,Night,38,1,338.7,76,99.11,6,Completed,DOCK-7,9,5
2026-04-23 23:00:00,OP017,Liam Girard,B,Night,34,0,322.0,34,98.21,2,Completed,DOCK-1,0,11
2026-04-23 23:00:00,OP008,Lea Durand,C,Night,37,0,471.9,74,98.79,5,Completed,DOCK-8,3,6
2026-04-23 23:00:00,OP006,Manon Richard,A,Night,32,0,334.6,32,97.5,4,Completed,DOCK-6,1,4
2026-04-23 23:00:00,OP001,Lucas Martin,A,Night,26,0,289.1,26,97.48,1,Cancelled,DOCK-1,9,5
2026-04-23 23:00:00,OP015,Tom Roux,E,Night,35,1,455.4,35,98.19,1,Completed,DOCK-7,10,0
2026-04-23 23:00:00,OP005,Louis Robert,E,Night,42,0,376.3,126,97.14,1,Completed,DOCK-5,5,0
2026-04-23 23:00:00,OP012,Camille Michel,B,Night,25,0,233.8,75,98.49,1,Cancelled,DOCK-4,7,8
2026-04-24 00:00:00,OP007,Nathan Petit,B,Night,39,0,396.3,117,98.11,2,Completed,DOCK-7,7,8
2026-04-24 00:00:00,OP016,Jade Fournier,A,Night,38,1,395.2,38,96.53,4,Completed,DOCK-8,10,4
2026-04-24 00:00:00,OP003,Hugo Dubois,C,Night,40,1,532.6,80,98.7,4,Delayed,DOCK-3,2,3
2026-04-24 00:00:00,OP005,Louis Robert,E,Night,43,0,485.3,43,99.03,8,Completed,DOCK-5,6,11
2026-04-24 00:00:00,OP010,Sarah Laurent,E,Night,50,1,719.9,150,97.94,1,Completed,DOCK-2,7,7
2026-04-24 00:00:00,OP013,Raphael Lefebvre,C,Night,39,0,553.8,117,99.53,3,Completed,DOCK-5,6,0
2026-04-24 00:00:00,OP009,Jules Moreau,D,Night,34,0,339.6,68,95.89,2,Completed,DOCK-1,9,3
2026-04-24 00:00:00,OP018,Lina Bonnet,C,Night,47,0,578.5,47,97.47,4,Completed,DOCK-2,1,3
2026-04-24 00:00:00,OP012,Camille Michel,B,Night,36,0,446.6,108,97.26,5,Completed,DOCK-4,7,2
2026-04-24 00:00:00,OP014,Ines Leroy,D,Night,30,0,315.2,30,98.99,2,Completed,DOCK-6,8,5
2026-04-24 00:00:00,OP008,Lea Durand,C,Night,40,0,437.9,40,97.69,5,Cancelled,DOCK-8,6,2
2026-04-24 00:00:00,OP001,Lucas Martin,A,Night,40,4,357.9,80,98.13,5,Completed,DOCK-1,1,3
2026-04-24 00:00:00,OP017,Liam Girard,B,Night,36,0,384.7,108,95.85,1,Delayed,DOCK-1,3,2
2026-04-24 00:00:00,OP015,Tom Roux,E,Night,49,0,705.0,147,98.2,3,Completed,DOCK-7,6,8
2026-04-24 01:00:00,OP016,Jade Fournier,A,Night,36,0,486.7,108,97.82,6,Completed,DOCK-8,1,7
2026-04-24 01:00:00,OP017,Liam Girard,B,Night,34,1,443.9,102,97.98,2,Cancelled,DOCK-1,9,5
2026-04-24 01:00:00,OP002,Emma Bernard,B,Night,50,1,573.8,50,97.98,1,Delayed,DOCK-2,4,1
2026-04-24 01:00:00,OP007,Nathan Petit,B,Night,39,0,475.2,78,99.82,6,Completed,DOCK-7,6,7
2026-04-24 01:00:00,OP014,Ines Leroy,D,Night,31,0,359.8,93,98.26,1,Completed,DOCK-6,1,7
2026-04-24 01:00:00,OP012,Camille Michel,B,Night,37,2,367.6,37,98.42,2,Delayed,DOCK-4,0,8
2026-04-24 01:00:00,OP004,Chloe Thomas,D,Night,49,1,521.2,147,97.98,2,Completed,DOCK-4,6,7
2026-04-24 01:00:00,OP013,Raphael Lefebvre,C,Night,34,0,433.9,68,98.38,3,Completed,DOCK-5,8,2
2026-04-24 01:00:00,OP019,Noah Lambert,D,Night,36,0,504.6,72,96.87,4,Completed,DOCK-3,10,0
2026-04-24 01:00:00,OP003,Hugo Dubois,C,Night,40,1,439.6,80,98.64,4,Completed,DOCK-3,3,7
2026-04-24 01:00:00,OP018,Lina Bonnet,C,Night,40,0,434.2,80,99.85,5,Completed,DOCK-2,4,1
2026-04-24 01:00:00,OP006,Manon Richard,A,Night,29,0,348.9,29,97.34,5,Completed,DOCK-6,8,10
2026-04-24 01:00:00,OP010,Sarah Laurent,E,Night,42,0,549.5,84,98.5,5,Completed,DOCK-2,9,3
2026-04-24 01:00:00,OP011,Adam Simon,A,Night,27,0,308.0,27,97.86,3,Completed,DOCK-3,10,8
2026-04-24 01:00:00,OP008,Lea Durand,C,Night,39,0,386.0,78,96.71,5,Completed,DOCK-8,5,7
2026-04-24 02:00:00,OP006,Manon Richard,A,Night,36,0,426.6,72,99.82,5,Cancelled,DOCK-6,11,9
2026-04-24 02:00:00,OP010,Sarah Laurent,E,Night,40,0,563.8,80,98.46,6,Completed,DOCK-2,5,10
2026-04-24 02:00:00,OP015,Tom Roux,E,Night,40,0,370.9,80,99.16,3,Delayed,DOCK-7,5,8
2026-04-24 02:00:00,OP013,Raphael Lefebvre,C,Night,47,0,656.7,141,99.16,6,Completed,DOCK-5,1,8
2026-04-24 02:00:00,OP002,Emma Bernard,B,Night,45,0,648.6,135,98.61,6,Completed,DOCK-2,1,5
2026-04-24 02:00:00,OP005,Louis Robert,E,Night,36,0,391.6,72,96.69,2,Delayed,DOCK-5,8,0
2026-04-24 02:00:00,OP018,Lina Bonnet,C,Night,40,0,387.1,120,97.58,2,Completed,DOCK-2,2,1
2026-04-24 02:00:00,OP007,Nathan Petit,B,Night,45,0,593.0,90,98.64,4,Completed,DOCK-7,0,1
2026-04-24 02:00:00,OP004,Chloe Thomas,D,Night,51,1,488.9,102,97.63,7,Completed,DOCK-4,9,5
2026-04-24 02:00:00,OP009,Jules Moreau,D,Night,29,1,297.3,29,97.45,3,Completed,DOCK-1,10,9
2026-04-24 02:00:00,OP017,Liam Girard,B,Night,32,1,317.3,32,98.78,5,Completed,DOCK-1,5,0
2026-04-24 02:00:00,OP012,Camille Michel,B,Night,26,1,240.0,52,97.42,3,Completed,DOCK-4,10,4
2026-04-24 02:00:00,OP008,Lea Durand,C,Night,32,0,287.4,64,97.97,3,Completed,DOCK-8,5,2
2026-04-24 02:00:00,OP011,Adam Simon,A,Night,33,0,430.9,66,98.34,1,Completed,DOCK-3,7,0
2026-04-24 02:00:00,OP003,Hugo Dubois,C,Night,38,0,430.2,114,96.24,4,Cancelled,DOCK-3,3,8
2026-04-24 03:00:00,OP001,Lucas Martin,A,Night,28,0,241.7,28,97.24,7,Completed,DOCK-1,1,1
2026-04-24 03:00:00,OP002,Emma Bernard,B,Night,40,0,466.8,120,96.37,3,Delayed,DOCK-2,8,10
2026-04-24 03:00:00,OP017,Liam Girard,B,Night,36,0,438.7,72,98.15,5,Delayed,DOCK-1,6,5
2026-04-24 03:00:00,OP014,Ines Leroy,D,Night,31,0,407.4,93,96.94,1,Delayed,DOCK-6,2,2
2026-04-24 03:00:00,OP006,Manon Richard,A,Night,30,0,326.0,60,97.18,2,Completed,DOCK-6,6,9
2026-04-24 03:00:00,OP018,Lina Bonnet,C,Night,36,0,344.7,108,97.77,1,Completed,DOCK-2,0,1
2026-04-24 03:00:00,OP007,Nathan Petit,B,Night,48,0,408.5,144,98.24,4,Completed,DOCK-7,11,10
2026-04-24 03:00:00,OP016,Jade Fournier,A,Night,38,0,403.7,114,98.79,2,Delayed,DOCK-8,4,2
2026-04-24 03:00:00,OP013,Raphael Lefebvre,C,Night,43,0,560.1,129,99.1,1,Cancelled,DOCK-5,0,1
2026-04-24 03:00:00,OP010,Sarah Laurent,E,Night,40,0,377.3,120,98.96,2,Completed,DOCK-2,1,3
2026-04-24 03:00:00,OP008,Lea Durand,C,Night,38,0,381.4,38,97.31,2,Completed,DOCK-8,5,8
2026-04-24 03:00:00,OP005,Louis Robert,E,Night,40,0,545.4,40,97.94,3,Completed,DOCK-5,8,7
2026-04-24 03:00:00,OP020,Mila Faure,E,Night,39,0,472.5,39,98.79,2,Completed,DOCK-4,10,0
2026-04-24 03:00:00,OP019,Noah Lambert,D,Night,41,0,414.1,82,96.23,4,Completed,DOCK-3,10,11
2026-04-24 04:00:00,OP017,Liam Girard,B,Night,40,0,575.4,120,98.27,4,Completed,DOCK-1,7,3
2026-04-24 04:00:00,OP010,Sarah Laurent,E,Night,39,0,418.4,78,98.1,5,Completed,DOCK-2,9,10
2026-04-24 04:00:00,OP004,Chloe Thomas,D,Night,49,0,614.9,49,98.37,2,Completed,DOCK-4,6,11
2026-04-24 04:00:00,OP016,Jade Fournier,A,Night,37,0,332.8,74,99.44,1,Completed,DOCK-8,5,2
2026-04-24 04:00:00,OP003,Hugo Dubois,C,Night,27,1,272.4,54,97.93,5,Completed,DOCK-3,7,4
2026-04-24 04:00:00,OP001,Lucas Martin,A,Night,25,0,268.3,75,98.2,2,Completed,DOCK-1,8,9
2026-04-24 04:00:00,OP002,Emma Bernard,B,Night,38,2,390.7,76,98.53,4,Delayed,DOCK-2,8,9
2026-04-24 04:00:00,OP011,Adam Simon,A,Night,42,0,455.7,42,99.15,4,Completed,DOCK-3,11,5
2026-04-24 04:00:00,OP015,Tom Roux,E,Night,52,1,509.4,52,98.5,2,Delayed,DOCK-7,0,5
2026-04-24 04:00:00,OP009,Jules Moreau,D,Night,29,0,277.3,87,97.1,2,Completed,DOCK-1,8,0
2026-04-24 04:00:00,OP018,Lina Bonnet,C,Night,45,0,571.7,90,99.13,7,Delayed,DOCK-2,2,1
2026-04-24 05:00:00,OP004,Chloe Thomas,D,Night,39,0,386.3,117,95.92,5,Completed,DOCK-4,7,11
2026-04-24 05:00:00,OP015,Tom Roux,E,Night,34,1,373.0,68,96.9,3,Cancelled,DOCK-7,5,10
2026-04-24 05:00:00,OP010,Sarah Laurent,E,Night,42,0,595.4,126,96.46,2,Completed,DOCK-2,0,9
2026-04-24 05:00:00,OP011,Adam Simon,A,Night,40,1,462.3,120,98.14,6,Cancelled,DOCK-3,6,10
2026-04-24 05:00:00,OP018,Lina Bonnet,C,Night,45,0,573.5,90,97.09,3,Completed,DOCK-2,9,10
2026-04-24 05:00:00,OP013,Raphael Lefebvre,C,Night,42,1,401.9,84,99.9,1,Completed,DOCK-5,9,0
2026-04-24 05:00:00,OP019,Noah Lambert,D,Night,42,1,516.8,126,97.5,3,Completed,DOCK-3,9,5
2026-04-24 05:00:00,OP017,Liam Girard,B,Night,35,0,365.1,70,99.25,2,Completed,DOCK-1,1,0
2026-04-24 05:00:00,OP007,Nathan Petit,B,Night,43,0,396.6,129,97.73,6,Completed,DOCK-7,7,7
2026-04-24 05:00:00,OP009,Jules Moreau,D,Night,38,1,516.8,38,98.23,1,Completed,DOCK-1,2,7
2026-04-24 05:00:00,OP016,Jade Fournier,A,Night,40,1,341.4,40,98.12,2,Completed,DOCK-8,8,6
2026-04-24 05:00:00,OP003,Hugo Dubois,C,Night,39,0,549.9,39,98.05,5,Completed,DOCK-3,6,11
2026-04-24 05:00:00,OP006,Manon Richard,A,Night,31,0,323.8,31,98.46,2,Completed,DOCK-6,4,4
2026-04-24 06:00:00,OP015,Tom Roux,E,Morning,82,1,831.3,164,99.64,5,Delayed,DOCK-7,1,10
2026-04-24 06:00:00,OP017,Liam Girard,B,Morning,70,1,645.5,70,99.04,3,Completed,DOCK-1,11,6
2026-04-24 06:00:00,OP018,Lina Bonnet,C,Morning,74,0,640.4,148,98.41,3,Completed,DOCK-2,11,8
2026-04-24 06:00:00,OP010,Sarah Laurent,E,Morning,73,2,975.0,146,97.58,5,Completed,DOCK-2,8,4
2026-04-24 06:00:00,OP014,Ines Leroy,D,Morning,64,0,921.3,192,99.07,3,Completed,DOCK-6,3,2
2026-04-24 06:00:00,OP003,Hugo Dubois,C,Morning,74,0,747.3,148,98.28,5,Completed,DOCK-3,9,2
2026-04-24 06:00:00,OP011,Adam Simon,A,Morning,74,1,645.5,74,99.44,5,Completed,DOCK-3,9,10
2026-04-24 06:00:00,OP020,Mila Faure,E,Morning,68,2,799.4,204,97.6,7,Completed,DOCK-4,4,8
2026-04-24 06:00:00,OP004,Chloe Thomas,D,Morning,74,1,949.0,74,99.16,4,Completed,DOCK-4,0,0
2026-04-24 06:00:00,OP008,Lea Durand,C,Morning,65,1,872.5,195,97.14,5,Completed,DOCK-8,11,3
2026-04-24 06:00:00,OP016,Jade Fournier,A,Morning,67,0,726.3,67,97.81,5,Completed,DOCK-8,2,1
2026-04-24 06:00:00,OP013,Raphael Lefebvre,C,Morning,72,2,700.5,144,98.53,10,Completed,DOCK-5,10,4
2026-04-24 06:00:00,OP005,Louis Robert,E,Morning,81,2,1063.5,81,98.34,8,Completed,DOCK-5,4,1
2026-04-24 07:00:00,OP017,Liam Girard,B,Morning,74,0,936.4,74,97.17,4,Completed,DOCK-1,5,1
2026-04-24 07:00:00,OP006,Manon Richard,A,Morning,64,0,562.7,128,97.68,4,Completed,DOCK-6,4,10
2026-04-24 07:00:00,OP020,Mila Faure,E,Morning,61,1,763.0,61,97.61,2,Completed,DOCK-4,7,10
2026-04-24 07:00:00,OP011,Adam Simon,A,Morning,64,1,843.0,128,98.01,2,Completed,DOCK-3,8,9
2026-04-24 07:00:00,OP014,Ines Leroy,D,Morning,65,1,552.6,130,99.9,4,Completed,DOCK-6,0,10
2026-04-24 07:00:00,OP012,Camille Michel,B,Morning,69,3,657.7,138,97.64,7,Completed,DOCK-4,0,0
2026-04-24 07:00:00,OP004,Chloe Thomas,D,Morning,71,2,886.5,213,98.19,4,Completed,DOCK-4,10,4
2026-04-24 07:00:00,OP010,Sarah Laurent,E,Morning,78,1,1064.3,234,98.14,7,Completed,DOCK-2,11,1
2026-04-24 07:00:00,OP013,Raphael Lefebvre,C,Morning,71,2,856.2,213,99.01,3,Completed,DOCK-5,3,8
2026-04-24 07:00:00,OP008,Lea Durand,C,Morning,79,2,1050.7,158,96.7,7,Completed,DOCK-8,5,10
2026-04-24 08:00:00,OP009,Jules Moreau,D,Morning,58,0,810.0,58,99.15,6,Completed,DOCK-1,1,3
2026-04-24 08:00:00,OP017,Liam Girard,B,Morning,76,4,907.5,152,97.51,6,Completed,DOCK-1,6,9
2026-04-24 08:00:00,OP019,Noah Lambert,D,Morning,65,0,778.3,195,97.08,5,Completed,DOCK-3,0,3
2026-04-24 08:00:00,OP006,Manon Richard,A,Morning,59,0,812.3,118,97.06,4,Completed,DOCK-6,9,6
2026-04-24 08:00:00,OP002,Emma Bernard,B,Morning,66,0,692.4,66,99.0,4,Completed,DOCK-2,8,6
2026-04-24 08:00:00,OP010,Sarah Laurent,E,Morning,77,2,1067.1,231,98.07,7,Completed,DOCK-2,9,2
2026-04-24 08:00:00,OP018,Lina Bonnet,C,Morning,81,1,708.7,162,98.29,7,Completed,DOCK-2,1,8
2026-04-24 08:00:00,OP015,Tom Roux,E,Morning,79,4,868.5,79,98.56,5,Completed,DOCK-7,2,1
2026-04-24 08:00:00,OP008,Lea Durand,C,Morning,78,0,1117.1,156,99.04,6,Completed,DOCK-8,7,7
2026-04-24 08:00:00,OP011,Adam Simon,A,Morning,69,0,603.4,138,98.99,10,Completed,DOCK-3,11,3
2026-04-24 08:00:00,OP005,Louis Robert,E,Morning,72,2,907.0,144,97.65,4,Completed,DOCK-5,8,10
2026-04-24 08:00:00,OP004,Chloe Thomas,D,Morning,76,1,982.6,76,98.67,9,Completed,DOCK-4,6,6
2026-04-24 08:00:00,OP013,Raphael Lefebvre,C,Morning,68,2,823.2,68,98.29,4,Completed,DOCK-5,7,2
2026-04-24 08:00:00,OP014,Ines Leroy,D,Morning,62,0,714.6,124,97.13,10,Completed,DOCK-6,8,2
2026-04-24 08:00:00,OP012,Camille Michel,B,Morning,55,0,635.5,55,97.34,5,Completed,DOCK-4,10,7
2026-04-24 09:00:00,OP009,Jules Moreau,D,Morning,62,0,786.0,124,97.96,5,Completed,DOCK-1,6,10
2026-04-24 09:00:00,OP003,Hugo Dubois,C,Morning,59,1,610.9,177,96.8,6,Completed,DOCK-3,9,1
2026-04-24 09:00:00,OP006,Manon Richard,A,Morning,69,2,640.2,207,96.47,5,Completed,DOCK-6,0,3
2026-04-24 09:00:00,OP002,Emma Bernard,B,Morning,73,0,905.7,146,98.46,5,Completed,DOCK-2,3,1
2026-04-24 09:00:00,OP011,Adam Simon,A,Morning,65,0,722.8,65,97.82,4,Completed,DOCK-3,6,1
2026-04-24 09:00:00,OP016,Jade Fournier,A,Morning,63,2,745.7,126,97.18,4,Completed,DOCK-8,2,6
2026-04-24 09:00:00,OP005,Louis Robert,E,Morning,72,1,681.1,72,97.99,6,Completed,DOCK-5,9,8
2026-04-24 09:00:00,OP018,Lina Bonnet,C,Morning,78,2,730.2,78,96.83,4,Completed,DOCK-2,11,1
2026-04-24 09:00:00,OP017,Liam Girard,B,Morning,71,1,867.7,71,97.3,6,Completed,DOCK-1,8,0
2026-04-24 10:00:00,OP017,Liam Girard,B,Morning,63,0,630.0,63,98.05,4,Completed,DOCK-1,11,6
2026-04-24 10:00:00,OP002,Emma Bernard,B,Morning,71,0,749.1,213,98.19,6,Completed,DOCK-2,0,4
2026-04-24 10:00:00,OP013,Raphael Lefebvre,C,Morning,64,0,668.0,192,98.53,5,Completed,DOCK-5,1,9
2026-04-24 10:00:00,OP019,Noah Lambert,D,Morning,68,1,805.8,136,98.83,3,Completed,DOCK-3,6,7
2026-04-24 10:00:00,OP010,Sarah Laurent,E,Morning,83,2,965.4,83,98.12,9,Completed,DOCK-2,8,5
2026-04-24 10:00:00,OP009,Jules Moreau,D,Morning,62,2,671.2,124,98.81,4,Completed,DOCK-1,3,5
2026-04-24 10:00:00,OP007,Nathan Petit,B,Morning,77,0,687.1,154,99.26,10,Completed,DOCK-7,10,10
2026-04-24 10:00:00,OP015,Tom Roux,E,Morning,73,1,977.2,219,97.79,6,Completed,DOCK-7,6,8
2026-04-24 10:00:00,OP005,Louis Robert,E,Morning,67,1,632.0,67,98.19,4,Completed,DOCK-5,4,1
2026-04-24 10:00:00,OP001,Lucas Martin,A,Morning,81,1,1136.1,162,97.14,7,Completed,DOCK-1,0,8
2026-04-24 10:00:00,OP006,Manon Richard,A,Morning,59,1,773.4,118,99.82,5,Completed,DOCK-6,6,4
2026-04-24 11:00:00,OP009,Jules Moreau,D,Morning,65,1,670.9,195,96.84,11,Completed,DOCK-1,9,10
2026-04-24 11:00:00,OP015,Tom Roux,E,Morning,71,1,1025.5,142,99.16,7,Completed,DOCK-7,10,10
2026-04-24 11:00:00,OP006,Manon Richard,A,Morning,66,1,718.3,132,97.63,3,Completed,DOCK-6,2,11
2026-04-24 11:00:00,OP020,Mila Faure,E,Morning,58,0,822.3,116,97.63,6,Completed,DOCK-4,0,5
2026-04-24 11:00:00,OP002,Emma Bernard,B,Morning,72,1,717.5,216,98.87,2,Cancelled,DOCK-2,3,1
2026-04-24 11:00:00,OP011,Adam Simon,A,Morning,65,1,559.1,195,98.92,6,Completed,DOCK-3,4,3
2026-04-24 11:00:00,OP018,Lina Bonnet,C,Morning,78,1,723.5,234,98.3,7,Completed,DOCK-2,4,8
2026-04-24 11:00:00,OP013,Raphael Lefebvre,C,Morning,75,1,845.3,225,97.13,8,Delayed,DOCK-5,11,5
2026-04-24 11:00:00,OP007,Nathan Petit,B,Morning,73,1,966.3,219,97.97,6,Completed,DOCK-7,10,2
2026-04-24 11:00:00,OP014,Ines Leroy,D,Morning,21,1,197.2,42,97.41,1,Completed,DOCK-6,2,1
2026-04-24 11:00:00,OP019,Noah Lambert,D,Morning,57,0,536.9,57,98.72,9,Completed,DOCK-3,8,11
2026-04-24 12:00:00,OP009,Jules Moreau,D,Morning,56,0,636.9,168,97.15,6,Completed,DOCK-1,9,9
2026-04-24 12:00:00,OP002,Emma Bernard,B,Morning,68,0,759.8,68,98.08,5,Completed,DOCK-2,7,10
2026-04-24 12:00:00,OP012,Camille Michel,B,Morning,55,1,690.8,165,98.23,5,Completed,DOCK-4,4,7
2026-04-24 12:00:00,OP017,Liam Girard,B,Morning,59,0,764.0,177,97.5,6,Completed,DOCK-1,7,4
2026-04-24 12:00:00,OP015,Tom Roux,E,Morning,66,0,602.3,66,98.27,11,Completed,DOCK-7,10,1
2026-04-24 12:00:00,OP005,Louis Robert,E,Morning,69,0,718.7,138,98.04,5,Completed,DOCK-5,7,0
2026-04-24 12:00:00,OP001,Lucas Martin,A,Morning,54,1,763.8,162,97.23,4,Completed,DOCK-1,1,9
2026-04-24 12:00:00,OP010,Sarah Laurent,E,Morning,73,0,1035.3,219,98.46,4,Completed,DOCK-2,10,11
2026-04-24 12:00:00,OP013,Raphael Lefebvre,C,Morning,68,0,703.3,68,97.66,6,Completed,DOCK-5,11,7
2026-04-24 12:00:00,OP019,Noah Lambert,D,Morning,65,0,558.3,195,97.96,11,Completed,DOCK-3,9,0
2026-04-24 12:00:00,OP006,Manon Richard,A,Morning,66,0,569.4,66,98.01,6,Delayed,DOCK-6,6,3
2026-04-24 12:00:00,OP003,Hugo Dubois,C,Morning,63,0,775.4,126,98.86,6,Completed,DOCK-3,8,3
2026-04-24 12:00:00,OP004,Chloe Thomas,D,Morning,74,0,728.6,222,99.05,4,Completed,DOCK-4,6,2
2026-04-24 12:00:00,OP011,Adam Simon,A,Morning,68,2,892.4,136,97.73,8,Completed,DOCK-3,4,0
2026-04-24 13:00:00,OP014,Ines Leroy,D,Morning,62,1,646.2,62,97.94,6,Delayed,DOCK-6,5,8
2026-04-24 13:00:00,OP016,Jade Fournier,A,Morning,23,0,221.9,69,98.29,4,Completed,DOCK-8,5,11
2026-04-24 13:00:00,OP011,Adam Simon,A,Morning,70,1,740.5,210,97.4,5,Completed,DOCK-3,10,3
2026-04-24 13:00:00,OP019,Noah Lambert,D,Morning,74,1,808.3,222,98.09,6,Completed,DOCK-3,5,5
2026-04-24 13:00:00,OP005,Louis Robert,E,Morning,70,0,859.9,70,98.47,3,Completed,DOCK-5,0,0
2026-04-24 13:00:00,OP002,Emma Bernard,B,Morning,73,1,1003.5,146,98.01,7,Completed,DOCK-2,8,7
2026-04-24 13:00:00,OP010,Sarah Laurent,E,Morning,83,2,1135.6,166,96.57,5,Completed,DOCK-2,0,10
2026-04-24 13:00:00,OP013,Raphael Lefebvre,C,Morning,70,2,992.5,140,97.49,7,Completed,DOCK-5,9,3
2026-04-24 13:00:00,OP001,Lucas Martin,A,Morning,56,2,482.9,168,98.08,1,Completed,DOCK-1,4,8
2026-04-24 13:00:00,OP018,Lina Bonnet,C,Morning,68,0,936.2,136,97.23,10,Completed,DOCK-2,5,9
2026-04-24 13:00:00,OP008,Lea Durand,C,Morning,73,3,991.3,146,98.84,4,Completed,DOCK-8,1,2
2026-04-24 13:00:00,OP004,Chloe Thomas,D,Morning,71,0,826.5,213,99.18,13,Completed,DOCK-4,2,8
2026-04-24 14:00:00,OP007,Nathan Petit,B,Afternoon,55,1,516.3,165,97.45,6,Completed,DOCK-7,6,0
2026-04-24 14:00:00,OP011,Adam Simon,A,Afternoon,56,1,568.5,56,97.2,4,Completed,DOCK-3,3,1
2026-04-24 14:00:00,OP017,Liam Girard,B,Afternoon,52,1,631.9,52,99.31,3,Completed,DOCK-1,2,4
2026-04-24 14:00:00,OP016,Jade Fournier,A,Afternoon,59,0,812.7,59,97.78,4,Completed,DOCK-8,2,7
2026-04-24 14:00:00,OP020,Mila Faure,E,Afternoon,51,1,667.5,51,98.27,2,Completed,DOCK-4,10,5
2026-04-24 14:00:00,OP009,Jules Moreau,D,Afternoon,52,2,746.5,104,97.99,2,Completed,DOCK-1,4,10
2026-04-24 14:00:00,OP010,Sarah Laurent,E,Afternoon,61,1,681.8,122,97.62,3,Completed,DOCK-2,5,4
2026-04-24 14:00:00,OP019,Noah Lambert,D,Afternoon,60,0,662.5,60,97.38,7,Completed,DOCK-3,0,7
2026-04-24 14:00:00,OP005,Louis Robert,E,Afternoon,61,0,757.8,61,98.49,4,Completed,DOCK-5,4,0
2026-04-24 14:00:00,OP013,Raphael Lefebvre,C,Afternoon,50,0,539.1,100,97.91,5,Completed,DOCK-5,4,5
2026-04-24 14:00:00,OP004,Chloe Thomas,D,Afternoon,59,0,643.1,59,98.5,2,Completed,DOCK-4,1,5
2026-04-24 14:00:00,OP001,Lucas Martin,A,Afternoon,46,1,414.4,92,99.2,5,Completed,DOCK-1,1,3
2026-04-24 14:00:00,OP015,Tom Roux,E,Afternoon,66,3,671.5,198,97.9,7,Completed,DOCK-7,5,3
2026-04-24 14:00:00,OP018,Lina Bonnet,C,Afternoon,64,0,807.0,128,97.42,5,Completed,DOCK-2,0,11
2026-04-24 14:00:00,OP006,Manon Richard,A,Afternoon,60,3,818.3,120,97.74,7,Completed,DOCK-6,2,5
2026-04-24 15:00:00,OP020,Mila Faure,E,Afternoon,52,0,752.5,104,97.42,2,Completed,DOCK-4,5,7
2026-04-24 15:00:00,OP015,Tom Roux,E,Afternoon,68,0,690.0,68,98.47,6,Completed,DOCK-7,3,1
2026-04-24 15:00:00,OP006,Manon Richard,A,Afternoon,48,0,437.3,48,98.12,8,Completed,DOCK-6,3,1
2026-04-24 15:00:00,OP011,Adam Simon,A,Afternoon,59,2,850.0,177,99.65,6,Completed,DOCK-3,2,0
2026-04-24 15:00:00,OP012,Camille Michel,B,Afternoon,50,0,603.6,50,98.45,4,Delayed,DOCK-4,3,2
2026-04-24 15:00:00,OP016,Jade Fournier,A,Afternoon,63,0,563.1,63,98.07,5,Completed,DOCK-8,4,7
2026-04-24 15:00:00,OP018,Lina Bonnet,C,Afternoon,53,1,657.9,53,99.61,6,Completed,DOCK-2,7,8
2026-04-24 15:00:00,OP002,Emma Bernard,B,Afternoon,68,1,632.7,136,98.34,6,Completed,DOCK-2,4,8
2026-04-24 15:00:00,OP001,Lucas Martin,A,Afternoon,50,1,535.2,150,96.49,3,Completed,DOCK-1,2,7
2026-04-24 15:00:00,OP008,Lea Durand,C,Afternoon,52,0,622.3,104,98.01,6,Completed,DOCK-8,10,2
2026-04-24 15:00:00,OP017,Liam Girard,B,Afternoon,51,4,457.5,102,97.15,5,Completed,DOCK-1,1,7
2026-04-24 15:00:00,OP014,Ines Leroy,D,Afternoon,57,0,538.8,57,99.85,6,Completed,DOCK-6,9,6
2026-04-24 16:00:00,OP006,Manon Richard,A,Afternoon,58,0,493.9,174,98.7,4,Completed,DOCK-6,4,3
2026-04-24 16:00:00,OP012,Camille Michel,B,Afternoon,44,1,490.6,88,97.68,1,Completed,DOCK-4,9,9
2026-04-24 16:00:00,OP020,Mila Faure,E,Afternoon,42,2,564.1,84,98.08,3,Completed,DOCK-4,6,3
2026-04-24 16:00:00,OP011,Adam Simon,A,Afternoon,53,1,474.9,159,97.59,3,Completed,DOCK-3,11,5
2026-04-24 16:00:00,OP017,Liam Girard,B,Afternoon,53,0,615.4,106,99.34,8,Completed,DOCK-1,1,1
2026-04-24 16:00:00,OP001,Lucas Martin,A,Afternoon,47,1,474.9,94,97.21,2,Completed,DOCK-1,8,8
2026-04-24 16:00:00,OP007,Nathan Petit,B,Afternoon,59,0,726.4,118,97.3,2,Delayed,DOCK-7,7,2
2026-04-24 16:00:00,OP014,Ines Leroy,D,Afternoon,53,1,577.8,106,97.72,1,Completed,DOCK-6,11,9
2026-04-24 16:00:00,OP003,Hugo Dubois,C,Afternoon,58,3,736.7,116,97.36,4,Completed,DOCK-3,9,11
2026-04-24 16:00:00,OP010,Sarah Laurent,E,Afternoon,50,1,445.4,150,98.61,2,Completed,DOCK-2,6,9
2026-04-24 16:00:00,OP015,Tom Roux,E,Afternoon,63,0,647.3,63,98.44,4,Completed,DOCK-7,3,7
2026-04-24 16:00:00,OP018,Lina Bonnet,C,Afternoon,55,0,746.1,165,98.65,3,Completed,DOCK-2,5,1
2026-04-24 16:00:00,OP016,Jade Fournier,A,Afternoon,61,0,775.9,183,97.08,3,Completed,DOCK-8,5,7
2026-04-24 17:00:00,OP019,Noah Lambert,D,Afternoon,49,0,709.8,98,97.63,3,Completed,DOCK-3,6,11
2026-04-24 17:00:00,OP013,Raphael Lefebvre,C,Afternoon,60,1,551.7,60,96.89,5,Completed,DOCK-5,3,0
2026-04-24 17:00:00,OP011,Adam Simon,A,Afternoon,59,3,588.8,177,98.03,6,Completed,DOCK-3,5,6
2026-04-24 17:00:00,OP015,Tom Roux,E,Afternoon,66,2,590.4,66,98.13,4,Completed,DOCK-7,11,2
2026-04-24 17:00:00,OP012,Camille Michel,B,Afternoon,48,2,638.0,48,97.92,3,Completed,DOCK-4,3,6
2026-04-24 17:00:00,OP006,Manon Richard,A,Afternoon,56,0,525.3,56,96.14,5,Completed,DOCK-6,10,5
2026-04-24 17:00:00,OP018,Lina Bonnet,C,Afternoon,58,0,500.4,58,99.02,6,Completed,DOCK-2,4,11
2026-04-24 17:00:00,OP017,Liam Girard,B,Afternoon,40,1,378.3,120,98.22,2,Completed,DOCK-1,10,10
2026-04-24 17:00:00,OP020,Mila Faure,E,Afternoon,51,1,541.2,102,98.52,5,Completed,DOCK-4,11,5
2026-04-24 17:00:00,OP008,Lea Durand,C,Afternoon,55,0,497.6,55,98.29,5,Completed,DOCK-8,11,3
2026-04-24 17:00:00,OP016,Jade Fournier,A,Afternoon,55,0,586.2,165,98.31,5,Completed,DOCK-8,5,5
2026-04-24 17:00:00,OP007,Nathan Petit,B,Afternoon,61,1,786.0,183,98.43,6,Completed,DOCK-7,9,0
2026-04-24 17:00:00,OP004,Chloe Thomas,D,Afternoon,55,1,546.5,55,97.58,3,Completed,DOCK-4,0,7
2026-04-24 17:00:00,OP014,Ines Leroy,D,Afternoon,53,0,462.8,106,98.19,5,Completed,DOCK-6,9,9
2026-04-24 17:00:00,OP002,Emma Bernard,B,Afternoon,54,1,592.4,54,98.38,5,Completed,DOCK-2,6,11
2026-04-24 18:00:00,OP003,Hugo Dubois,C,Afternoon,44,0,613.4,44,98.97,3,Completed,DOCK-3,7,11
2026-04-24 18:00:00,OP020,Mila Faure,E,Afternoon,48,1,636.1,144,99.87,3,Completed,DOCK-4,3,4
2026-04-24 18:00:00,OP005,Louis Robert,E,Afternoon,55,0,670.2,110,97.93,4,Cancelled,DOCK-5,0,11
2026-04-24 18:00:00,OP012,Camille Michel,B,Afternoon,58,1,819.4,58,98.24,7,Completed,DOCK-4,0,6
2026-04-24 18:00:00,OP015,Tom Roux,E,Afternoon,63,0,843.3,189,99.28,10,Completed,DOCK-7,4,9
2026-04-24 18:00:00,OP008,Lea Durand,C,Afternoon,59,0,834.7,177,98.19,8,Completed,DOCK-8,11,7
2026-04-24 18:00:00,OP002,Emma Bernard,B,Afternoon,55,1,566.2,55,98.33,1,Completed,DOCK-2,5,1
2026-04-24 18:00:00,OP019,Noah Lambert,D,Afternoon,51,1,590.6,153,98.48,5,Completed,DOCK-3,10,8
2026-04-24 18:00:00,OP016,Jade Fournier,A,Afternoon,53,1,567.1,106,97.99,3,Completed,DOCK-8,9,7
2026-04-24 18:00:00,OP013,Raphael Lefebvre,C,Afternoon,51,1,705.9,51,98.26,7,Completed,DOCK-5,3,11
2026-04-24 18:00:00,OP010,Sarah Laurent,E,Afternoon,55,0,599.8,110,98.25,10,Completed,DOCK-2,1,4
2026-04-24 18:00:00,OP007,Nathan Petit,B,Afternoon,66,1,915.4,132,98.05,7,Completed,DOCK-7,1,5
2026-04-24 18:00:00,OP004,Chloe Thomas,D,Afternoon,67,2,931.2,201,98.99,4,Completed,DOCK-4,10,6
2026-04-24 19:00:00,OP019,Noah Lambert,D,Afternoon,56,1,580.5,56,96.56,2,Delayed,DOCK-3,8,2
2026-04-24 19:00:00,OP010,Sarah Laurent,E,Afternoon,59,0,574.9,177,99.9,4,Delayed,DOCK-2,1,9
2026-04-24 19:00:00,OP003,Hugo Dubois,C,Afternoon,46,0,488.7,138,98.11,5,Completed,DOCK-3,1,6
2026-04-24 19:00:00,OP013,Raphael Lefebvre,C,Afternoon,59,1,550.9,177,96.81,3,Completed,DOCK-5,0,11
2026-04-24 19:00:00,OP006,Manon Richard,A,Afternoon,53,1,552.6,53,99.42,2,Completed,DOCK-6,9,2
2026-04-24 19:00:00,OP002,Emma Bernard,B,Afternoon,67,0,775.2,134,97.63,7,Completed,DOCK-2,5,11
2026-04-24 19:00:00,OP016,Jade Fournier,A,Afternoon,51,1,618.8,153,98.54,8,Completed,DOCK-8,7,2
2026-04-24 19:00:00,OP015,Tom Roux,E,Afternoon,58,1,800.9,58,98.67,10,Completed,DOCK-7,6,1
2026-04-24 19:00:00,OP001,Lucas Martin,A,Afternoon,24,0,264.2,72,96.94,3,Delayed,DOCK-1,3,4
2026-04-24 19:00:00,OP014,Ines Leroy,D,Afternoon,53,0,596.5,106,97.05,8,Completed,DOCK-6,0,9
2026-04-24 19:00:00,OP007,Nathan Petit,B,Afternoon,61,0,570.9,61,98.36,4,Cancelled,DOCK-7,4,1
2026-04-24 19:00:00,OP008,Lea Durand,C,Afternoon,54,1,517.6,108,97.92,6,Completed,DOCK-8,8,11
2026-04-24 20:00:00,OP013,Raphael Lefebvre,C,Afternoon,62,1,853.5,186,99.41,6,Completed,DOCK-5,2,3
2026-04-24 20:00:00,OP016,Jade Fournier,A,Afternoon,59,0,739.5,177,97.79,3,Completed,DOCK-8,8,10
2026-04-24 20:00:00,OP003,Hugo Dubois,C,Afternoon,48,0,552.4,48,98.81,4,Completed,DOCK-3,11,1
2026-04-24 20:00:00,OP009,Jules Moreau,D,Afternoon,48,0,678.6,96,95.94,5,Completed,DOCK-1,3,1
2026-04-24 20:00:00,OP010,Sarah Laurent,E,Afternoon,67,0,929.7,201,98.77,5,Completed,DOCK-2,8,6
2026-04-24 20:00:00,OP020,Mila Faure,E,Afternoon,47,1,597.2,141,99.88,7,Completed,DOCK-4,2,4
2026-04-24 20:00:00,OP014,Ines Leroy,D,Afternoon,55,1,472.2,165,97.8,3,Completed,DOCK-6,4,1
2026-04-24 20:00:00,OP008,Lea Durand,C,Afternoon,52,0,737.6,52,97.86,7,Completed,DOCK-8,9,7
2026-04-24 21:00:00,OP020,Mila Faure,E,Afternoon,45,3,590.7,90,96.77,2,Completed,DOCK-4,9,11
2026-04-24 21:00:00,OP014,Ines Leroy,D,Afternoon,53,0,656.8,159,98.61,6,Completed,DOCK-6,5,11
2026-04-24 21:00:00,OP002,Emma Bernard,B,Afternoon,52,0,608.2,104,97.04,2,Cancelled,DOCK-2,4,0
2026-04-24 21:00:00,OP017,Liam Girard,B,Afternoon,47,0,537.9,47,96.67,2,Completed,DOCK-1,8,11
2026-04-24 21:00:00,OP011,Adam Simon,A,Afternoon,44,1,419.1,88,98.73,6,Completed,DOCK-3,5,4
2026-04-24 21:00:00,OP012,Camille Michel,B,Afternoon,40,0,464.6,80,97.52,4,Completed,DOCK-4,8,4
2026-04-24 21:00:00,OP007,Nathan Petit,B,Afternoon,60,0,648.9,120,98.39,6,Completed,DOCK-7,6,5
2026-04-24 21:00:00,OP005,Louis Robert,E,Afternoon,56,0,786.3,112,97.65,7,Completed,DOCK-5,8,0
2026-04-24 21:00:00,OP015,Tom Roux,E,Afternoon,57,0,609.1,57,99.15,5,Completed,DOCK-7,5,7
2026-04-24 21:00:00,OP008,Lea Durand,C,Afternoon,47,0,469.3,141,98.64,3,Completed,DOCK-8,7,6
2026-04-24 21:00:00,OP006,Manon Richard,A,Afternoon,49,1,476.9,49,97.95,6,Completed,DOCK-6,8,9
2026-04-24 21:00:00,OP009,Jules Moreau,D,Afternoon,52,0,571.5,104,97.86,5,Completed,DOCK-1,5,10
2026-04-24 21:00:00,OP001,Lucas Martin,A,Afternoon,43,0,566.6,86,97.35,5,Completed,DOCK-1,7,4
2026-04-24 22:00:00,OP002,Emma Bernard,B,Night,42,1,389.2,42,97.37,2,Completed,DOCK-2,10,3
2026-04-24 22:00:00,OP010,Sarah Laurent,E,Night,35,1,392.3,35,98.51,4,Completed,DOCK-2,2,2
2026-04-24 22:00:00,OP004,Chloe Thomas,D,Night,44,0,502.4,132,98.62,6,Completed,DOCK-4,10,0
2026-04-24 22:00:00,OP020,Mila Faure,E,Night,32,0,365.2,96,97.67,2,Completed,DOCK-4,11,10
2026-04-24 22:00:00,OP003,Hugo Dubois,C,Night,30,1,389.6,30,98.37,2,Completed,DOCK-3,11,3
2026-04-24 22:00:00,OP018,Lina Bonnet,C,Night,47,2,429.2,141,98.69,6,Completed,DOCK-2,4,8
2026-04-24 22:00:00,OP007,Nathan Petit,B,Night,50,0,708.6,150,97.97,5,Completed,DOCK-7,7,1
2026-04-24 22:00:00,OP012,Camille Michel,B,Night,39,0,438.2,117,96.42,4,Completed,DOCK-4,9,10
2026-04-24 22:00:00,OP013,Raphael Lefebvre,C,Night,43,0,414.8,43,98.64,4,Completed,DOCK-5,10,3
2026-04-24 22:00:00,OP017,Liam Girard,B,Night,34,0,438.2,34,98.75,4,Delayed,DOCK-1,3,9
2026-04-24 22:00:00,OP006,Manon Richard,A,Night,47,0,435.3,47,97.64,3,Completed,DOCK-6,0,7
2026-04-24 22:00:00,OP009,Jules Moreau,D,Night,37,0,349.4,111,98.58,2,Completed,DOCK-1,6,11
2026-04-24 22:00:00,OP001,Lucas Martin,A,Night,32,1,352.8,64,98.05,2,Completed,DOCK-1,3,0
2026-04-24 23:00:00,OP010,Sarah Laurent,E,Night,47,1,583.5,94,97.46,6,Completed,DOCK-2,1,1
2026-04-24 23:00:00,OP008,Lea Durand,C,Night,42,1,357.8,84,98.88,3,Delayed,DOCK-8,8,3
2026-04-24 23:00:00,OP002,Emma Bernard,B,Night,36,0,354.1,36,96.67,2,Completed,DOCK-2,3,2
2026-04-24 23:00:00,OP004,Chloe Thomas,D,Night,47,1,498.6,47,99.57,3,Completed,DOCK-4,11,1
2026-04-24 23:00:00,OP005,Louis Robert,E,Night,53,1,749.9,53,96.71,2,Completed,DOCK-5,7,9
2026-04-24 23:00:00,OP012,Camille Michel,B,Night,31,1,306.8,31,99.36,3,Completed,DOCK-4,7,2
2026-04-24 23:00:00,OP019,Noah Lambert,D,Night,34,1,363.1,34,97.43,9,Delayed,DOCK-3,11,8
2026-04-24 23:00:00,OP016,Jade Fournier,A,Night,43,0,554.1,43,97.74,5,Completed,DOCK-8,0,5
2026-04-24 23:00:00,OP007,Nathan Petit,B,Night,45,1,622.6,90,99.21,3,Completed,DOCK-7,9,1
2026-04-25 00:00:00,OP005,Louis Robert,E,Night,41,0,373.3,123,98.93,1,Completed,DOCK-5,3,7
2026-04-25 00:00:00,OP007,Nathan Petit,B,Night,39,0,509.7,78,98.11,2,Completed,DOCK-7,11,1
2026-04-25 00:00:00,OP013,Raphael Lefebvre,C,Night,42,1,429.5,126,97.86,4,Delayed,DOCK-5,11,5
2026-04-25 00:00:00,OP001,Lucas Martin,A,Night,35,2,319.9,105,98.64,2,Completed,DOCK-1,0,9
2026-04-25 00:00:00,OP019,Noah Lambert,D,Night,32,0,388.6,96,98.17,1,Completed,DOCK-3,11,11
2026-04-25 00:00:00,OP014,Ines Leroy,D,Night,25,0,317.0,25,97.09,3,Completed,DOCK-6,4,7
2026-04-25 00:00:00,OP015,Tom Roux,E,Night,40,0,499.4,40,96.54,2,Completed,DOCK-7,10,5
2026-04-25 00:00:00,OP017,Liam Girard,B,Night,25,1,239.7,50,97.49,2,Completed,DOCK-1,1,7
2026-04-25 00:00:00,OP012,Camille Michel,B,Night,37,1,465.2,111,98.84,3,Completed,DOCK-4,11,8
2026-04-25 00:00:00,OP004,Chloe Thomas,D,Night,31,0,360.9,93,97.93,1,Completed,DOCK-4,4,5
2026-04-25 00:00:00,OP003,Hugo Dubois,C,Night,40,0,414.9,40,97.05,3,Completed,DOCK-3,5,6
2026-04-25 00:00:00,OP016,Jade Fournier,A,Night,35,0,305.6,105,97.58,5,Cancelled,DOCK-8,4,2
2026-04-25 00:00:00,OP006,Manon Richard,A,Night,34,0,399.4,102,98.06,2,Completed,DOCK-6,7,1
2026-04-25 00:00:00,OP002,Emma Bernard,B,Night,42,0,566.1,42,98.69,1,Delayed,DOCK-2,7,11
2026-04-25 01:00:00,OP020,Mila Faure,E,Night,25,0,233.3,25,97.41,2,Completed,DOCK-4,3,7
2026-04-25 01:00:00,OP013,Raphael Lefebvre,C,Night,42,0,498.2,84,96.7,6,Cancelled,DOCK-5,1,4
2026-04-25 01:00:00,OP014,Ines Leroy,D,Night,32,0,351.1,64,98.12,1,Completed,DOCK-6,2,4
2026-04-25 01:00:00,OP019,Noah Lambert,D,Night,31,0,348.7,62,97.75,3,Completed,DOCK-3,2,4
2026-04-25 01:00:00,OP002,Emma Bernard,B,Night,46,0,570.2,92,98.46,3,Completed,DOCK-2,1,5
2026-04-25 01:00:00,OP008,Lea Durand,C,Night,36,1,509.0,108,98.29,4,Completed,DOCK-8,6,10
2026-04-25 01:00:00,OP016,Jade Fournier,A,Night,46,1,435.4,46,98.58,1,Completed,DOCK-8,11,11
2026-04-25 01:00:00,OP015,Tom Roux,E,Night,47,2,562.7,141,97.75,1,Completed,DOCK-7,9,9
2026-04-25 01:00:00,OP011,Adam Simon,A,Night,39,2,446.0,39,97.33,5,Completed,DOCK-3,3,11
2026-04-25 01:00:00,OP006,Manon Richard,A,Night,25,0,282.8,25,98.17,1,Completed,DOCK-6,6,0
2026-04-25 02:00:00,OP018,Lina Bonnet,C,Night,45,0,580.9,135,98.3,6,Delayed,DOCK-2,4,10
2026-04-25 02:00:00,OP004,Chloe Thomas,D,Night,32,0,401.9,96,99.06,1,Delayed,DOCK-4,10,11
2026-04-25 02:00:00,OP019,Noah Lambert,D,Night,36,0,384.4,108,98.26,5,Completed,DOCK-3,9,7
2026-04-25 02:00:00,OP005,Louis Robert,E,Night,38,2,433.6,38,98.34,3,Delayed,DOCK-5,9,8
2026-04-25 02:00:00,OP001,Lucas Martin,A,Night,25,0,361.6,75,97.65,1,Completed,DOCK-1,8,7
2026-04-25 02:00:00,OP007,Nathan Petit,B,Night,42,0,391.8,126,98.02,6,Completed,DOCK-7,4,11
2026-04-25 02:00:00,OP016,Jade Fournier,A,Night,30,1,416.3,90,98.99,2,Completed,DOCK-8,2,5
2026-04-25 02:00:00,OP014,Ines Leroy,D,Night,26,0,337.0,26,98.25,1,Completed,DOCK-6,7,1
2026-04-25 02:00:00,OP012,Camille Michel,B,Night,27,0,274.7,81,98.35,3,Completed,DOCK-4,5,6
2026-04-25 02:00:00,OP010,Sarah Laurent,E,Night,42,0,475.0,84,98.55,1,Completed,DOCK-2,6,11
2026-04-25 02:00:00,OP009,Jules Moreau,D,Night,25,0,279.6,75,97.04,1,Delayed,DOCK-1,1,7
2026-04-25 02:00:00,OP015,Tom Roux,E,Night,44,1,595.0,44,98.84,8,Cancelled,DOCK-7,1,10
2026-04-25 02:00:00,OP011,Adam Simon,A,Night,29,0,334.0,58,97.93,4,Completed,DOCK-3,9,3
2026-04-25 02:00:00,OP008,Lea Durand,C,Night,29,0,337.9,58,99.11,2,Completed,DOCK-8,11,6
2026-04-25 02:00:00,OP013,Raphael Lefebvre,C,Night,38,0,421.1,38,97.79,3,Completed,DOCK-5,1,5
2026-04-25 03:00:00,OP004,Chloe Thomas,D,Night,43,0,531.2,129,99.25,3,Completed,DOCK-4,5,7
2026-04-25 03:00:00,OP003,Hugo Dubois,C,Night,27,0,384.3,54,96.65,2,Completed,DOCK-3,8,5
2026-04-25 03:00:00,OP015,Tom Roux,E,Night,34,0,406.1,102,98.57,1,Cancelled,DOCK-7,6,2
2026-04-25 03:00:00,OP016,Jade Fournier,A,Night,37,1,485.9,111,97.71,3,Completed,DOCK-8,4,4
2026-04-25 03:00:00,OP018,Lina Bonnet,C,Night,44,0,385.5,44,98.17,6,Completed,DOCK-2,1,3
2026-04-25 03:00:00,OP002,Emma Bernard,B,Night,34,0,392.8,102,99.1,4,Completed,DOCK-2,7,4
2026-04-25 03:00:00,OP014,Ines Leroy,D,Night,32,0,329.5,64,96.19,5,Completed,DOCK-6,9,6
2026-04-25 03:00:00,OP011,Adam Simon,A,Night,25,0,218.6,25,97.15,3,Completed,DOCK-3,10,6
2026-04-25 03:00:00,OP012,Camille Michel,B,Night,29,0,268.6,29,98.41,2,Completed,DOCK-4,5,10
2026-04-25 04:00:00,OP012,Camille Michel,B,Night,34,0,432.1,68,98.92,3,Completed,DOCK-4,6,7
2026-04-25 04:00:00,OP009,Jules Moreau,D,Night,39,1,407.8,39,98.09,8,Completed,DOCK-1,7,2
2026-04-25 04:00:00,OP018,Lina Bonnet,C,Night,42,1,465.6,42,98.08,3,Completed,DOCK-2,4,11
2026-04-25 04:00:00,OP017,Liam Girard,B,Night,25,0,332.6,50,97.39,1,Completed,DOCK-1,5,7
2026-04-25 04:00:00,OP008,Lea Durand,C,Night,37,0,316.4,111,99.43,3,Completed,DOCK-8,2,4
2026-04-25 04:00:00,OP005,Louis Robert,E,Night,32,0,311.2,64,97.91,3,Completed,DOCK-5,11,5
2026-04-25 04:00:00,OP015,Tom Roux,E,Night,33,1,309.3,99,98.27,1,Completed,DOCK-7,11,2
2026-04-25 04:00:00,OP013,Raphael Lefebvre,C,Night,28,0,369.2,28,97.04,3,Cancelled,DOCK-5,10,4
2026-04-25 04:00:00,OP020,Mila Faure,E,Night,29,0,368.6,58,98.67,1,Completed,DOCK-4,4,6
2026-04-25 04:00:00,OP010,Sarah Laurent,E,Night,38,0,491.2,38,97.16,1,Completed,DOCK-2,6,8
2026-04-25 04:00:00,OP007,Nathan Petit,B,Night,31,1,365.6,62,99.4,3,Completed,DOCK-7,0,11
2026-04-25 05:00:00,OP015,Tom Roux,E,Night,33,0,470.5,99,98.44,2,Completed,DOCK-7,0,8
2026-04-25 05:00:00,OP005,Louis Robert,E,Night,27,0,366.1,54,98.1,3,Completed,DOCK-5,0,3
2026-04-25 05:00:00,OP013,Raphael Lefebvre,C,Night,32,0,433.8,96,98.69,6,Completed,DOCK-5,4,0
2026-04-25 05:00:00,OP008,Lea Durand,C,Night,38,0,474.6,114,98.67,1,Completed,DOCK-8,5,4
2026-04-25 05:00:00,OP014,Ines Leroy,D,Night,45,2,461.9,135,98.66,7,Completed,DOCK-6,6,7
2026-04-25 05:00:00,OP003,Hugo Dubois,C,Night,31,1,398.8,62,98.15,3,Completed,DOCK-3,0,8
2026-04-25 05:00:00,OP010,Sarah Laurent,E,Night,39,0,349.0,117,98.25,7,Delayed,DOCK-2,0,5
2026-04-25 05:00:00,OP012,Camille Michel,B,Night,26,0,324.1,26,96.3,1,Delayed,DOCK-4,7,3
2026-04-25 05:00:00,OP004,Chloe Thomas,D,Night,42,1,423.5,126,98.54,1,Completed,DOCK-4,2,8
2026-04-25 05:00:00,OP019,Noah Lambert,D,Night,34,1,456.7,68,99.18,4,Delayed,DOCK-3,0,10
2026-04-25 06:00:00,OP017,Liam Girard,B,Morning,56,2,550.8,112,97.38,8,Completed,DOCK-1,0,0
2026-04-25 06:00:00,OP005,Louis Robert,E,Morning,61,0,687.9,61,98.63,8,Completed,DOCK-5,3,2
2026-04-25 06:00:00,OP018,Lina Bonnet,C,Morning,68,0,970.5,204,99.14,5,Completed,DOCK-2,10,10
2026-04-25 06:00:00,OP010,Sarah Laurent,E,Morning,64,1,644.5,64,99.2,6,Completed,DOCK-2,11,5
2026-04-25 06:00:00,OP003,Hugo Dubois,C,Morning,54,0,496.2,54,98.29,6,Completed,DOCK-3,9,5
2026-04-25 06:00:00,OP013,Raphael Lefebvre,C,Morning,66,0,695.3,132,99.9,5,Completed,DOCK-5,7,8
2026-04-25 06:00:00,OP014,Ines Leroy,D,Morning,59,1,799.8,59,97.12,7,Delayed,DOCK-6,8,10
2026-04-25 06:00:00,OP019,Noah Lambert,D,Morning,65,1,605.0,195,97.31,3,Completed,DOCK-3,2,6
2026-04-25 07:00:00,OP018,Lina Bonnet,C,Morning,61,1,695.0,122,99.51,4,Completed,DOCK-2,3,8
2026-04-25 07:00:00,OP007,Nathan Petit,B,Morning,62,1,836.6,186,98.38,4,Completed,DOCK-7,3,6
2026-04-25 07:00:00,OP004,Chloe Thomas,D,Morning,63,0,734.1,63,98.75,7,Completed,DOCK-4,1,8
2026-04-25 07:00:00,OP012,Camille Michel,B,Morning,55,1,768.3,165,98.3,4,Completed,DOCK-4,7,5
2026-04-25 07:00:00,OP020,Mila Faure,E,Morning,61,4,881.5,122,98.04,6,Completed,DOCK-4,7,6
2026-04-25 07:00:00,OP009,Jules Moreau,D,Morning,65,1,683.3,195,97.83,7,Completed,DOCK-1,1,10
2026-04-25 07:00:00,OP015,Tom Roux,E,Morning,60,0,568.5,60,98.6,10,Completed,DOCK-7,0,10
2026-04-25 07:00:00,OP014,Ines Leroy,D,Morning,59,0,741.7,118,98.51,4,Completed,DOCK-6,2,9
2026-04-25 07:00:00,OP005,Louis Robert,E,Morning,70,1,942.6,140,97.68,3,Delayed,DOCK-5,1,9
2026-04-25 07:00:00,OP003,Hugo Dubois,C,Morning,56,2,558.9,56,97.79,3,Completed,DOCK-3,2,3
2026-04-25 07:00:00,OP011,Adam Simon,A,Morning,62,0,551.1,62,98.0,3,Completed,DOCK-3,8,10
2026-04-25 07:00:00,OP010,Sarah Laurent,E,Morning,72,0,856.0,72,97.37,9,Completed,DOCK-2,5,5
2026-04-25 07:00:00,OP008,Lea Durand,C,Morning,61,2,634.7,61,97.31,3,Completed,DOCK-8,0,2
2026-04-25 08:00:00,OP006,Manon Richard,A,Morning,53,0,695.6,159,98.21,3,Completed,DOCK-6,1,9
2026-04-25 08:00:00,OP019,Noah Lambert,D,Morning,53,0,476.6,106,98.79,8,Completed,DOCK-3,8,8
2026-04-25 08:00:00,OP016,Jade Fournier,A,Morning,54,1,550.9,54,97.73,7,Completed,DOCK-8,2,2
2026-04-25 08:00:00,OP020,Mila Faure,E,Morning,55,0,725.3,55,96.23,5,Completed,DOCK-4,5,9
2026-04-25 08:00:00,OP017,Liam Girard,B,Morning,53,0,454.9,159,97.98,4,Completed,DOCK-1,8,6
2026-04-25 08:00:00,OP011,Adam Simon,A,Morning,64,2,822.1,128,98.36,1,Completed,DOCK-3,11,10
2026-04-25 08:00:00,OP001,Lucas Martin,A,Morning,65,1,647.0,195,97.85,2,Completed,DOCK-1,10,4
2026-04-25 08:00:00,OP004,Chloe Thomas,D,Morning,63,2,911.4,189,97.71,4,Completed,DOCK-4,4,7
2026-04-25 08:00:00,OP005,Louis Robert,E,Morning,55,0,729.5,110,97.51,3,Completed,DOCK-5,3,11
2026-04-25 08:00:00,OP015,Tom Roux,E,Morning,63,0,796.9,189,97.77,3,Completed,DOCK-7,9,9
2026-04-25 08:00:00,OP010,Sarah Laurent,E,Morning,60,1,586.0,60,97.11,3,Completed,DOCK-2,5,8
2026-04-25 09:00:00,OP001,Lucas Martin,A,Morning,50,1,582.7,150,98.26,4,Completed,DOCK-1,5,3
2026-04-25 09:00:00,OP010,Sarah Laurent,E,Morning,62,0,873.4,124,99.9,5,Completed,DOCK-2,9,2
2026-04-25 09:00:00,OP015,Tom Roux,E,Morning,65,1,904.9,195,99.37,6,Completed,DOCK-7,10,1
2026-04-25 09:00:00,OP003,Hugo Dubois,C,Morning,66,1,808.2,132,97.91,5,Completed,DOCK-3,10,11
2026-04-25 09:00:00,OP017,Liam Girard,B,Morning,64,1,744.8,128,97.75,4,Completed,DOCK-1,9,5
2026-04-25 09:00:00,OP016,Jade Fournier,A,Morning,70,1,601.3,210,97.06,6,Completed,DOCK-8,7,10
2026-04-25 09:00:00,OP020,Mila Faure,E,Morning,50,1,525.0,100,98.87,1,Completed,DOCK-4,5,4
2026-04-25 09:00:00,OP009,Jules Moreau,D,Morning,53,0,533.3,106,98.02,4,Completed,DOCK-1,8,7
2026-04-25 09:00:00,OP007,Nathan Petit,B,Morning,54,1,643.5,162,96.56,11,Completed,DOCK-7,1,6
2026-04-25 09:00:00,OP018,Lina Bonnet,C,Morning,59,0,846.1,59,97.84,7,Completed,DOCK-2,10,10
2026-04-25 09:00:00,OP004,Chloe Thomas,D,Morning,62,1,532.8,62,96.81,5,Completed,DOCK-4,6,11
2026-04-25 09:00:00,OP013,Raphael Lefebvre,C,Morning,56,1,568.9,168,98.98,4,Completed,DOCK-5,11,0
2026-04-25 09:00:00,OP006,Manon Richard,A,Morning,59,2,844.0,118,98.83,5,Completed,DOCK-6,3,6
2026-04-25 10:00:00,OP018,Lina Bonnet,C,Morning,66,0,955.3,198,99.7,4,Completed,DOCK-2,11,7
2026-04-25 10:00:00,OP019,Noah Lambert,D,Morning,60,0,521.3,120,97.2,4,Completed,DOCK-3,10,2
2026-04-25 10:00:00,OP008,Lea Durand,C,Morning,59,0,817.1,59,97.57,9,Delayed,DOCK-8,10,2
2026-04-25 10:00:00,OP017,Liam Girard,B,Morning,57,0,688.0,171,97.47,3,Completed,DOCK-1,7,5
2026-04-25 10:00:00,OP013,Raphael Lefebvre,C,Morning,65,1,830.5,195,96.94,5,Completed,DOCK-5,1,9
2026-04-25 10:00:00,OP016,Jade Fournier,A,Morning,62,0,695.1,124,96.84,5,Completed,DOCK-8,2,10
2026-04-25 10:00:00,OP001,Lucas Martin,A,Morning,52,1,517.3,52,97.69,4,Delayed,DOCK-1,1,4
2026-04-25 10:00:00,OP004,Chloe Thomas,D,Morning,71,1,1009.0,142,99.58,6,Completed,DOCK-4,4,4
2026-04-25 10:00:00,OP006,Manon Richard,A,Morning,58,1,625.6,58,98.94,4,Completed,DOCK-6,4,4
2026-04-25 10:00:00,OP007,Nathan Petit,B,Morning,66,2,709.2,198,96.67,5,Completed,DOCK-7,8,4
2026-04-25 10:00:00,OP012,Camille Michel,B,Morning,50,1,437.1,100,96.01,3,Completed,DOCK-4,8,11
2026-04-25 10:00:00,OP009,Jules Moreau,D,Morning,51,0,447.3,153,97.27,3,Delayed,DOCK-1,11,3
2026-04-25 10:00:00,OP020,Mila Faure,E,Morning,63,0,647.9,63,97.66,3,Completed,DOCK-4,1,3
2026-04-25 10:00:00,OP011,Adam Simon,A,Morning,55,2,730.9,110,96.29,4,Completed,DOCK-3,11,7
2026-04-25 11:00:00,OP003,Hugo Dubois,C,Morning,53,1,648.7,53,97.95,8,Completed,DOCK-3,6,10
2026-04-25 11:00:00,OP014,Ines Leroy,D,Morning,64,1,680.0,128,96.01,4,Completed,DOCK-6,4,6
2026-04-25 11:00:00,OP016,Jade Fournier,A,Morning,55,0,728.2,55,97.73,5,Completed,DOCK-8,10,8
2026-04-25 11:00:00,OP002,Emma Bernard,B,Morning,64,2,643.4,128,98.41,4,Completed,DOCK-2,8,5
2026-04-25 11:00:00,OP020,Mila Faure,E,Morning,50,0,625.8,50,98.07,6,Completed,DOCK-4,2,9
2026-04-25 11:00:00,OP005,Louis Robert,E,Morning,70,1,1010.9,210,97.6,8,Completed,DOCK-5,5,6
2026-04-25 11:00:00,OP007,Nathan Petit,B,Morning,59,2,789.1,118,98.63,6,Completed,DOCK-7,1,8
2026-04-25 11:00:00,OP012,Camille Michel,B,Morning,51,1,525.9,153,96.46,7,Completed,DOCK-4,8,4
2026-04-25 11:00:00,OP001,Lucas Martin,A,Morning,60,4,558.9,180,98.13,4,Completed,DOCK-1,3,3
2026-04-25 11:00:00,OP006,Manon Richard,A,Morning,60,0,715.0,180,98.03,5,Completed,DOCK-6,4,10
2026-04-25 11:00:00,OP011,Adam Simon,A,Morning,57,0,823.5,114,96.02,3,Completed,DOCK-3,2,5
2026-04-25 12:00:00,OP007,Nathan Petit,B,Morning,68,0,945.0,68,98.15,7,Completed,DOCK-7,11,7
2026-04-25 12:00:00,OP006,Manon Richard,A,Morning,59,0,549.7,118,98.58,2,Completed,DOCK-6,3,5
2026-04-25 12:00:00,OP015,Tom Roux,E,Morning,64,1,807.9,64,98.15,6,Completed,DOCK-7,1,8
2026-04-25 12:00:00,OP004,Chloe Thomas,D,Morning,70,1,924.1,70,98.88,8,Completed,DOCK-4,9,4
2026-04-25 12:00:00,OP003,Hugo Dubois,C,Morning,58,2,593.9,116,96.33,4,Completed,DOCK-3,10,1
2026-04-25 12:00:00,OP011,Adam Simon,A,Morning,57,0,558.0,114,96.92,1,Completed,DOCK-3,4,10
2026-04-25 12:00:00,OP002,Emma Bernard,B,Morning,50,1,626.3,50,97.96,3,Completed,DOCK-2,7,11
2026-04-25 12:00:00,OP018,Lina Bonnet,C,Morning,61,1,585.6,183,97.81,8,Completed,DOCK-2,4,3
2026-04-25 12:00:00,OP017,Liam Girard,B,Morning,58,0,583.6,58,97.11,1,Completed,DOCK-1,5,4
2026-04-25 12:00:00,OP019,Noah Lambert,D,Morning,52,0,725.1,52,98.67,5,Completed,DOCK-3,6,11
2026-04-25 12:00:00,OP016,Jade Fournier,A,Morning,59,0,776.6,59,98.11,6,Completed,DOCK-8,0,1
2026-04-25 12:00:00,OP012,Camille Michel,B,Morning,50,2,606.9,150,96.25,3,Completed,DOCK-4,8,0
2026-04-25 12:00:00,OP013,Raphael Lefebvre,C,Morning,67,1,889.5,134,98.15,6,Completed,DOCK-5,9,9
2026-04-25 12:00:00,OP009,Jules Moreau,D,Morning,53,0,524.0,53,97.71,8,Completed,DOCK-1,7,4
2026-04-25 13:00:00,OP020,Mila Faure,E,Morning,50,0,661.1,100,97.91,4,Completed,DOCK-4,9,3
2026-04-25 13:00:00,OP018,Lina Bonnet,C,Morning,24,0,253.4,72,97.81,2,Completed,DOCK-2,2,10
2026-04-25 13:00:00,OP016,Jade Fournier,A,Morning,60,1,808.8,120,97.98,4,Completed,DOCK-8,7,3
2026-04-25 13:00:00,OP013,Raphael Lefebvre,C,Morning,65,0,750.7,65,99.2,1,Completed,DOCK-5,9,5
2026-04-25 13:00:00,OP006,Manon Richard,A,Morning,50,1,433.1,150,97.24,1,Completed,DOCK-6,0,5
2026-04-25 13:00:00,OP007,Nathan Petit,B,Morning,62,1,528.6,62,96.91,3,Completed,DOCK-7,7,2
2026-04-25 13:00:00,OP009,Jules Moreau,D,Morning,53,1,697.8,106,99.37,8,Completed,DOCK-1,7,11
2026-04-25 13:00:00,OP019,Noah Lambert,D,Morning,59,3,622.7,177,95.79,5,Completed,DOCK-3,9,4
2026-04-25 13:00:00,OP005,Louis Robert,E,Morning,64,1,567.0,64,98.94,4,Completed,DOCK-5,7,10
2026-04-25 13:00:00,OP010,Sarah Laurent,E,Morning,57,0,511.8,114,97.05,3,Delayed,DOCK-2,11,3
2026-04-25 13:00:00,OP002,Emma Bernard,B,Morning,57,0,673.4,114,99.45,5,Completed,DOCK-2,7,4
2026-04-25 13:00:00,OP017,Liam Girard,B,Morning,60,0,848.6,180,99.55,3,Completed,DOCK-1,0,6
2026-04-25 13:00:00,OP008,Lea Durand,C,Morning,54,0,587.9,54,98.11,4,Completed,DOCK-8,10,5
2026-04-25 13:00:00,OP012,Camille Michel,B,Morning,52,1,637.4,52,98.04,4,Completed,DOCK-4,1,8
2026-04-25 14:00:00,OP012,Camille Michel,B,Afternoon,53,0,458.3,159,98.02,10,Completed,DOCK-4,8,3
2026-04-25 14:00:00,OP019,Noah Lambert,D,Afternoon,57,0,740.1,171,98.54,5,Completed,DOCK-3,0,3
2026-04-25 14:00:00,OP004,Chloe Thomas,D,Afternoon,65,0,893.0,130,98.41,6,Completed,DOCK-4,9,11
2026-04-25 14:00:00,OP002,Emma Bernard,B,Afternoon,57,1,616.7,114,97.63,2,Delayed,DOCK-2,1,4
2026-04-25 14:00:00,OP006,Manon Richard,A,Afternoon,41,2,476.6,123,96.88,2,Completed,DOCK-6,7,4
2026-04-25 14:00:00,OP003,Hugo Dubois,C,Afternoon,51,0,612.4,102,97.9,3,Completed,DOCK-3,3,6
2026-04-25 14:00:00,OP017,Liam Girard,B,Afternoon,43,1,598.5,129,98.19,1,Completed,DOCK-1,10,8
2026-04-25 14:00:00,OP018,Lina Bonnet,C,Afternoon,52,0,515.9,104,98.24,7,Delayed,DOCK-2,9,0
2026-04-25 14:00:00,OP014,Ines Leroy,D,Afternoon,46,0,561.2,92,98.9,2,Completed,DOCK-6,4,6
2026-04-25 14:00:00,OP013,Raphael Lefebvre,C,Afternoon,59,0,580.0,118,97.05,7,Completed,DOCK-5,1,10
2026-04-25 15:00:00,OP020,Mila Faure,E,Afternoon,41,0,353.8,123,98.5,3,Completed,DOCK-4,3,0
2026-04-25 15:00:00,OP005,Louis Robert,E,Afternoon,50,1,572.8,150,98.71,3,Delayed,DOCK-5,9,11
2026-04-25 15:00:00,OP006,Manon Richard,A,Afternoon,42,0,396.4,42,99.62,5,Completed,DOCK-6,3,1
2026-04-25 15:00:00,OP016,Jade Fournier,A,Afternoon,47,1,411.1,141,97.12,3,Completed,DOCK-8,3,11
2026-04-25 15:00:00,OP003,Hugo Dubois,C,Afternoon,45,1,457.1,45,96.83,3,Completed,DOCK-3,9,0
2026-04-25 15:00:00,OP013,Raphael Lefebvre,C,Afternoon,52,0,614.2,52,97.27,5,Completed,DOCK-5,3,1
2026-04-25 15:00:00,OP012,Camille Michel,B,Afternoon,40,1,438.0,120,97.8,6,Completed,DOCK-4,9,6
2026-04-25 15:00:00,OP010,Sarah Laurent,E,Afternoon,52,2,750.3,104,98.31,5,Completed,DOCK-2,5,2
2026-04-25 15:00:00,OP001,Lucas Martin,A,Afternoon,43,0,406.4,86,97.44,1,Completed,DOCK-1,5,5
2026-04-25 15:00:00,OP004,Chloe Thomas,D,Afternoon,59,0,818.9,177,98.91,2,Completed,DOCK-4,1,0
2026-04-25 15:00:00,OP007,Nathan Petit,B,Afternoon,58,1,745.9,174,98.58,3,Completed,DOCK-7,8,9
2026-04-25 15:00:00,OP008,Lea Durand,C,Afternoon,51,1,445.6,51,98.94,4,Completed,DOCK-8,5,11
2026-04-25 15:00:00,OP009,Jules Moreau,D,Afternoon,45,2,627.6,90,98.29,3,Completed,DOCK-1,7,11
2026-04-25 15:00:00,OP015,Tom Roux,E,Afternoon,60,1,831.9,60,96.29,3,Completed,DOCK-7,10,11
2026-04-25 16:00:00,OP010,Sarah Laurent,E,Afternoon,52,1,479.5,156,98.39,6,Completed,DOCK-2,6,5
2026-04-25 16:00:00,OP008,Lea Durand,C,Afternoon,48,0,687.2,48,97.05,3,Completed,DOCK-8,4,11
2026-04-25 16:00:00,OP012,Camille Michel,B,Afternoon,40,1,368.5,120,95.66,4,Completed,DOCK-4,11,7
2026-04-25 16:00:00,OP018,Lina Bonnet,C,Afternoon,53,2,699.5,106,96.83,5,Completed,DOCK-2,5,5
2026-04-25 16:00:00,OP014,Ines Leroy,D,Afternoon,46,0,570.8,138,98.99,7,Completed,DOCK-6,3,4
2026-04-25 16:00:00,OP011,Adam Simon,A,Afternoon,46,0,605.6,46,95.99,4,Completed,DOCK-3,5,5
2026-04-25 16:00:00,OP013,Raphael Lefebvre,C,Afternoon,60,1,537.0,180,98.34,6,Completed,DOCK-5,11,11
2026-04-25 16:00:00,OP020,Mila Faure,E,Afternoon,41,0,351.8,41,98.14,2,Completed,DOCK-4,1,9
2026-04-25 16:00:00,OP016,Jade Fournier,A,Afternoon,53,0,738.2,106,97.06,6,Completed,DOCK-8,9,6
2026-04-25 16:00:00,OP005,Louis Robert,E,Afternoon,47,0,524.7,141,97.15,3,Completed,DOCK-5,6,9
2026-04-25 16:00:00,OP002,Emma Bernard,B,Afternoon,62,1,577.7,124,97.27,6,Completed,DOCK-2,5,9
2026-04-25 16:00:00,OP001,Lucas Martin,A,Afternoon,49,1,578.0,49,96.92,2,Cancelled,DOCK-1,9,6
2026-04-25 16:00:00,OP003,Hugo Dubois,C,Afternoon,42,0,588.0,126,97.77,3,Completed,DOCK-3,11,8
2026-04-25 16:00:00,OP009,Jules Moreau,D,Afternoon,22,0,259.6,22,97.55,3,Completed,DOCK-1,8,10
2026-04-25 16:00:00,OP015,Tom Roux,E,Afternoon,57,0,524.8,57,98.47,5,Completed,DOCK-7,6,5
2026-04-25 17:00:00,OP010,Sarah Laurent,E,Afternoon,54,2,769.8,54,97.37,3,Completed,DOCK-2,5,9
2026-04-25 17:00:00,OP020,Mila Faure,E,Afternoon,44,2,568.2,88,99.19,5,Completed,DOCK-4,6,3
2026-04-25 17:00:00,OP017,Liam Girard,B,Afternoon,40,0,454.5,40,97.31,1,Completed,DOCK-1,6,0
2026-04-25 17:00:00,OP002,Emma Bernard,B,Afternoon,41,0,350.5,123,98.36,1,Completed,DOCK-2,8,6
2026-04-25 17:00:00,OP005,Louis Robert,E,Afternoon,43,0,382.4,129,98.71,2,Completed,DOCK-5,1,4
2026-04-25 17:00:00,OP007,Nathan Petit,B,Afternoon,43,0,382.4,43,98.62,7,Completed,DOCK-7,6,10
2026-04-25 17:00:00,OP019,Noah Lambert,D,Afternoon,53,0,581.7,106,97.97,6,Delayed,DOCK-3,8,9
2026-04-25 17:00:00,OP016,Jade Fournier,A,Afternoon,49,0,644.2,147,98.86,3,Completed,DOCK-8,1,9
2026-04-25 17:00:00,OP003,Hugo Dubois,C,Afternoon,40,0,514.1,80,96.41,1,Completed,DOCK-3,7,1
2026-04-25 17:00:00,OP013,Raphael Lefebvre,C,Afternoon,54,1,748.6,54,97.57,8,Completed,DOCK-5,8,10
2026-04-25 17:00:00,OP018,Lina Bonnet,C,Afternoon,52,0,519.2,104,96.98,7,Completed,DOCK-2,10,7
2026-04-25 17:00:00,OP011,Adam Simon,A,Afternoon,45,0,610.0,45,95.97,5,Completed,DOCK-3,7,0
2026-04-25 17:00:00,OP008,Lea Durand,C,Afternoon,50,0,685.3,150,97.75,3,Delayed,DOCK-8,2,0
2026-04-25 17:00:00,OP015,Tom Roux,E,Afternoon,46,0,620.8,46,97.93,4,Completed,DOCK-7,10,7
2026-04-25 18:00:00,OP007,Nathan Petit,B,Afternoon,48,0,598.6,96,98.64,6,Completed,DOCK-7,3,3
2026-04-25 18:00:00,OP020,Mila Faure,E,Afternoon,40,2,565.5,120,97.5,3,Completed,DOCK-4,6,10
2026-04-25 18:00:00,OP008,Lea Durand,C,Afternoon,45,0,523.6,90,97.67,4,Completed,DOCK-8,4,9
2026-04-25 18:00:00,OP003,Hugo Dubois,C,Afternoon,47,1,676.6,47,98.78,3,Completed,DOCK-3,5,8
2026-04-25 18:00:00,OP001,Lucas Martin,A,Afternoon,40,1,552.6,40,97.46,7,Completed,DOCK-1,3,11
2026-04-25 18:00:00,OP011,Adam Simon,A,Afternoon,44,0,506.0,88,97.5,3,Completed,DOCK-3,6,11
2026-04-25 18:00:00,OP012,Camille Michel,B,Afternoon,40,0,499.3,120,96.22,6,Completed,DOCK-4,3,2
2026-04-25 18:00:00,OP010,Sarah Laurent,E,Afternoon,61,1,747.8,183,99.51,5,Delayed,DOCK-2,10,1
2026-04-25 18:00:00,OP005,Louis Robert,E,Afternoon,55,2,744.4,110,97.72,6,Completed,DOCK-5,1,0
2026-04-25 18:00:00,OP013,Raphael Lefebvre,C,Afternoon,51,0,662.0,102,99.37,4,Completed,DOCK-5,6,8
2026-04-25 18:00:00,OP009,Jules Moreau,D,Afternoon,40,3,569.8,120,96.78,3,Completed,DOCK-1,2,11
2026-04-25 18:00:00,OP006,Manon Richard,A,Afternoon,43,0,500.8,43,95.72,2,Completed,DOCK-6,3,6
2026-04-25 18:00:00,OP018,Lina Bonnet,C,Afternoon,51,0,581.2,51,98.25,4,Completed,DOCK-2,0,5
2026-04-25 19:00:00,OP013,Raphael Lefebvre,C,Afternoon,41,0,352.0,82,97.78,5,Completed,DOCK-5,5,11
2026-04-25 19:00:00,OP002,Emma Bernard,B,Afternoon,51,1,653.9,153,99.35,5,Completed,DOCK-2,5,7
2026-04-25 19:00:00,OP012,Camille Michel,B,Afternoon,40,2,380.2,120,97.85,3,Completed,DOCK-4,8,6
2026-04-25 19:00:00,OP005,Louis Robert,E,Afternoon,51,0,541.8,153,98.58,7,Completed,DOCK-5,1,7
2026-04-25 19:00:00,OP007,Nathan Petit,B,Afternoon,52,0,636.6,104,99.66,3,Completed,DOCK-7,10,4
2026-04-25 19:00:00,OP018,Lina Bonnet,C,Afternoon,55,1,763.4,165,98.51,5,Completed,DOCK-2,11,1
2026-04-25 19:00:00,OP006,Manon Richard,A,Afternoon,51,1,435.1,51,96.27,3,Completed,DOCK-6,9,9
2026-04-25 19:00:00,OP009,Jules Moreau,D,Afternoon,46,2,520.3,138,98.96,6,Completed,DOCK-1,2,9
2026-04-25 19:00:00,OP016,Jade Fournier,A,Afternoon,40,1,519.5,120,97.87,2,Completed,DOCK-8,3,2
2026-04-25 20:00:00,OP006,Manon Richard,A,Afternoon,48,0,423.7,96,98.24,1,Cancelled,DOCK-6,3,11
2026-04-25 20:00:00,OP015,Tom Roux,E,Afternoon,51,3,569.2,51,96.84,8,Completed,DOCK-7,3,9
2026-04-25 20:00:00,OP013,Raphael Lefebvre,C,Afternoon,47,0,490.8,94,99.45,7,Completed,DOCK-5,6,6
2026-04-25 20:00:00,OP004,Chloe Thomas,D,Afternoon,56,0,540.5,56,98.26,4,Completed,DOCK-4,10,6
2026-04-25 20:00:00,OP009,Jules Moreau,D,Afternoon,51,1,670.9,153,97.94,1,Completed,DOCK-1,7,5
2026-04-25 20:00:00,OP018,Lina Bonnet,C,Afternoon,55,0,672.5,165,99.08,6,Completed,DOCK-2,2,4
2026-04-25 20:00:00,OP008,Lea Durand,C,Afternoon,52,1,535.6,52,97.54,7,Completed,DOCK-8,2,8
2026-04-25 20:00:00,OP003,Hugo Dubois,C,Afternoon,43,1,567.2,129,98.61,4,Completed,DOCK-3,8,5
2026-04-25 20:00:00,OP001,Lucas Martin,A,Afternoon,40,1,383.9,80,97.2,5,Completed,DOCK-1,9,7
2026-04-25 20:00:00,OP010,Sarah Laurent,E,Afternoon,50,1,689.4,150,97.27,1,Completed,DOCK-2,7,2
2026-04-25 21:00:00,OP004,Chloe Thomas,D,Afternoon,51,2,447.3,51,99.9,10,Completed,DOCK-4,4,10
2026-04-25 21:00:00,OP013,Raphael Lefebvre,C,Afternoon,42,0,466.2,126,99.15,1,Completed,DOCK-5,1,6
2026-04-25 21:00:00,OP002,Emma Bernard,B,Afternoon,45,0,642.1,135,96.57,5,Completed,DOCK-2,3,10
2026-04-25 21:00:00,OP019,Noah Lambert,D,Afternoon,46,2,487.5,138,97.5,2,Completed,DOCK-3,0,10
2026-04-25 21:00:00,OP005,Louis Robert,E,Afternoon,55,0,687.8,110,96.89,7,Completed,DOCK-5,2,11
2026-04-25 21:00:00,OP012,Camille Michel,B,Afternoon,40,2,349.5,120,98.2,6,Completed,DOCK-4,9,10
2026-04-25 21:00:00,OP009,Jules Moreau,D,Afternoon,47,1,664.6,47,96.62,5,Completed,DOCK-1,5,9
2026-04-25 21:00:00,OP020,Mila Faure,E,Afternoon,41,1,409.2,82,97.25,2,Completed,DOCK-4,11,9
2026-04-25 21:00:00,OP003,Hugo Dubois,C,Afternoon,44,1,546.6,88,98.76,6,Cancelled,DOCK-3,11,7
2026-04-25 21:00:00,OP008,Lea Durand,C,Afternoon,47,0,663.5,94,99.22,5,Completed,DOCK-8,10,2
2026-04-25 21:00:00,OP015,Tom Roux,E,Afternoon,54,0,565.1,162,97.52,4,Completed,DOCK-7,1,8
2026-04-25 22:00:00,OP003,Hugo Dubois,C,Night,31,3,265.4,93,97.8,1,Completed,DOCK-3,2,9
2026-04-25 22:00:00,OP014,Ines Leroy,D,Night,35,1,325.3,105,97.98,3,Completed,DOCK-6,11,7
2026-04-25 22:00:00,OP020,Mila Faure,E,Night,32,0,407.0,96,97.42,8,Completed,DOCK-4,8,6
2026-04-25 22:00:00,OP012,Camille Michel,B,Night,30,0,389.6,90,98.49,1,Completed,DOCK-4,11,1
2026-04-25 22:00:00,OP019,Noah Lambert,D,Night,27,0,367.5,81,97.77,1,Completed,DOCK-3,11,6
2026-04-25 22:00:00,OP001,Lucas Martin,A,Night,32,2,319.5,64,97.47,3,Completed,DOCK-1,4,0
2026-04-25 22:00:00,OP006,Manon Richard,A,Night,29,2,252.9,29,97.93,1,Delayed,DOCK-6,1,4
2026-04-25 22:00:00,OP017,Liam Girard,B,Night,36,1,433.8,36,97.56,2,Completed,DOCK-1,9,1
2026-04-25 22:00:00,OP002,Emma Bernard,B,Night,29,0,247.7,87,97.97,1,Completed,DOCK-2,0,0
2026-04-25 22:00:00,OP004,Chloe Thomas,D,Night,38,0,369.1,76,97.79,2,Delayed,DOCK-4,10,2
2026-04-25 22:00:00,OP016,Jade Fournier,A,Night,37,0,511.7,74,98.04,2,Completed,DOCK-8,11,4
2026-04-25 22:00:00,OP015,Tom Roux,E,Night,31,0,323.4,31,98.51,4,Cancelled,DOCK-7,3,4
2026-04-25 22:00:00,OP005,Louis Robert,E,Night,44,2,399.1,88,96.83,5,Completed,DOCK-5,1,6
2026-04-25 22:00:00,OP011,Adam Simon,A,Night,33,0,460.6,99,97.34,1,Delayed,DOCK-3,2,2
2026-04-25 23:00:00,OP015,Tom Roux,E,Night,27,1,364.7,54,98.61,8,Completed,DOCK-7,8,1
2026-04-25 23:00:00,OP005,Louis Robert,E,Night,42,0,417.6,84,98.02,3,Completed,DOCK-5,8,2
2026-04-25 23:00:00,OP016,Jade Fournier,A,Night,41,0,507.8,123,99.21,6,Completed,DOCK-8,6,4
2026-04-25 23:00:00,OP007,Nathan Petit,B,Night,36,1,335.6,36,96.47,1,Cancelled,DOCK-7,8,10
2026-04-25 23:00:00,OP009,Jules Moreau,D,Night,25,0,342.7,75,98.33,3,Completed,DOCK-1,2,6
2026-04-25 23:00:00,OP017,Liam Girard,B,Night,41,0,478.3,41,96.7,2,Delayed,DOCK-1,5,1
2026-04-25 23:00:00,OP013,Raphael Lefebvre,C,Night,37,1,452.1,37,97.99,5,Completed,DOCK-5,7,8
2026-04-25 23:00:00,OP020,Mila Faure,E,Night,31,0,445.7,93,97.79,4,Completed,DOCK-4,5,8
2026-04-25 23:00:00,OP004,Chloe Thomas,D,Night,41,0,452.0,123,98.57,6,Completed,DOCK-4,11,11
2026-04-25 23:00:00,OP012,Camille Michel,B,Night,25,0,260.7,25,96.62,1,Completed,DOCK-4,0,6
2026-04-25 23:00:00,OP018,Lina Bonnet,C,Night,39,0,506.3,117,96.62,4,Completed,DOCK-2,9,0
2026-04-25 23:00:00,OP002,Emma Bernard,B,Night,40,0,386.0,120,98.34,6,Completed,DOCK-2,1,8
2026-04-26 00:00:00,OP014,Ines Leroy,D,Night,28,0,367.7,56,97.37,1,Completed,DOCK-6,4,9
2026-04-26 00:00:00,OP019,Noah Lambert,D,Night,33,0,296.4,66,98.42,3,Completed,DOCK-3,10,5
2026-04-26 00:00:00,OP009,Jules Moreau,D,Night,28,0,256.0,28,98.02,3,Completed,DOCK-1,10,7
2026-04-26 00:00:00,OP010,Sarah Laurent,E,Night,30,0,362.3,90,97.86,1,Completed,DOCK-2,1,11
2026-04-26 00:00:00,OP016,Jade Fournier,A,Night,41,0,422.8,41,97.73,3,Completed,DOCK-8,2,10
2026-04-26 00:00:00,OP002,Emma Bernard,B,Night,40,2,382.4,120,98.58,1,Completed,DOCK-2,8,1
2026-04-26 00:00:00,OP020,Mila Faure,E,Night,32,0,381.3,32,97.89,1,Cancelled,DOCK-4,2,3
2026-04-26 00:00:00,OP013,Raphael Lefebvre,C,Night,32,0,305.1,96,99.51,5,Completed,DOCK-5,9,9
2026-04-26 00:00:00,OP011,Adam Simon,A,Night,43,1,530.6,86,97.11,3,Completed,DOCK-3,5,6
2026-04-26 00:00:00,OP017,Liam Girard,B,Night,25,0,219.6,75,97.17,1,Delayed,DOCK-1,2,0
2026-04-26 01:00:00,OP020,Mila Faure,E,Night,28,0,250.9,84,98.95,3,Completed,DOCK-4,4,8
2026-04-26 01:00:00,OP019,Noah Lambert,D,Night,30,0,414.5,30,98.48,2,Completed,DOCK-3,9,5
2026-04-26 01:00:00,OP005,Louis Robert,E,Night,33,1,345.0,33,98.73,1,Completed,DOCK-5,0,6
2026-04-26 01:00:00,OP010,Sarah Laurent,E,Night,45,0,432.8,90,97.3,4,Completed,DOCK-2,0,7
2026-04-26 01:00:00,OP007,Nathan Petit,B,Night,28,1,401.1,56,97.69,3,Completed,DOCK-7,5,11
2026-04-26 01:00:00,OP006,Manon Richard,A,Night,31,0,392.2,93,97.64,2,Completed,DOCK-6,6,7
2026-04-26 01:00:00,OP013,Raphael Lefebvre,C,Night,31,0,365.3,31,97.1,1,Completed,DOCK-5,0,9
2026-04-26 01:00:00,OP003,Hugo Dubois,C,Night,34,1,375.9,34,96.95,2,Cancelled,DOCK-3,2,6
2026-04-26 01:00:00,OP001,Lucas Martin,A,Night,28,3,274.3,84,97.53,2,Delayed,DOCK-1,10,4
2026-04-26 01:00:00,OP014,Ines Leroy,D,Night,28,0,395.3,84,96.6,1,Completed,DOCK-6,8,10
2026-04-26 02:00:00,OP003,Hugo Dubois,C,Night,32,1,285.4,64,98.09,3,Completed,DOCK-3,3,0
2026-04-26 02:00:00,OP002,Emma Bernard,B,Night,27,0,346.5,54,96.16,1,Completed,DOCK-2,0,5
2026-04-26 02:00:00,OP020,Mila Faure,E,Night,33,0,325.4,99,99.51,3,Completed,DOCK-4,0,1
2026-04-26 02:00:00,OP010,Sarah Laurent,E,Night,44,1,592.3,44,97.71,1,Completed,DOCK-2,10,10
2026-04-26 02:00:00,OP005,Louis Robert,E,Night,37,1,387.7,74,98.5,1,Completed,DOCK-5,9,1
2026-04-26 02:00:00,OP013,Raphael Lefebvre,C,Night,37,0,484.9,37,97.39,7,Delayed,DOCK-5,7,9
2026-04-26 02:00:00,OP016,Jade Fournier,A,Night,33,0,404.5,33,97.55,4,Completed,DOCK-8,4,7
2026-04-26 02:00:00,OP017,Liam Girard,B,Night,31,0,312.6,62,97.37,2,Completed,DOCK-1,2,3
2026-04-26 02:00:00,OP009,Jules Moreau,D,Night,30,1,284.4,60,97.02,4,Delayed,DOCK-1,1,2
2026-04-26 02:00:00,OP004,Chloe Thomas,D,Night,38,1,380.8,38,99.5,4,Completed,DOCK-4,2,9
2026-04-26 02:00:00,OP001,Lucas Martin,A,Night,36,0,445.8,72,97.39,2,Completed,DOCK-1,10,3
2026-04-26 02:00:00,OP015,Tom Roux,E,Night,38,0,522.3,76,99.02,5,Delayed,DOCK-7,10,3
2026-04-26 02:00:00,OP014,Ines Leroy,D,Night,37,0,464.9,37,99.29,3,Completed,DOCK-6,9,7
2026-04-26 03:00:00,OP017,Liam Girard,B,Night,31,0,423.5,31,97.77,2,Delayed,DOCK-1,9,4
2026-04-26 03:00:00,OP019,Noah Lambert,D,Night,39,1,428.5,117,97.34,2,Completed,DOCK-3,10,5
2026-04-26 03:00:00,OP001,Lucas Martin,A,Night,26,2,332.3,26,98.91,1,Completed,DOCK-1,0,0
2026-04-26 03:00:00,OP010,Sarah Laurent,E,Night,38,0,516.8,76,97.48,2,Completed,DOCK-2,5,10
2026-04-26 03:00:00,OP012,Camille Michel,B,Night,25,0,255.6,25,98.63,1,Completed,DOCK-4,5,10
2026-04-26 03:00:00,OP013,Raphael Lefebvre,C,Night,25,0,314.0,25,96.9,4,Completed,DOCK-5,4,3
2026-04-26 03:00:00,OP005,Louis Robert,E,Night,28,2,340.2,84,97.94,1,Cancelled,DOCK-5,11,0
2026-04-26 03:00:00,OP015,Tom Roux,E,Night,42,0,521.4,84,98.95,3,Completed,DOCK-7,7,5
2026-04-26 03:00:00,OP007,Nathan Petit,B,Night,34,0,343.0,102,98.51,2,Completed,DOCK-7,8,3
2026-04-26 03:00:00,OP006,Manon Richard,A,Night,27,0,298.6,54,97.41,2,Completed,DOCK-6,0,3
2026-04-26 03:00:00,OP009,Jules Moreau,D,Night,25,0,255.7,50,97.98,3,Completed,DOCK-1,0,7
2026-04-26 03:00:00,OP014,Ines Leroy,D,Night,25,0,331.1,50,98.86,1,Completed,DOCK-6,6,8
2026-04-26 03:00:00,OP016,Jade Fournier,A,Night,34,0,294.8,68,98.35,6,Completed,DOCK-8,8,11
2026-04-26 03:00:00,OP004,Chloe Thomas,D,Night,38,0,381.0,114,98.12,4,Completed,DOCK-4,3,6
2026-04-26 04:00:00,OP012,Camille Michel,B,Night,25,1,326.5,25,98.36,1,Completed,DOCK-4,8,4
2026-04-26 04:00:00,OP007,Nathan Petit,B,Night,35,0,437.0,105,98.79,3,Completed,DOCK-7,0,8
2026-04-26 04:00:00,OP009,Jules Moreau,D,Night,39,0,481.4,39,98.87,1,Completed,DOCK-1,6,7
2026-04-26 04:00:00,OP003,Hugo Dubois,C,Night,39,1,481.2,117,99.06,1,Completed,DOCK-3,3,4
2026-04-26 04:00:00,OP015,Tom Roux,E,Night,37,1,526.6,111,97.74,7,Completed,DOCK-7,1,3
2026-04-26 04:00:00,OP014,Ines Leroy,D,Night,29,2,372.8,87,97.67,1,Completed,DOCK-6,4,5
2026-04-26 04:00:00,OP011,Adam Simon,A,Night,25,0,276.4,25,97.72,2,Completed,DOCK-3,11,9
2026-04-26 04:00:00,OP008,Lea Durand,C,Night,25,0,335.6,50,97.1,2,Completed,DOCK-8,2,4
2026-04-26 04:00:00,OP005,Louis Robert,E,Night,28,0,307.7,28,98.44,3,Completed,DOCK-5,8,1
2026-04-26 04:00:00,OP013,Raphael Lefebvre,C,Night,27,0,273.9,81,98.04,2,Completed,DOCK-5,7,5
2026-04-26 04:00:00,OP010,Sarah Laurent,E,Night,25,0,260.2,25,98.77,1,Completed,DOCK-2,6,2
2026-04-26 04:00:00,OP016,Jade Fournier,A,Night,27,0,340.9,81,98.56,3,Delayed,DOCK-8,10,8
2026-04-26 04:00:00,OP018,Lina Bonnet,C,Night,32,1,350.0,96,98.89,1,Delayed,DOCK-2,8,8
2026-04-26 04:00:00,OP017,Liam Girard,B,Night,29,1,317.9,29,99.48,3,Completed,DOCK-1,1,7
2026-04-26 04:00:00,OP002,Emma Bernard,B,Night,31,0,409.8,62,97.16,6,Delayed,DOCK-2,4,9
2026-04-26 05:00:00,OP020,Mila Faure,E,Night,25,0,243.9,75,97.83,1,Completed,DOCK-4,10,9
2026-04-26 05:00:00,OP014,Ines Leroy,D,Night,34,1,460.3,102,98.79,2,Completed,DOCK-6,0,7
2026-04-26 05:00:00,OP017,Liam Girard,B,Night,25,0,302.5,25,99.78,3,Completed,DOCK-1,2,1
2026-04-26 05:00:00,OP008,Lea Durand,C,Night,37,1,384.5,74,97.6,1,Completed,DOCK-8,4,3
2026-04-26 05:00:00,OP007,Nathan Petit,B,Night,39,0,527.3,117,96.7,2,Completed,DOCK-7,8,2
2026-04-26 05:00:00,OP016,Jade Fournier,A,Night,25,0,264.6,50,98.63,4,Completed,DOCK-8,4,8
2026-04-26 05:00:00,OP005,Louis Robert,E,Night,27,0,248.9,54,98.57,3,Completed,DOCK-5,7,0
2026-04-26 05:00:00,OP004,Chloe Thomas,D,Night,32,0,274.4,32,98.01,4,Delayed,DOCK-4,0,6
2026-04-26 05:00:00,OP010,Sarah Laurent,E,Night,25,0,296.7,50,98.76,1,Completed,DOCK-2,10,9
2026-04-26 06:00:00,OP014,Ines Leroy,D,Morning,52,0,663.8,156,98.12,5,Completed,DOCK-6,6,9
2026-04-26 06:00:00,OP005,Louis Robert,E,Morning,68,1,860.1,68,97.45,7,Completed,DOCK-5,7,7
2026-04-26 06:00:00,OP003,Hugo Dubois,C,Morning,52,0,534.2,156,97.01,1,Completed,DOCK-3,6,2
2026-04-26 06:00:00,OP012,Camille Michel,B,Morning,56,1,645.1,112,97.38,1,Completed,DOCK-4,3,9
2026-04-26 06:00:00,OP010,Sarah Laurent,E,Morning,62,2,728.8,124,97.53,3,Completed,DOCK-2,9,7
2026-04-26 06:00:00,OP016,Jade Fournier,A,Morning,59,0,811.6,59,97.98,6,Completed,DOCK-8,10,7
2026-04-26 06:00:00,OP017,Liam Girard,B,Morning,51,1,628.6,153,98.25,4,Completed,DOCK-1,6,3
2026-04-26 06:00:00,OP013,Raphael Lefebvre,C,Morning,69,4,777.5,138,97.35,6,Completed,DOCK-5,9,1
2026-04-26 06:00:00,OP006,Manon Richard,A,Morning,50,0,689.9,100,98.24,7,Completed,DOCK-6,0,8
2026-04-26 06:00:00,OP004,Chloe Thomas,D,Morning,67,0,647.9,201,98.09,7,Completed,DOCK-4,4,1
2026-04-26 06:00:00,OP020,Mila Faure,E,Morning,50,1,616.5,50,95.8,3,Completed,DOCK-4,8,3
2026-04-26 07:00:00,OP006,Manon Richard,A,Morning,61,2,810.9,61,98.39,2,Completed,DOCK-6,9,11
2026-04-26 07:00:00,OP015,Tom Roux,E,Morning,70,0,959.4,140,99.11,6,Completed,DOCK-7,9,3
2026-04-26 07:00:00,OP016,Jade Fournier,A,Morning,62,0,644.2,186,97.16,2,Completed,DOCK-8,11,1
2026-04-26 07:00:00,OP018,Lina Bonnet,C,Morning,66,0,749.2,132,99.23,2,Completed,DOCK-2,8,8
2026-04-26 07:00:00,OP005,Louis Robert,E,Morning,57,0,551.3,171,97.5,5,Delayed,DOCK-5,6,4
2026-04-26 07:00:00,OP009,Jules Moreau,D,Morning,59,3,629.5,59,96.02,8,Completed,DOCK-1,6,9
2026-04-26 07:00:00,OP017,Liam Girard,B,Morning,50,0,531.6,150,97.29,5,Completed,DOCK-1,8,4
2026-04-26 07:00:00,OP001,Lucas Martin,A,Morning,53,0,727.3,159,97.99,7,Completed,DOCK-1,8,4
2026-04-26 07:00:00,OP014,Ines Leroy,D,Morning,50,0,505.6,150,98.4,4,Completed,DOCK-6,8,1
2026-04-26 07:00:00,OP004,Chloe Thomas,D,Morning,67,0,769.6,134,98.78,3,Cancelled,DOCK-4,9,10
2026-04-26 07:00:00,OP002,Emma Bernard,B,Morning,68,0,648.2,204,98.75,4,Completed,DOCK-2,0,5
2026-04-26 07:00:00,OP008,Lea Durand,C,Morning,62,2,765.1,62,98.94,7,Completed,DOCK-8,1,0
2026-04-26 07:00:00,OP003,Hugo Dubois,C,Morning,55,0,501.1,110,98.4,5,Completed,DOCK-3,7,4
2026-04-26 07:00:00,OP020,Mila Faure,E,Morning,58,0,614.4,58,97.62,6,Completed,DOCK-4,8,11
2026-04-26 07:00:00,OP012,Camille Michel,B,Morning,50,0,518.0,50,96.65,4,Completed,DOCK-4,6,4
2026-04-26 08:00:00,OP011,Adam Simon,A,Morning,63,3,888.1,189,97.97,7,Completed,DOCK-3,9,2
2026-04-26 08:00:00,OP003,Hugo Dubois,C,Morning,55,1,525.2,55,99.28,2,Completed,DOCK-3,9,4
2026-04-26 08:00:00,OP008,Lea Durand,C,Morning,54,1,460.2,162,99.23,4,Completed,DOCK-8,10,7
2026-04-26 08:00:00,OP004,Chloe Thomas,D,Morning,61,0,799.3,183,98.94,2,Completed,DOCK-4,6,1
2026-04-26 08:00:00,OP014,Ines Leroy,D,Morning,64,0,564.1,64,97.37,7,Completed,DOCK-6,10,3
2026-04-26 08:00:00,OP016,Jade Fournier,A,Morning,61,0,767.9,61,99.08,6,Completed,DOCK-8,1,1
2026-04-26 08:00:00,OP015,Tom Roux,E,Morning,63,1,553.8,63,98.36,3,Completed,DOCK-7,1,6
2026-04-26 08:00:00,OP017,Liam Girard,B,Morning,63,0,574.0,189,97.69,3,Completed,DOCK-1,1,8
2026-04-26 09:00:00,OP008,Lea Durand,C,Morning,60,1,606.9,60,98.83,5,Cancelled,DOCK-8,7,3
2026-04-26 09:00:00,OP012,Camille Michel,B,Morning,50,0,511.4,50,96.44,3,Completed,DOCK-4,9,0
2026-04-26 09:00:00,OP013,Raphael Lefebvre,C,Morning,67,1,842.4,201,98.02,5,Completed,DOCK-5,9,11
2026-04-26 09:00:00,OP014,Ines Leroy,D,Morning,55,0,499.8,165,99.8,1,Delayed,DOCK-6,3,8
2026-04-26 09:00:00,OP020,Mila Faure,E,Morning,60,2,522.8,180,98.9,5,Completed,DOCK-4,9,6
2026-04-26 09:00:00,OP005,Louis Robert,E,Morning,60,0,626.9,180,97.45,3,Completed,DOCK-5,8,8
2026-04-26 09:00:00,OP004,Chloe Thomas,D,Morning,67,0,951.7,134,98.77,4,Completed,DOCK-4,4,3
2026-04-26 09:00:00,OP017,Liam Girard,B,Morning,59,3,840.4,59,98.68,4,Completed,DOCK-1,0,0
2026-04-26 10:00:00,OP007,Nathan Petit,B,Morning,60,1,726.3,180,98.79,7,Completed,DOCK-7,3,8
2026-04-26 10:00:00,OP008,Lea Durand,C,Morning,50,0,698.5,150,98.52,3,Delayed,DOCK-8,2,4
2026-04-26 10:00:00,OP009,Jules Moreau,D,Morning,59,0,690.7,118,97.11,1,Completed,DOCK-1,0,3
2026-04-26 10:00:00,OP013,Raphael Lefebvre,C,Morning,67,0,593.9,134,97.81,2,Delayed,DOCK-5,4,0
2026-04-26 10:00:00,OP005,Louis Robert,E,Morning,65,3,646.6,65,98.66,7,Completed,DOCK-5,7,5
2026-04-26 10:00:00,OP003,Hugo Dubois,C,Morning,57,1,517.5,114,98.31,7,Completed,DOCK-3,6,4
2026-04-26 10:00:00,OP018,Lina Bonnet,C,Morning,56,0,549.5,56,98.73,4,Completed,DOCK-2,0,4
2026-04-26 10:00:00,OP012,Camille Michel,B,Morning,52,1,722.3,104,97.34,10,Completed,DOCK-4,7,9
2026-04-26 10:00:00,OP019,Noah Lambert,D,Morning,60,1,586.0,180,98.66,5,Completed,DOCK-3,3,2
2026-04-26 10:00:00,OP015,Tom Roux,E,Morning,61,0,721.3,61,99.17,13,Delayed,DOCK-7,7,10
2026-04-26 10:00:00,OP002,Emma Bernard,B,Morning,62,2,835.5,186,98.63,4,Completed,DOCK-2,10,0
2026-04-26 11:00:00,OP019,Noah Lambert,D,Morning,60,0,791.3,180,98.92,4,Completed,DOCK-3,10,3
2026-04-26 11:00:00,OP007,Nathan Petit,B,Morning,66,0,692.9,198,97.9,9,Completed,DOCK-7,9,10
2026-04-26 11:00:00,OP010,Sarah Laurent,E,Morning,66,1,772.7,132,97.27,5,Completed,DOCK-2,6,9
2026-04-26 11:00:00,OP013,Raphael Lefebvre,C,Morning,63,0,583.9,189,97.91,6,Completed,DOCK-5,1,0
2026-04-26 11:00:00,OP020,Mila Faure,E,Morning,51,0,593.3,153,98.41,5,Cancelled,DOCK-4,8,9
2026-04-26 11:00:00,OP012,Camille Michel,B,Morning,50,0,497.0,150,96.57,5,Completed,DOCK-4,4,7
2026-04-26 11:00:00,OP006,Manon Richard,A,Morning,54,2,643.9,162,98.59,6,Completed,DOCK-6,6,4
2026-04-26 11:00:00,OP005,Louis Robert,E,Morning,68,1,694.9,136,98.17,6,Completed,DOCK-5,3,8
2026-04-26 11:00:00,OP011,Adam Simon,A,Morning,54,0,479.0,54,98.7,5,Completed,DOCK-3,8,0
2026-04-26 11:00:00,OP014,Ines Leroy,D,Morning,50,0,592.0,50,96.76,5,Completed,DOCK-6,2,9
2026-04-26 11:00:00,OP003,Hugo Dubois,C,Morning,51,1,444.4,102,97.38,3,Completed,DOCK-3,8,4
2026-04-26 11:00:00,OP001,Lucas Martin,A,Morning,58,1,776.9,58,97.51,3,Completed,DOCK-1,8,1
2026-04-26 12:00:00,OP013,Raphael Lefebvre,C,Morning,58,1,518.5,116,99.73,6,Cancelled,DOCK-5,2,5
2026-04-26 12:00:00,OP001,Lucas Martin,A,Morning,53,3,512.1,106,97.08,6,Completed,DOCK-1,1,2
2026-04-26 12:00:00,OP012,Camille Michel,B,Morning,52,1,597.2,156,99.22,7,Completed,DOCK-4,10,6
2026-04-26 12:00:00,OP018,Lina Bonnet,C,Morning,64,0,673.0,64,96.52,8,Completed,DOCK-2,11,8
2026-04-26 12:00:00,OP019,Noah Lambert,D,Morning,57,0,806.8,171,97.87,1,Completed,DOCK-3,8,11
2026-04-26 12:00:00,OP020,Mila Faure,E,Morning,50,0,504.7,150,97.96,7,Completed,DOCK-4,9,2
2026-04-26 12:00:00,OP004,Chloe Thomas,D,Morning,59,0,514.5,59,98.79,8,Completed,DOCK-4,11,0
2026-04-26 12:00:00,OP008,Lea Durand,C,Morning,51,0,650.8,51,98.93,2,Completed,DOCK-8,0,6
2026-04-26 12:00:00,OP014,Ines Leroy,D,Morning,56,0,610.2,168,97.57,6,Completed,DOCK-6,6,0
2026-04-26 12:00:00,OP011,Adam Simon,A,Morning,62,0,762.7,62,98.92,5,Completed,DOCK-3,0,4
2026-04-26 12:00:00,OP015,Tom Roux,E,Morning,61,2,560.6,122,98.71,2,Completed,DOCK-7,8,8
2026-04-26 12:00:00,OP006,Manon Richard,A,Morning,63,1,556.5,189,97.97,8,Completed,DOCK-6,10,2
2026-04-26 12:00:00,OP007,Nathan Petit,B,Morning,63,0,707.3,189,98.97,4,Delayed,DOCK-7,10,4
2026-04-26 12:00:00,OP005,Louis Robert,E,Morning,61,1,731.1,61,98.77,4,Completed,DOCK-5,8,0
2026-04-26 12:00:00,OP009,Jules Moreau,D,Morning,52,0,600.0,156,97.47,7,Completed,DOCK-1,3,11
2026-04-26 13:00:00,OP014,Ines Leroy,D,Morning,51,0,726.8,102,99.2,8,Completed,DOCK-6,5,7
2026-04-26 13:00:00,OP012,Camille Michel,B,Morning,50,0,431.4,50,96.44,6,Delayed,DOCK-4,3,4
2026-04-26 13:00:00,OP019,Noah Lambert,D,Morning,50,0,614.2,100,98.49,2,Completed,DOCK-3,6,10
2026-04-26 13:00:00,OP005,Louis Robert,E,Morning,52,1,460.8,156,99.31,7,Completed,DOCK-5,8,8
2026-04-26 13:00:00,OP011,Adam Simon,A,Morning,53,0,556.3,106,98.25,3,Completed,DOCK-3,4,9
2026-04-26 13:00:00,OP003,Hugo Dubois,C,Morning,54,0,551.6,108,97.17,5,Cancelled,DOCK-3,10,8
2026-04-26 13:00:00,OP010,Sarah Laurent,E,Morning,50,1,681.6,50,98.75,1,Completed,DOCK-2,3,8
2026-04-26 13:00:00,OP004,Chloe Thomas,D,Morning,59,0,822.5,177,99.42,4,Delayed,DOCK-4,11,10
2026-04-26 13:00:00,OP007,Nathan Petit,B,Morning,56,0,714.5,168,98.07,4,Completed,DOCK-7,9,7
2026-04-26 13:00:00,OP008,Lea Durand,C,Morning,50,0,581.5,50,99.36,6,Delayed,DOCK-8,7,1
2026-04-26 14:00:00,OP004,Chloe Thomas,D,Afternoon,54,0,675.6,108,99.47,3,Completed,DOCK-4,0,8
2026-04-26 14:00:00,OP013,Raphael Lefebvre,C,Afternoon,20,0,213.8,60,95.63,4,Completed,DOCK-5,8,10
2026-04-26 14:00:00,OP014,Ines Leroy,D,Afternoon,45,2,632.3,90,97.09,7,Completed,DOCK-6,1,2
2026-04-26 14:00:00,OP019,Noah Lambert,D,Afternoon,47,0,524.0,94,98.67,2,Completed,DOCK-3,6,3
2026-04-26 14:00:00,OP012,Camille Michel,B,Afternoon,40,0,551.2,80,97.93,3,Completed,DOCK-4,9,11
2026-04-26 14:00:00,OP010,Sarah Laurent,E,Afternoon,59,2,763.1,59,97.89,5,Completed,DOCK-2,7,10
2026-04-26 14:00:00,OP009,Jules Moreau,D,Afternoon,42,0,431.3,84,99.5,5,Completed,DOCK-1,4,0
2026-04-26 14:00:00,OP005,Louis Robert,E,Afternoon,40,2,483.0,120,99.21,1,Completed,DOCK-5,5,10
2026-04-26 14:00:00,OP020,Mila Faure,E,Afternoon,41,1,556.3,82,96.97,2,Completed,DOCK-4,8,11
2026-04-26 14:00:00,OP015,Tom Roux,E,Afternoon,48,0,691.7,144,98.17,4,Completed,DOCK-7,7,8
2026-04-26 15:00:00,OP013,Raphael Lefebvre,C,Afternoon,50,0,479.5,150,99.0,3,Completed,DOCK-5,0,6
2026-04-26 15:00:00,OP020,Mila Faure,E,Afternoon,40,1,431.1,80,97.97,3,Completed,DOCK-4,4,8
2026-04-26 15:00:00,OP008,Lea Durand,C,Afternoon,54,0,710.0,162,98.32,8,Completed,DOCK-8,6,11
2026-04-26 15:00:00,OP010,Sarah Laurent,E,Afternoon,53,0,635.9,159,97.94,2,Completed,DOCK-2,4,8
2026-04-26 15:00:00,OP001,Lucas Martin,A,Afternoon,40,0,569.3,120,96.97,2,Completed,DOCK-1,3,7
2026-04-26 15:00:00,OP016,Jade Fournier,A,Afternoon,51,0,713.0,102,98.1,3,Completed,DOCK-8,4,5
2026-04-26 15:00:00,OP015,Tom Roux,E,Afternoon,54,0,758.9,162,98.51,6,Completed,DOCK-7,8,11
2026-04-26 15:00:00,OP012,Camille Michel,B,Afternoon,44,2,537.0,88,98.58,3,Completed,DOCK-4,3,7
2026-04-26 15:00:00,OP002,Emma Bernard,B,Afternoon,51,1,527.7,102,99.66,5,Completed,DOCK-2,1,10
2026-04-26 15:00:00,OP018,Lina Bonnet,C,Afternoon,52,0,729.9,104,98.84,2,Completed,DOCK-2,10,10
2026-04-26 15:00:00,OP019,Noah Lambert,D,Afternoon,54,0,465.0,162,98.78,2,Completed,DOCK-3,1,10
2026-04-26 16:00:00,OP017,Liam Girard,B,Afternoon,46,0,469.9,138,96.84,2,Completed,DOCK-1,10,5
2026-04-26 16:00:00,OP011,Adam Simon,A,Afternoon,47,1,401.3,141,97.92,3,Completed,DOCK-3,10,6
2026-04-26 16:00:00,OP019,Noah Lambert,D,Afternoon,51,0,614.3,153,98.41,2,Completed,DOCK-3,1,7
2026-04-26 16:00:00,OP009,Jules Moreau,D,Afternoon,42,2,489.7,84,97.68,5,Completed,DOCK-1,1,6
2026-04-26 16:00:00,OP004,Chloe Thomas,D,Afternoon,52,0,483.0,104,98.69,7,Completed,DOCK-4,10,7
2026-04-26 16:00:00,OP010,Sarah Laurent,E,Afternoon,57,0,621.7,57,96.13,3,Completed,DOCK-2,4,9
2026-04-26 16:00:00,OP003,Hugo Dubois,C,Afternoon,44,0,568.6,132,97.94,2,Completed,DOCK-3,1,6
2026-04-26 16:00:00,OP012,Camille Michel,B,Afternoon,40,0,485.4,120,97.41,1,Completed,DOCK-4,9,1
2026-04-26 16:00:00,OP013,Raphael Lefebvre,C,Afternoon,40,0,372.2,40,96.97,2,Completed,DOCK-5,9,1
2026-04-26 16:00:00,OP008,Lea Durand,C,Afternoon,50,0,662.7,150,97.9,2,Completed,DOCK-8,3,1
2026-04-26 16:00:00,OP005,Louis Robert,E,Afternoon,46,0,623.8,138,98.58,3,Completed,DOCK-5,5,0
2026-04-26 16:00:00,OP018,Lina Bonnet,C,Afternoon,55,0,601.5,165,98.38,6,Completed,DOCK-2,0,4
2026-04-26 16:00:00,OP001,Lucas Martin,A,Afternoon,46,0,582.2,138,96.13,4,Completed,DOCK-1,10,11
2026-04-26 16:00:00,OP002,Emma Bernard,B,Afternoon,52,0,687.0,156,98.03,8,Completed,DOCK-2,6,0
2026-04-26 17:00:00,OP006,Manon Richard,A,Afternoon,40,0,489.1,120,97.25,4,Completed,DOCK-6,7,1
2026-04-26 17:00:00,OP011,Adam Simon,A,Afternoon,48,1,625.7,144,97.04,3,Completed,DOCK-3,4,10
2026-04-26 17:00:00,OP019,Noah Lambert,D,Afternoon,45,0,624.3,90,99.45,6,Completed,DOCK-3,2,8
2026-04-26 17:00:00,OP018,Lina Bonnet,C,Afternoon,59,2,854.0,177,97.6,1,Completed,DOCK-2,3,0
2026-04-26 17:00:00,OP008,Lea Durand,C,Afternoon,41,2,570.8,41,97.84,2,Completed,DOCK-8,6,10
2026-04-26 17:00:00,OP017,Liam Girard,B,Afternoon,44,0,396.9,44,98.2,4,Completed,DOCK-1,3,0
2026-04-26 17:00:00,OP003,Hugo Dubois,C,Afternoon,45,1,534.3,45,97.53,5,Completed,DOCK-3,0,5
2026-04-26 17:00:00,OP015,Tom Roux,E,Afternoon,56,0,555.7,112,97.93,2,Completed,DOCK-7,8,4
2026-04-26 17:00:00,OP012,Camille Michel,B,Afternoon,40,0,562.7,40,97.98,8,Delayed,DOCK-4,10,11
2026-04-26 17:00:00,OP020,Mila Faure,E,Afternoon,40,0,405.4,40,98.46,6,Completed,DOCK-4,9,10
2026-04-26 17:00:00,OP010,Sarah Laurent,E,Afternoon,46,0,647.7,92,98.9,6,Completed,DOCK-2,8,10
2026-04-26 17:00:00,OP004,Chloe Thomas,D,Afternoon,47,1,492.6,94,99.04,5,Completed,DOCK-4,10,8
2026-04-26 17:00:00,OP014,Ines Leroy,D,Afternoon,45,1,453.9,90,98.14,3,Completed,DOCK-6,7,2
2026-04-26 18:00:00,OP020,Mila Faure,E,Afternoon,41,0,414.0,123,98.64,2,Completed,DOCK-4,8,0
2026-04-26 18:00:00,OP008,Lea Durand,C,Afternoon,42,0,414.5,42,96.47,4,Completed,DOCK-8,4,3
2026-04-26 18:00:00,OP011,Adam Simon,A,Afternoon,40,0,530.7,80,97.42,1,Completed,DOCK-3,9,5
2026-04-26 18:00:00,OP012,Camille Michel,B,Afternoon,40,1,472.1,120,98.43,3,Completed,DOCK-4,8,8
2026-04-26 18:00:00,OP005,Louis Robert,E,Afternoon,50,1,443.7,50,97.84,5,Completed,DOCK-5,3,3
2026-04-26 18:00:00,OP019,Noah Lambert,D,Afternoon,48,2,538.7,96,98.21,8,Delayed,DOCK-3,5,0
2026-04-26 18:00:00,OP010,Sarah Laurent,E,Afternoon,50,0,703.1,50,98.26,1,Completed,DOCK-2,10,3
2026-04-26 18:00:00,OP013,Raphael Lefebvre,C,Afternoon,54,1,696.2,108,98.16,5,Completed,DOCK-5,11,0
2026-04-26 18:00:00,OP009,Jules Moreau,D,Afternoon,41,0,494.1,41,98.15,2,Completed,DOCK-1,9,1
2026-04-26 18:00:00,OP003,Hugo Dubois,C,Afternoon,53,0,668.4,53,97.28,4,Completed,DOCK-3,1,1
2026-04-26 18:00:00,OP002,Emma Bernard,B,Afternoon,53,1,587.6,53,96.66,5,Completed,DOCK-2,7,9
2026-04-26 18:00:00,OP017,Liam Girard,B,Afternoon,42,3,511.7,84,98.6,4,Completed,DOCK-1,5,10
2026-04-26 18:00:00,OP007,Nathan Petit,B,Afternoon,48,1,641.5,48,98.03,7,Completed,DOCK-7,6,4
2026-04-26 19:00:00,OP017,Liam Girard,B,Afternoon,44,1,528.5,88,98.3,7,Completed,DOCK-1,4,6
2026-04-26 19:00:00,OP019,Noah Lambert,D,Afternoon,53,1,743.7,53,98.2,5,Completed,DOCK-3,1,11
2026-04-26 19:00:00,OP012,Camille Michel,B,Afternoon,23,0,200.4,69,98.14,1,Completed,DOCK-4,0,6
2026-04-26 19:00:00,OP018,Lina Bonnet,C,Afternoon,40,0,385.7,120,97.65,5,Completed,DOCK-2,5,8
2026-04-26 19:00:00,OP009,Jules Moreau,D,Afternoon,40,0,510.7,40,96.48,2,Completed,DOCK-1,4,7
2026-04-26 19:00:00,OP005,Louis Robert,E,Afternoon,42,0,605.9,84,97.63,1,Completed,DOCK-5,9,2
2026-04-26 19:00:00,OP011,Adam Simon,A,Afternoon,47,0,563.2,141,97.79,7,Delayed,DOCK-3,9,11
2026-04-26 19:00:00,OP010,Sarah Laurent,E,Afternoon,52,0,729.1,156,98.32,3,Completed,DOCK-2,4,5
2026-04-26 19:00:00,OP014,Ines Leroy,D,Afternoon,48,1,583.7,96,96.74,4,Completed,DOCK-6,8,8
2026-04-26 19:00:00,OP003,Hugo Dubois,C,Afternoon,42,1,591.0,84,96.51,1,Completed,DOCK-3,9,2
2026-04-26 19:00:00,OP016,Jade Fournier,A,Afternoon,47,0,496.8,141,98.69,5,Completed,DOCK-8,1,6
2026-04-26 19:00:00,OP015,Tom Roux,E,Afternoon,49,0,578.8,98,98.27,6,Completed,DOCK-7,10,11
2026-04-26 19:00:00,OP001,Lucas Martin,A,Afternoon,41,0,419.4,123,97.36,2,Completed,DOCK-1,1,6
2026-04-26 20:00:00,OP001,Lucas Martin,A,Afternoon,45,0,562.1,45,99.21,4,Completed,DOCK-1,10,8
2026-04-26 20:00:00,OP003,Hugo Dubois,C,Afternoon,40,0,561.9,80,97.24,1,Completed,DOCK-3,3,2
2026-04-26 20:00:00,OP020,Mila Faure,E,Afternoon,40,0,394.0,40,97.1,5,Cancelled,DOCK-4,5,2
2026-04-26 20:00:00,OP004,Chloe Thomas,D,Afternoon,47,0,489.2,94,98.83,4,Completed,DOCK-4,10,1
2026-04-26 20:00:00,OP019,Noah Lambert,D,Afternoon,44,0,380.6,88,96.51,1,Completed,DOCK-3,3,7
2026-04-26 20:00:00,OP012,Camille Michel,B,Afternoon,40,0,554.7,80,97.92,3,Delayed,DOCK-4,0,1
2026-04-26 20:00:00,OP014,Ines Leroy,D,Afternoon,40,1,538.4,40,98.49,5,Completed,DOCK-6,6,3
2026-04-26 20:00:00,OP005,Louis Robert,E,Afternoon,43,1,616.7,86,97.22,4,Cancelled,DOCK-5,7,11
2026-04-26 20:00:00,OP002,Emma Bernard,B,Afternoon,46,0,421.9,138,97.31,6,Completed,DOCK-2,0,0
2026-04-26 20:00:00,OP015,Tom Roux,E,Afternoon,45,1,477.9,45,97.13,5,Completed,DOCK-7,8,0
2026-04-26 20:00:00,OP011,Adam Simon,A,Afternoon,43,0,466.4,129,97.35,5,Completed,DOCK-3,11,1
2026-04-26 20:00:00,OP008,Lea Durand,C,Afternoon,45,0,535.6,135,97.67,3,Completed,DOCK-8,11,3
2026-04-26 21:00:00,OP014,Ines Leroy,D,Afternoon,47,0,446.0,141,97.91,2,Completed,DOCK-6,6,8
2026-04-26 21:00:00,OP019,Noah Lambert,D,Afternoon,47,1,546.5,47,98.38,1,Completed,DOCK-3,11,11
2026-04-26 21:00:00,OP011,Adam Simon,A,Afternoon,41,0,432.0,82,97.88,1,Completed,DOCK-3,2,0
2026-04-26 21:00:00,OP020,Mila Faure,E,Afternoon,47,0,415.9,141,97.83,3,Cancelled,DOCK-4,10,0
2026-04-26 21:00:00,OP009,Jules Moreau,D,Afternoon,40,0,416.5,80,97.58,5,Completed,DOCK-1,6,8
2026-04-26 21:00:00,OP002,Emma Bernard,B,Afternoon,52,0,462.0,52,96.41,3,Completed,DOCK-2,3,8
2026-04-26 21:00:00,OP010,Sarah Laurent,E,Afternoon,42,0,423.6,126,98.41,4,Completed,DOCK-2,4,6
2026-04-26 21:00:00,OP012,Camille Michel,B,Afternoon,45,2,621.8,90,97.25,5,Completed,DOCK-4,11,9
2026-04-26 21:00:00,OP005,Louis Robert,E,Afternoon,50,0,465.7,50,96.25,5,Completed,DOCK-5,8,4
2026-04-26 22:00:00,OP012,Camille Michel,B,Night,36,1,380.0,36,96.72,3,Completed,DOCK-4,4,11
2026-04-26 22:00:00,OP005,Louis Robert,E,Night,36,0,383.0,72,98.95,1,Completed,DOCK-5,4,0
2026-04-26 22:00:00,OP008,Lea Durand,C,Night,34,0,323.1,102,98.24,2,Completed,DOCK-8,6,1
2026-04-26 22:00:00,OP015,Tom Roux,E,Night,33,0,309.3,66,97.73,3,Completed,DOCK-7,5,5
2026-04-26 22:00:00,OP011,Adam Simon,A,Night,33,0,413.6,99,97.65,2,Completed,DOCK-3,7,5
2026-04-26 22:00:00,OP010,Sarah Laurent,E,Night,38,1,477.0,114,98.42,1,Completed,DOCK-2,4,5
2026-04-26 22:00:00,OP006,Manon Richard,A,Night,34,1,472.6,68,98.18,4,Delayed,DOCK-6,9,9
2026-04-26 22:00:00,OP001,Lucas Martin,A,Night,32,0,325.0,64,98.57,1,Completed,DOCK-1,5,3
2026-04-26 22:00:00,OP017,Liam Girard,B,Night,26,0,284.3,26,96.57,5,Completed,DOCK-1,11,11
2026-04-26 23:00:00,OP019,Noah Lambert,D,Night,28,0,379.1,28,98.47,1,Completed,DOCK-3,3,6
2026-04-26 23:00:00,OP007,Nathan Petit,B,Night,46,0,596.0,138,97.79,3,Completed,DOCK-7,11,2
2026-04-26 23:00:00,OP006,Manon Richard,A,Night,28,1,289.4,56,98.65,4,Completed,DOCK-6,9,7
2026-04-26 23:00:00,OP016,Jade Fournier,A,Night,29,0,275.6,87,99.52,1,Completed,DOCK-8,3,5
2026-04-26 23:00:00,OP003,Hugo Dubois,C,Night,36,2,309.7,108,98.42,2,Completed,DOCK-3,2,6
2026-04-26 23:00:00,OP015,Tom Roux,E,Night,39,1,430.7,78,97.97,1,Completed,DOCK-7,6,5
2026-04-26 23:00:00,OP002,Emma Bernard,B,Night,39,0,431.3,39,97.47,4,Completed,DOCK-2,11,2
2026-04-26 23:00:00,OP004,Chloe Thomas,D,Night,32,0,339.0,32,98.37,3,Completed,DOCK-4,0,2
2026-04-26 23:00:00,OP001,Lucas Martin,A,Night,29,1,386.3,87,97.62,2,Delayed,DOCK-1,11,9
2026-04-27 00:00:00,OP001,Lucas Martin,A,Night,27,0,243.5,81,97.9,1,Completed,DOCK-1,2,10
2026-04-27 00:00:00,OP002,Emma Bernard,B,Night,45,0,531.3,135,96.93,3,Completed,DOCK-2,10,10
2026-04-27 00:00:00,OP007,Nathan Petit,B,Night,45,0,637.6,45,96.94,6,Delayed,DOCK-7,4,4
2026-04-27 00:00:00,OP010,Sarah Laurent,E,Night,49,0,432.9,98,98.46,3,Completed,DOCK-2,3,7
2026-04-27 00:00:00,OP012,Camille Michel,B,Night,30,0,316.2,60,96.69,4,Completed,DOCK-4,2,1
2026-04-27 00:00:00,OP016,Jade Fournier,A,Night,42,1,447.6,42,98.56,4,Completed,DOCK-8,2,0
2026-04-27 00:00:00,OP003,Hugo Dubois,C,Night,35,0,463.3,105,97.83,5,Completed,DOCK-3,11,1
2026-04-27 00:00:00,OP004,Chloe Thomas,D,Night,53,1,534.9,159,99.9,4,Completed,DOCK-4,4,4
2026-04-27 00:00:00,OP018,Lina Bonnet,C,Night,46,0,545.2,138,98.23,1,Completed,DOCK-2,5,7
2026-04-27 00:00:00,OP015,Tom Roux,E,Night,42,0,473.6,42,98.59,4,Completed,DOCK-7,1,10
2026-04-27 00:00:00,OP005,Louis Robert,E,Night,47,2,559.5,141,98.48,5,Completed,DOCK-5,1,0
2026-04-27 00:00:00,OP013,Raphael Lefebvre,C,Night,38,0,427.1,38,99.12,3,Completed,DOCK-5,7,8
2026-04-27 00:00:00,OP009,Jules Moreau,D,Night,32,0,296.6,64,99.27,3,Completed,DOCK-1,8,4
2026-04-27 01:00:00,OP009,Jules Moreau,D,Night,31,0,280.3,31,96.83,6,Completed,DOCK-1,3,4
2026-04-27 01:00:00,OP018,Lina Bonnet,C,Night,49,1,625.9,49,96.96,2,Completed,DOCK-2,1,9
2026-04-27 01:00:00,OP017,Liam Girard,B,Night,34,0,316.7,34,99.38,2,Completed,DOCK-1,7,0
2026-04-27 01:00:00,OP015,Tom Roux,E,Night,44,0,625.5,88,98.42,9,Completed,DOCK-7,1,3
2026-04-27 01:00:00,OP016,Jade Fournier,A,Night,45,3,385.2,45,98.03,6,Completed,DOCK-8,10,2
2026-04-27 01:00:00,OP002,Emma Bernard,B,Night,43,1,520.3,86,98.57,4,Completed,DOCK-2,5,6
2026-04-27 01:00:00,OP010,Sarah Laurent,E,Night,41,0,482.0,123,98.62,5,Completed,DOCK-2,1,2
2026-04-27 01:00:00,OP003,Hugo Dubois,C,Night,36,0,453.7,36,98.31,2,Completed,DOCK-3,2,0
2026-04-27 01:00:00,OP014,Ines Leroy,D,Night,30,1,426.4,30,99.9,5,Completed,DOCK-6,8,2
2026-04-27 01:00:00,OP008,Lea Durand,C,Night,38,0,398.1,38,96.43,4,Completed,DOCK-8,1,10
2026-04-27 01:00:00,OP006,Manon Richard,A,Night,39,1,372.0,78,98.22,1,Completed,DOCK-6,0,3
2026-04-27 01:00:00,OP007,Nathan Petit,B,Night,34,0,340.3,34,96.08,5,Completed,DOCK-7,0,10
2026-04-27 02:00:00,OP019,Noah Lambert,D,Night,34,0,427.3,68,97.59,1,Completed,DOCK-3,10,11
2026-04-27 02:00:00,OP004,Chloe Thomas,D,Night,43,3,411.3,129,98.05,2,Completed,DOCK-4,11,4
2026-04-27 02:00:00,OP011,Adam Simon,A,Night,36,0,376.6,36,99.15,2,Cancelled,DOCK-3,9,3
2026-04-27 02:00:00,OP014,Ines Leroy,D,Night,37,1,437.4,37,96.5,2,Completed,DOCK-6,2,9
2026-04-27 02:00:00,OP010,Sarah Laurent,E,Night,43,0,613.6,86,98.17,3,Delayed,DOCK-2,10,10
2026-04-27 02:00:00,OP016,Jade Fournier,A,Night,25,0,275.0,25,98.1,4,Completed,DOCK-8,6,6
2026-04-27 02:00:00,OP009,Jules Moreau,D,Night,39,0,420.2,117,97.74,4,Completed,DOCK-1,8,10
2026-04-27 02:00:00,OP006,Manon Richard,A,Night,34,0,400.9,34,97.58,3,Completed,DOCK-6,9,5
2026-04-27 02:00:00,OP001,Lucas Martin,A,Night,46,0,421.8,138,97.6,1,Completed,DOCK-1,5,6
2026-04-27 02:00:00,OP020,Mila Faure,E,Night,36,0,488.4,72,98.33,2,Completed,DOCK-4,2,11
2026-04-27 02:00:00,OP013,Raphael Lefebvre,C,Night,34,0,392.6,34,99.83,3,Completed,DOCK-5,1,11
2026-04-27 02:00:00,OP003,Hugo Dubois,C,Night,44,1,606.6,132,99.28,5,Delayed,DOCK-3,4,8
2026-04-27 02:00:00,OP015,Tom Roux,E,Night,44,1,532.0,88,99.04,8,Delayed,DOCK-7,2,11
2026-04-27 02:00:00,OP005,Louis Robert,E,Night,37,1,428.9,37,97.67,3,Completed,DOCK-5,2,8
2026-04-27 03:00:00,OP016,Jade Fournier,A,Night,39,1,388.8,117,98.07,5,Completed,DOCK-8,2,5
2026-04-27 03:00:00,OP003,Hugo Dubois,C,Night,36,0,426.3,72,97.57,1,Completed,DOCK-3,10,4
2026-04-27 03:00:00,OP002,Emma Bernard,B,Night,40,0,573.0,80,97.82,2,Cancelled,DOCK-2,6,0
2026-04-27 03:00:00,OP013,Raphael Lefebvre,C,Night,39,1,554.1,39,99.31,2,Delayed,DOCK-5,11,8
2026-04-27 03:00:00,OP006,Manon Richard,A,Night,47,0,440.5,47,97.34,3,Completed,DOCK-6,11,4
2026-04-27 03:00:00,OP014,Ines Leroy,D,Night,43,2,418.6,86,97.81,4,Completed,DOCK-6,0,4
2026-04-27 03:00:00,OP019,Noah Lambert,D,Night,41,0,525.7,41,98.73,3,Completed,DOCK-3,7,2
2026-04-27 03:00:00,OP007,Nathan Petit,B,Night,40,0,462.4,120,98.11,1,Completed,DOCK-7,4,8
2026-04-27 03:00:00,OP011,Adam Simon,A,Night,30,0,314.3,90,97.61,3,Delayed,DOCK-3,7,11
2026-04-27 03:00:00,OP008,Lea Durand,C,Night,47,0,619.1,47,97.87,3,Completed,DOCK-8,7,4
2026-04-27 03:00:00,OP020,Mila Faure,E,Night,40,2,405.4,80,98.61,3,Completed,DOCK-4,1,8
2026-04-27 04:00:00,OP007,Nathan Petit,B,Night,49,2,582.9,98,98.2,2,Completed,DOCK-7,11,9
2026-04-27 04:00:00,OP010,Sarah Laurent,E,Night,40,0,491.0,80,96.62,7,Completed,DOCK-2,4,1
2026-04-27 04:00:00,OP014,Ines Leroy,D,Night,35,2,305.6,35,99.11,9,Completed,DOCK-6,5,9
2026-04-27 04:00:00,OP011,Adam Simon,A,Night,29,0,387.4,29,98.93,3,Completed,DOCK-3,7,11
2026-04-27 04:00:00,OP018,Lina Bonnet,C,Night,45,0,618.6,90,98.37,5,Completed,DOCK-2,0,3
2026-04-27 04:00:00,OP006,Manon Richard,A,Night,37,0,407.1,111,98.58,3,Completed,DOCK-6,5,0
2026-04-27 04:00:00,OP016,Jade Fournier,A,Night,41,0,446.6,82,98.71,4,Completed,DOCK-8,6,8
2026-04-27 04:00:00,OP019,Noah Lambert,D,Night,41,2,458.6,41,98.19,1,Completed,DOCK-3,7,5
2026-04-27 04:00:00,OP012,Camille Michel,B,Night,35,0,351.6,105,99.07,3,Completed,DOCK-4,2,5
2026-04-27 05:00:00,OP009,Jules Moreau,D,Night,33,0,428.7,99,98.05,1,Completed,DOCK-1,10,8
2026-04-27 05:00:00,OP020,Mila Faure,E,Night,36,0,477.4,72,98.21,2,Completed,DOCK-4,1,8
2026-04-27 05:00:00,OP013,Raphael Lefebvre,C,Night,42,0,375.0,84,97.8,3,Completed,DOCK-5,10,8
2026-04-27 05:00:00,OP010,Sarah Laurent,E,Night,37,0,343.9,74,97.81,6,Completed,DOCK-2,5,9
2026-04-27 05:00:00,OP008,Lea Durand,C,Night,42,0,401.1,42,97.41,3,Completed,DOCK-8,9,2
2026-04-27 05:00:00,OP017,Liam Girard,B,Night,28,0,301.4,56,96.88,2,Delayed,DOCK-1,2,6
2026-04-27 05:00:00,OP002,Emma Bernard,B,Night,33,0,438.7,66,98.11,5,Completed,DOCK-2,9,1
2026-04-27 05:00:00,OP011,Adam Simon,A,Night,39,1,524.1,39,97.63,1,Completed,DOCK-3,11,5
2026-04-27 05:00:00,OP006,Manon Richard,A,Night,35,0,464.4,70,96.61,3,Completed,DOCK-6,8,10
2026-04-27 05:00:00,OP019,Noah Lambert,D,Night,32,0,279.6,64,98.55,4,Delayed,DOCK-3,0,2
2026-04-27 05:00:00,OP012,Camille Michel,B,Night,32,2,340.7,32,97.03,4,Completed,DOCK-4,7,7
2026-04-27 05:00:00,OP015,Tom Roux,E,Night,46,1,548.1,138,97.57,1,Completed,DOCK-7,1,7
2026-04-27 05:00:00,OP004,Chloe Thomas,D,Night,49,0,584.5,147,99.14,5,Completed,DOCK-4,5,2
2026-04-27 05:00:00,OP018,Lina Bonnet,C,Night,44,0,405.5,88,98.5,6,Completed,DOCK-2,3,9
2026-04-27 05:00:00,OP003,Hugo Dubois,C,Night,39,2,560.3,78,98.0,5,Completed,DOCK-3,3,7
2026-04-27 06:00:00,OP014,Ines Leroy,D,Morning,61,1,552.8,61,97.34,3,Completed,DOCK-6,8,8
2026-04-27 06:00:00,OP008,Lea Durand,C,Morning,69,1,696.1,207,97.89,4,Completed,DOCK-8,9,11
2026-04-27 06:00:00,OP003,Hugo Dubois,C,Morning,66,0,791.5,66,98.33,5,Completed,DOCK-3,3,2
2026-04-27 06:00:00,OP012,Camille Michel,B,Morning,61,1,763.6,61,98.04,8,Completed,DOCK-4,7,9
2026-04-27 06:00:00,OP018,Lina Bonnet,C,Morning,74,0,850.9,222,97.73,8,Completed,DOCK-2,0,0
2026-04-27 06:00:00,OP016,Jade Fournier,A,Morning,81,1,774.0,243,98.45,8,Completed,DOCK-8,5,3
2026-04-27 06:00:00,OP011,Adam Simon,A,Morning,68,0,876.6,204,98.42,2,Completed,DOCK-3,8,4
2026-04-27 06:00:00,OP015,Tom Roux,E,Morning,83,1,1149.3,166,98.92,5,Completed,DOCK-7,11,5
2026-04-27 06:00:00,OP010,Sarah Laurent,E,Morning,64,1,789.7,192,98.62,8,Completed,DOCK-2,2,2
2026-04-27 06:00:00,OP007,Nathan Petit,B,Morning,78,2,909.9,156,97.58,11,Completed,DOCK-7,8,3
2026-04-27 07:00:00,OP020,Mila Faure,E,Morning,66,3,642.4,66,97.06,2,Completed,DOCK-4,6,3
2026-04-27 07:00:00,OP013,Raphael Lefebvre,C,Morning,73,1,622.4,73,97.76,6,Completed,DOCK-5,0,8
2026-04-27 07:00:00,OP004,Chloe Thomas,D,Morning,83,0,986.7,83,98.79,4,Completed,DOCK-4,7,10
2026-04-27 07:00:00,OP017,Liam Girard,B,Morning,58,0,603.0,116,96.03,5,Completed,DOCK-1,5,0
2026-04-27 07:00:00,OP005,Louis Robert,E,Morning,69,1,637.4,138,99.29,6,Completed,DOCK-5,0,9
2026-04-27 07:00:00,OP010,Sarah Laurent,E,Morning,70,0,972.8,140,97.61,5,Completed,DOCK-2,11,6
2026-04-27 07:00:00,OP006,Manon Richard,A,Morning,58,1,685.2,174,97.11,7,Completed,DOCK-6,10,11
2026-04-27 07:00:00,OP007,Nathan Petit,B,Morning,81,0,724.4,81,97.63,9,Completed,DOCK-7,4,10
2026-04-27 07:00:00,OP014,Ines Leroy,D,Morning,68,0,942.0,68,98.26,4,Completed,DOCK-6,1,6
2026-04-27 07:00:00,OP016,Jade Fournier,A,Morning,72,2,633.3,216,98.65,7,Completed,DOCK-8,1,4
2026-04-27 07:00:00,OP003,Hugo Dubois,C,Morning,75,1,866.1,150,99.04,4,Completed,DOCK-3,11,3
2026-04-27 08:00:00,OP004,Chloe Thomas,D,Morning,82,0,1007.8,82,97.8,8,Completed,DOCK-4,7,5
2026-04-27 08:00:00,OP002,Emma Bernard,B,Morning,69,0,733.0,69,98.92,7,Cancelled,DOCK-2,8,1
2026-04-27 08:00:00,OP017,Liam Girard,B,Morning,65,0,819.5,65,97.71,6,Completed,DOCK-1,1,8
2026-04-27 08:00:00,OP006,Manon Richard,A,Morning,62,1,870.3,62,98.01,5,Delayed,DOCK-6,0,2
2026-04-27 08:00:00,OP005,Louis Robert,E,Morning,71,2,754.6,71,99.59,9,Completed,DOCK-5,3,0
2026-04-27 08:00:00,OP015,Tom Roux,E,Morning,81,0,929.1,81,97.81,7,Completed,DOCK-7,5,11
2026-04-27 08:00:00,OP016,Jade Fournier,A,Morning,69,0,973.0,207,97.93,9,Completed,DOCK-8,6,5
2026-04-27 08:00:00,OP018,Lina Bonnet,C,Morning,70,3,689.1,140,99.43,7,Completed,DOCK-2,11,6
2026-04-27 08:00:00,OP009,Jules Moreau,D,Morning,72,1,827.3,72,97.86,6,Completed,DOCK-1,0,2
2026-04-27 08:00:00,OP010,Sarah Laurent,E,Morning,69,0,640.9,69,97.18,8,Completed,DOCK-2,10,5
2026-04-27 08:00:00,OP014,Ines Leroy,D,Morning,71,0,636.4,71,98.14,12,Cancelled,DOCK-6,10,2
2026-04-27 08:00:00,OP011,Adam Simon,A,Morning,69,0,751.5,69,97.98,7,Cancelled,DOCK-3,9,7
2026-04-27 08:00:00,OP007,Nathan Petit,B,Morning,77,1,1046.4,77,98.58,4,Completed,DOCK-7,9,1
2026-04-27 08:00:00,OP012,Camille Michel,B,Morning,64,0,903.5,192,97.34,5,Completed,DOCK-4,6,6
2026-04-27 08:00:00,OP008,Lea Durand,C,Morning,62,1,780.7,186,99.24,5,Completed,DOCK-8,4,10
2026-04-27 09:00:00,OP009,Jules Moreau,D,Morning,56,1,709.3,112,97.44,5,Completed,DOCK-1,4,5
2026-04-27 09:00:00,OP018,Lina Bonnet,C,Morning,75,0,1036.1,75,99.59,8,Completed,DOCK-2,4,5
2026-04-27 09:00:00,OP006,Manon Richard,A,Morning,25,1,226.1,25,97.59,1,Completed,DOCK-6,7,3
2026-04-27 09:00:00,OP019,Noah Lambert,D,Morning,67,0,712.9,201,97.04,10,Completed,DOCK-3,2,1
2026-04-27 09:00:00,OP008,Lea Durand,C,Morning,76,2,1057.8,228,97.99,5,Completed,DOCK-8,1,4
2026-04-27 09:00:00,OP005,Louis Robert,E,Morning,64,1,663.2,192,98.01,2,Completed,DOCK-5,8,7
2026-04-27 09:00:00,OP012,Camille Michel,B,Morning,58,1,703.2,174,97.09,4,Completed,DOCK-4,7,5
2026-04-27 09:00:00,OP011,Adam Simon,A,Morning,71,0,689.8,213,97.2,11,Completed,DOCK-3,3,10
2026-04-27 09:00:00,OP002,Emma Bernard,B,Morning,73,0,628.9,73,98.92,8,Completed,DOCK-2,11,0
2026-04-27 09:00:00,OP015,Tom Roux,E,Morning,70,0,955.8,210,98.69,6,Completed,DOCK-7,9,9
2026-04-27 09:00:00,OP007,Nathan Petit,B,Morning,72,3,847.7,144,98.22,7,Completed,DOCK-7,10,4
2026-04-27 09:00:00,OP010,Sarah Laurent,E,Morning,66,2,867.9,132,99.9,2,Completed,DOCK-2,3,11
2026-04-27 09:00:00,OP003,Hugo Dubois,C,Morning,65,1,600.9,130,98.09,4,Completed,DOCK-3,5,3
2026-04-27 09:00:00,OP004,Chloe Thomas,D,Morning,75,0,976.9,225,97.57,5,Completed,DOCK-4,2,10
2026-04-27 09:00:00,OP017,Liam Girard,B,Morning,65,0,882.8,195,97.1,6,Delayed,DOCK-1,3,11
2026-04-27 10:00:00,OP012,Camille Michel,B,Morning,64,0,628.4,192,97.83,6,Delayed,DOCK-4,2,8
2026-04-27 10:00:00,OP006,Manon Richard,A,Morning,25,0,333.4,75,97.23,2,Completed,DOCK-6,10,11
2026-04-27 10:00:00,OP001,Lucas Martin,A,Morning,61,0,834.6,183,98.43,7,Completed,DOCK-1,5,9
2026-04-27 10:00:00,OP016,Jade Fournier,A,Morning,74,2,794.8,148,99.17,5,Completed,DOCK-8,3,6
2026-04-27 10:00:00,OP017,Liam Girard,B,Morning,69,0,757.2,69,98.31,4,Completed,DOCK-1,7,1
2026-04-27 10:00:00,OP011,Adam Simon,A,Morning,70,2,722.8,70,98.41,9,Completed,DOCK-3,1,9
2026-04-27 10:00:00,OP018,Lina Bonnet,C,Morning,70,0,806.4,140,98.91,4,Completed,DOCK-2,1,1
2026-04-27 10:00:00,OP002,Emma Bernard,B,Morning,72,0,976.7,216,97.1,7,Completed,DOCK-2,0,10
2026-04-27 10:00:00,OP009,Jules Moreau,D,Morning,59,1,726.3,118,98.9,1,Completed,DOCK-1,8,9
2026-04-27 11:00:00,OP013,Raphael Lefebvre,C,Morning,63,1,724.1,126,96.68,2,Completed,DOCK-5,2,2
2026-04-27 11:00:00,OP012,Camille Michel,B,Morning,56,0,604.4,168,97.17,5,Delayed,DOCK-4,11,4
2026-04-27 11:00:00,OP014,Ines Leroy,D,Morning,66,2,908.2,132,97.46,7,Completed,DOCK-6,9,1
2026-04-27 11:00:00,OP015,Tom Roux,E,Morning,76,0,835.8,228,98.68,6,Completed,DOCK-7,10,6
2026-04-27 11:00:00,OP008,Lea Durand,C,Morning,63,0,853.3,189,97.75,2,Completed,DOCK-8,1,7
2026-04-27 11:00:00,OP018,Lina Bonnet,C,Morning,71,0,736.6,142,97.09,8,Delayed,DOCK-2,9,1
2026-04-27 11:00:00,OP011,Adam Simon,A,Morning,63,0,828.7,63,97.62,6,Completed,DOCK-3,2,10
2026-04-27 11:00:00,OP016,Jade Fournier,A,Morning,77,1,988.7,231,98.97,7,Completed,DOCK-8,8,10
2026-04-27 11:00:00,OP017,Liam Girard,B,Morning,78,2,713.8,234,97.46,4,Completed,DOCK-1,4,5
2026-04-27 11:00:00,OP009,Jules Moreau,D,Morning,54,1,657.2,54,96.63,3,Completed,DOCK-1,2,11
2026-04-27 11:00:00,OP004,Chloe Thomas,D,Morning,79,2,866.4,158,98.51,3,Completed,DOCK-4,8,4
2026-04-27 11:00:00,OP007,Nathan Petit,B,Morning,77,0,723.5,77,97.97,8,Completed,DOCK-7,9,7
2026-04-27 11:00:00,OP003,Hugo Dubois,C,Morning,58,2,825.4,174,97.97,5,Completed,DOCK-3,9,3
2026-04-27 11:00:00,OP006,Manon Richard,A,Morning,63,0,896.5,189,96.88,4,Completed,DOCK-6,9,1
2026-04-27 12:00:00,OP008,Lea Durand,C,Morning,79,1,970.5,237,98.4,5,Completed,DOCK-8,7,9
2026-04-27 12:00:00,OP018,Lina Bonnet,C,Morning,72,0,936.3,144,99.46,4,Completed,DOCK-2,1,2
2026-04-27 12:00:00,OP016,Jade Fournier,A,Morning,70,1,995.4,70,96.8,7,Cancelled,DOCK-8,4,10
2026-04-27 12:00:00,OP017,Liam Girard,B,Morning,58,2,650.9,174,97.62,5,Completed,DOCK-1,4,10
2026-04-27 12:00:00,OP011,Adam Simon,A,Morning,73,1,1024.2,73,98.65,9,Completed,DOCK-3,11,7
2026-04-27 12:00:00,OP004,Chloe Thomas,D,Morning,74,0,716.2,148,97.07,7,Completed,DOCK-4,6,0
2026-04-27 12:00:00,OP002,Emma Bernard,B,Morning,62,0,744.0,62,97.08,3,Completed,DOCK-2,8,5
2026-04-27 12:00:00,OP006,Manon Richard,A,Morning,59,1,764.4,118,98.67,3,Completed,DOCK-6,8,5
2026-04-27 13:00:00,OP002,Emma Bernard,B,Morning,64,0,748.1,64,99.09,5,Completed,DOCK-2,2,3
2026-04-27 13:00:00,OP009,Jules Moreau,D,Morning,64,0,726.2,128,99.23,4,Completed,DOCK-1,5,10
2026-04-27 13:00:00,OP005,Louis Robert,E,Morning,68,1,690.4,204,98.47,6,Cancelled,DOCK-5,4,10
2026-04-27 13:00:00,OP017,Liam Girard,B,Morning,66,1,771.1,66,98.48,4,Completed,DOCK-1,5,3
2026-04-27 13:00:00,OP007,Nathan Petit,B,Morning,81,0,723.6,243,97.91,5,Completed,DOCK-7,3,2
2026-04-27 13:00:00,OP004,Chloe Thomas,D,Morning,81,3,967.0,81,98.01,10,Completed,DOCK-4,5,6
2026-04-27 13:00:00,OP010,Sarah Laurent,E,Morning,73,0,740.4,146,99.55,8,Completed,DOCK-2,7,9
2026-04-27 13:00:00,OP016,Jade Fournier,A,Morning,65,1,823.6,65,97.89,4,Completed,DOCK-8,6,3
2026-04-27 13:00:00,OP001,Lucas Martin,A,Morning,58,0,517.3,58,98.42,10,Completed,DOCK-1,3,1
2026-04-27 13:00:00,OP011,Adam Simon,A,Morning,66,2,947.4,66,99.28,5,Completed,DOCK-3,9,0
2026-04-27 14:00:00,OP009,Jules Moreau,D,Afternoon,45,0,512.5,45,97.26,8,Completed,DOCK-1,10,8
2026-04-27 14:00:00,OP003,Hugo Dubois,C,Afternoon,64,0,547.8,128,97.17,8,Completed,DOCK-3,5,9
2026-04-27 14:00:00,OP012,Camille Michel,B,Afternoon,43,0,410.0,129,98.03,3,Completed,DOCK-4,7,0
2026-04-27 14:00:00,OP017,Liam Girard,B,Afternoon,50,1,647.1,100,98.34,5,Completed,DOCK-1,1,4
2026-04-27 14:00:00,OP007,Nathan Petit,B,Afternoon,61,0,580.5,122,98.06,5,Cancelled,DOCK-7,7,1
2026-04-27 14:00:00,OP014,Ines Leroy,D,Afternoon,56,1,708.1,112,97.4,3,Delayed,DOCK-6,8,4
2026-04-27 14:00:00,OP001,Lucas Martin,A,Afternoon,61,1,552.6,122,97.0,6,Completed,DOCK-1,7,3
2026-04-27 14:00:00,OP004,Chloe Thomas,D,Afternoon,68,0,806.1,204,97.27,5,Completed,DOCK-4,6,4
2026-04-27 14:00:00,OP002,Emma Bernard,B,Afternoon,58,1,704.4,116,95.62,1,Completed,DOCK-2,8,6
2026-04-27 14:00:00,OP011,Adam Simon,A,Afternoon,57,1,769.6,57,97.7,3,Completed,DOCK-3,4,4
2026-04-27 14:00:00,OP005,Louis Robert,E,Afternoon,64,0,727.6,64,97.71,6,Completed,DOCK-5,5,9
2026-04-27 14:00:00,OP013,Raphael Lefebvre,C,Afternoon,59,0,648.5,177,98.57,2,Completed,DOCK-5,5,9
2026-04-27 14:00:00,OP019,Noah Lambert,D,Afternoon,49,1,474.2,147,98.05,5,Completed,DOCK-3,10,7
2026-04-27 14:00:00,OP016,Jade Fournier,A,Afternoon,49,0,505.2,147,96.67,2,Completed,DOCK-8,9,2
2026-04-27 14:00:00,OP015,Tom Roux,E,Afternoon,68,0,875.2,68,97.5,3,Completed,DOCK-7,6,9
2026-04-27 15:00:00,OP013,Raphael Lefebvre,C,Afternoon,67,1,604.8,201,98.37,4,Delayed,DOCK-5,6,9
2026-04-27 15:00:00,OP001,Lucas Martin,A,Afternoon,52,3,442.8,156,97.81,2,Completed,DOCK-1,6,0
2026-04-27 15:00:00,OP017,Liam Girard,B,Afternoon,60,1,657.3,180,97.65,1,Completed,DOCK-1,5,5
2026-04-27 15:00:00,OP020,Mila Faure,E,Afternoon,54,0,580.6,54,96.72,2,Completed,DOCK-4,1,5
2026-04-27 15:00:00,OP016,Jade Fournier,A,Afternoon,57,1,512.6,57,99.1,5,Completed,DOCK-8,10,11
2026-04-27 15:00:00,OP012,Camille Michel,B,Afternoon,45,0,621.3,135,97.24,3,Cancelled,DOCK-4,4,4
2026-04-27 15:00:00,OP015,Tom Roux,E,Afternoon,59,0,766.8,59,98.45,5,Completed,DOCK-7,8,9
2026-04-27 15:00:00,OP005,Louis Robert,E,Afternoon,53,0,558.5,53,98.93,10,Completed,DOCK-5,3,2
2026-04-27 15:00:00,OP008,Lea Durand,C,Afternoon,65,1,571.9,130,97.89,8,Completed,DOCK-8,3,3
2026-04-27 15:00:00,OP004,Chloe Thomas,D,Afternoon,60,1,559.4,60,99.84,5,Completed,DOCK-4,9,5
2026-04-27 15:00:00,OP009,Jules Moreau,D,Afternoon,50,1,479.3,150,97.44,6,Completed,DOCK-1,2,7
2026-04-27 15:00:00,OP011,Adam Simon,A,Afternoon,57,0,806.3,114,96.91,8,Completed,DOCK-3,0,4
2026-04-27 15:00:00,OP014,Ines Leroy,D,Afternoon,51,0,662.4,153,96.84,7,Completed,DOCK-6,7,6
2026-04-27 15:00:00,OP002,Emma Bernard,B,Afternoon,53,0,546.6,53,97.2,6,Completed,DOCK-2,11,6
2026-04-27 16:00:00,OP009,Jules Moreau,D,Afternoon,48,0,432.8,144,98.52,8,Completed,DOCK-1,10,10
2026-04-27 16:00:00,OP006,Manon Richard,A,Afternoon,53,1,521.2,53,98.09,5,Completed,DOCK-6,7,8
2026-04-27 16:00:00,OP020,Mila Faure,E,Afternoon,54,2,589.0,162,98.65,3,Completed,DOCK-4,6,7
2026-04-27 16:00:00,OP003,Hugo Dubois,C,Afternoon,55,1,563.3,110,98.28,6,Completed,DOCK-3,1,2
2026-04-27 16:00:00,OP010,Sarah Laurent,E,Afternoon,63,0,581.3,63,97.97,4,Completed,DOCK-2,8,1
2026-04-27 16:00:00,OP007,Nathan Petit,B,Afternoon,58,0,788.0,116,98.86,4,Completed,DOCK-7,9,4
2026-04-27 16:00:00,OP011,Adam Simon,A,Afternoon,57,0,715.2,57,98.94,4,Completed,DOCK-3,10,9
2026-04-27 16:00:00,OP018,Lina Bonnet,C,Afternoon,61,1,573.0,122,98.06,5,Delayed,DOCK-2,10,10
2026-04-27 16:00:00,OP016,Jade Fournier,A,Afternoon,66,2,731.4,132,96.7,1,Completed,DOCK-8,7,1
2026-04-27 16:00:00,OP014,Ines Leroy,D,Afternoon,40,0,495.7,80,97.41,5,Completed,DOCK-6,0,10
2026-04-27 16:00:00,OP002,Emma Bernard,B,Afternoon,56,1,721.2,168,99.36,1,Completed,DOCK-2,4,5
2026-04-27 16:00:00,OP001,Lucas Martin,A,Afternoon,51,1,520.3,153,97.35,3,Delayed,DOCK-1,2,8
2026-04-27 16:00:00,OP005,Louis Robert,E,Afternoon,54,1,665.5,108,97.95,4,Completed,DOCK-5,3,10
2026-04-27 16:00:00,OP004,Chloe Thomas,D,Afternoon,66,1,683.0,198,98.04,11,Completed,DOCK-4,9,6
2026-04-27 17:00:00,OP007,Nathan Petit,B,Afternoon,57,1,756.5,57,98.99,5,Cancelled,DOCK-7,5,5
2026-04-27 17:00:00,OP001,Lucas Martin,A,Afternoon,50,2,522.7,50,96.62,4,Completed,DOCK-1,8,10
2026-04-27 17:00:00,OP003,Hugo Dubois,C,Afternoon,56,0,673.3,168,97.89,11,Completed,DOCK-3,3,3
2026-04-27 17:00:00,OP015,Tom Roux,E,Afternoon,64,0,662.7,128,97.65,7,Completed,DOCK-7,10,2
2026-04-27 17:00:00,OP010,Sarah Laurent,E,Afternoon,60,2,714.0,120,97.14,7,Completed,DOCK-2,0,3
2026-04-27 17:00:00,OP017,Liam Girard,B,Afternoon,52,0,481.7,104,97.62,5,Completed,DOCK-1,3,0
2026-04-27 17:00:00,OP011,Adam Simon,A,Afternoon,59,1,734.7,177,98.23,2,Completed,DOCK-3,0,6
2026-04-27 17:00:00,OP016,Jade Fournier,A,Afternoon,55,0,713.6,165,97.98,3,Completed,DOCK-8,6,9
2026-04-27 17:00:00,OP008,Lea Durand,C,Afternoon,61,0,715.9,61,98.95,4,Completed,DOCK-8,7,5
2026-04-27 18:00:00,OP019,Noah Lambert,D,Afternoon,60,1,771.7,120,98.11,4,Completed,DOCK-3,9,8
2026-04-27 18:00:00,OP005,Louis Robert,E,Afternoon,54,1,728.9,108,97.46,10,Completed,DOCK-5,7,11
2026-04-27 18:00:00,OP017,Liam Girard,B,Afternoon,52,0,508.2,104,98.05,3,Completed,DOCK-1,0,0
2026-04-27 18:00:00,OP002,Emma Bernard,B,Afternoon,50,0,675.1,150,97.29,4,Completed,DOCK-2,4,1
2026-04-27 18:00:00,OP018,Lina Bonnet,C,Afternoon,58,0,715.7,58,98.27,5,Completed,DOCK-2,5,0
2026-04-27 18:00:00,OP012,Camille Michel,B,Afternoon,42,0,475.6,126,96.84,2,Completed,DOCK-4,6,0
2026-04-27 18:00:00,OP011,Adam Simon,A,Afternoon,55,0,763.0,110,97.41,6,Completed,DOCK-3,0,9
2026-04-27 18:00:00,OP014,Ines Leroy,D,Afternoon,53,0,741.2,106,97.83,5,Completed,DOCK-6,4,0
2026-04-27 18:00:00,OP008,Lea Durand,C,Afternoon,55,0,544.6,110,98.91,5,Completed,DOCK-8,1,11
2026-04-27 18:00:00,OP009,Jules Moreau,D,Afternoon,43,2,614.5,86,97.0,6,Completed,DOCK-1,11,7
2026-04-27 19:00:00,OP016,Jade Fournier,A,Afternoon,48,1,692.2,96,97.72,4,Completed,DOCK-8,8,9
2026-04-27 19:00:00,OP019,Noah Lambert,D,Afternoon,54,3,616.6,162,97.79,4,Completed,DOCK-3,0,6
2026-04-27 19:00:00,OP002,Emma Bernard,B,Afternoon,58,0,610.8,116,99.27,3,Completed,DOCK-2,3,8
2026-04-27 19:00:00,OP015,Tom Roux,E,Afternoon,62,1,646.6,186,98.92,7,Completed,DOCK-7,4,6
2026-04-27 19:00:00,OP020,Mila Faure,E,Afternoon,53,1,518.4,106,98.27,5,Completed,DOCK-4,2,4
2026-04-27 19:00:00,OP001,Lucas Martin,A,Afternoon,54,1,470.9,108,98.8,9,Completed,DOCK-1,2,7
2026-04-27 19:00:00,OP010,Sarah Laurent,E,Afternoon,47,0,469.5,141,99.81,6,Completed,DOCK-2,0,1
2026-04-27 19:00:00,OP005,Louis Robert,E,Afternoon,53,0,574.0,106,98.1,5,Completed,DOCK-5,3,0
2026-04-27 19:00:00,OP007,Nathan Petit,B,Afternoon,68,2,793.5,136,98.42,4,Completed,DOCK-7,4,7
2026-04-27 19:00:00,OP004,Chloe Thomas,D,Afternoon,67,0,903.8,67,97.59,4,Completed,DOCK-4,8,3
2026-04-27 19:00:00,OP018,Lina Bonnet,C,Afternoon,49,0,632.6,49,97.57,2,Completed,DOCK-2,2,0
2026-04-27 19:00:00,OP009,Jules Moreau,D,Afternoon,51,0,538.7,153,98.25,6,Completed,DOCK-1,9,11
2026-04-27 20:00:00,OP005,Louis Robert,E,Afternoon,61,2,861.1,122,98.24,4,Completed,DOCK-5,9,4
2026-04-27 20:00:00,OP020,Mila Faure,E,Afternoon,42,0,597.9,126,97.31,4,Completed,DOCK-4,10,3
2026-04-27 20:00:00,OP007,Nathan Petit,B,Afternoon,61,1,843.4,122,98.86,4,Completed,DOCK-7,3,0
2026-04-27 20:00:00,OP015,Tom Roux,E,Afternoon,64,0,869.0,192,98.26,7,Completed,DOCK-7,10,10
2026-04-27 20:00:00,OP019,Noah Lambert,D,Afternoon,44,2,629.5,44,97.43,1,Completed,DOCK-3,8,0
2026-04-27 20:00:00,OP018,Lina Bonnet,C,Afternoon,59,0,798.6,177,98.24,4,Completed,DOCK-2,4,1
2026-04-27 20:00:00,OP004,Chloe Thomas,D,Afternoon,63,2,861.9,63,98.96,4,Completed,DOCK-4,3,6
2026-04-27 20:00:00,OP014,Ines Leroy,D,Afternoon,47,0,618.4,141,97.85,3,Completed,DOCK-6,0,10
2026-04-27 20:00:00,OP009,Jules Moreau,D,Afternoon,40,0,509.5,120,97.32,2,Completed,DOCK-1,0,8
2026-04-27 20:00:00,OP001,Lucas Martin,A,Afternoon,45,0,485.8,90,98.21,3,Completed,DOCK-1,8,8
2026-04-27 20:00:00,OP012,Camille Michel,B,Afternoon,50,0,678.4,150,97.26,9,Completed,DOCK-4,11,4
2026-04-27 20:00:00,OP002,Emma Bernard,B,Afternoon,53,0,520.0,53,99.21,9,Completed,DOCK-2,1,9
2026-04-27 20:00:00,OP017,Liam Girard,B,Afternoon,60,0,686.7,180,97.27,5,Completed,DOCK-1,7,1
2026-04-27 20:00:00,OP003,Hugo Dubois,C,Afternoon,43,1,593.9,86,97.42,5,Completed,DOCK-3,7,10
2026-04-27 21:00:00,OP005,Louis Robert,E,Afternoon,62,0,777.2,62,98.25,2,Completed,DOCK-5,4,5
2026-04-27 21:00:00,OP011,Adam Simon,A,Afternoon,58,1,759.3,58,97.85,13,Completed,DOCK-3,4,4
2026-04-27 21:00:00,OP017,Liam Girard,B,Afternoon,44,0,560.3,132,97.66,1,Completed,DOCK-1,2,7
2026-04-27 21:00:00,OP019,Noah Lambert,D,Afternoon,58,0,685.7,58,98.68,2,Completed,DOCK-3,1,8
2026-04-27 21:00:00,OP007,Nathan Petit,B,Afternoon,57,1,753.3,57,97.67,3,Cancelled,DOCK-7,3,3
2026-04-27 21:00:00,OP015,Tom Roux,E,Afternoon,58,0,766.0,58,98.06,10,Completed,DOCK-7,6,7
2026-04-27 21:00:00,OP004,Chloe Thomas,D,Afternoon,56,0,524.0,56,99.0,3,Delayed,DOCK-4,2,10
2026-04-27 21:00:00,OP012,Camille Michel,B,Afternoon,54,2,704.0,54,96.03,3,Completed,DOCK-4,7,5
2026-04-27 21:00:00,OP002,Emma Bernard,B,Afternoon,60,2,653.8,120,98.05,5,Completed,DOCK-2,0,5
2026-04-27 21:00:00,OP013,Raphael Lefebvre,C,Afternoon,61,0,751.4,61,96.49,5,Completed,DOCK-5,6,8
2026-04-27 21:00:00,OP018,Lina Bonnet,C,Afternoon,59,0,699.1,177,97.6,10,Completed,DOCK-2,11,5
2026-04-27 21:00:00,OP003,Hugo Dubois,C,Afternoon,55,0,671.4,110,98.2,5,Completed,DOCK-3,4,1
2026-04-27 21:00:00,OP014,Ines Leroy,D,Afternoon,44,0,464.3,44,97.4,8,Completed,DOCK-6,4,3
2026-04-27 21:00:00,OP006,Manon Richard,A,Afternoon,48,0,535.3,144,97.0,4,Completed,DOCK-6,9,2
2026-04-27 22:00:00,OP019,Noah Lambert,D,Night,53,1,605.1,106,95.93,2,Completed,DOCK-3,11,1
2026-04-27 22:00:00,OP020,Mila Faure,E,Night,40,0,409.9,80,97.49,4,Completed,DOCK-4,7,1
2026-04-27 22:00:00,OP006,Manon Richard,A,Night,42,0,482.5,42,96.61,2,Completed,DOCK-6,10,10
2026-04-27 22:00:00,OP016,Jade Fournier,A,Night,43,0,414.7,129,98.44,1,Completed,DOCK-8,10,0
2026-04-27 22:00:00,OP010,Sarah Laurent,E,Night,40,0,409.0,80,99.02,5,Completed,DOCK-2,0,0
2026-04-27 22:00:00,OP008,Lea Durand,C,Night,43,1,585.5,43,98.73,8,Completed,DOCK-8,7,8
2026-04-27 22:00:00,OP001,Lucas Martin,A,Night,34,2,369.0,68,96.94,3,Completed,DOCK-1,3,8
2026-04-27 22:00:00,OP011,Adam Simon,A,Night,42,1,513.7,84,97.94,3,Completed,DOCK-3,6,4
2026-04-27 22:00:00,OP007,Nathan Petit,B,Night,37,0,513.5,111,97.75,4,Completed,DOCK-7,5,0
2026-04-27 22:00:00,OP003,Hugo Dubois,C,Night,34,0,296.9,102,98.68,3,Delayed,DOCK-3,4,11
2026-04-27 22:00:00,OP013,Raphael Lefebvre,C,Night,42,0,480.4,42,98.66,2,Completed,DOCK-5,6,6
2026-04-27 22:00:00,OP012,Camille Michel,B,Night,40,0,341.8,80,96.19,3,Completed,DOCK-4,5,7
2026-04-27 22:00:00,OP002,Emma Bernard,B,Night,37,2,466.9,111,97.77,1,Completed,DOCK-2,5,6
2026-04-27 22:00:00,OP015,Tom Roux,E,Night,44,0,492.8,88,97.96,4,Completed,DOCK-7,0,1
2026-04-27 23:00:00,OP017,Liam Girard,B,Night,34,1,478.7,68,97.91,3,Completed,DOCK-1,1,1
2026-04-27 23:00:00,OP014,Ines Leroy,D,Night,35,0,298.7,70,98.16,1,Completed,DOCK-6,1,10
2026-04-27 23:00:00,OP011,Adam Simon,A,Night,38,1,396.0,76,98.59,3,Completed,DOCK-3,2,7
2026-04-27 23:00:00,OP005,Louis Robert,E,Night,41,0,410.6,123,98.79,4,Completed,DOCK-5,9,8
2026-04-27 23:00:00,OP008,Lea Durand,C,Night,42,0,450.0,126,97.88,3,Completed,DOCK-8,8,7
2026-04-27 23:00:00,OP020,Mila Faure,E,Night,39,0,563.6,39,98.73,2,Completed,DOCK-4,1,10
2026-04-27 23:00:00,OP003,Hugo Dubois,C,Night,41,0,427.5,41,97.59,4,Completed,DOCK-3,8,6
2026-04-27 23:00:00,OP004,Chloe Thomas,D,Night,53,0,687.1,106,98.74,4,Completed,DOCK-4,9,8
2026-04-27 23:00:00,OP002,Emma Bernard,B,Night,39,0,509.4,78,97.37,7,Delayed,DOCK-2,11,11
2026-04-27 23:00:00,OP007,Nathan Petit,B,Night,48,0,602.8,144,99.03,4,Completed,DOCK-7,3,10
2026-04-27 23:00:00,OP001,Lucas Martin,A,Night,28,1,341.6,28,98.05,1,Completed,DOCK-1,8,2
2026-04-27 23:00:00,OP016,Jade Fournier,A,Night,51,1,571.6,51,98.91,3,Completed,DOCK-8,11,5
2026-04-28 00:00:00,OP013,Raphael Lefebvre,C,Night,31,0,361.6,62,98.26,2,Completed,DOCK-5,1,0
2026-04-28 00:00:00,OP012,Camille Michel,B,Night,38,0,454.0,38,96.24,1,Completed,DOCK-4,11,3
2026-04-28 00:00:00,OP015,Tom Roux,E,Night,41,0,384.8,41,99.06,1,Completed,DOCK-7,0,3
2026-04-28 00:00:00,OP010,Sarah Laurent,E,Night,41,1,479.2,82,99.0,4,Completed,DOCK-2,7,5
2026-04-28 00:00:00,OP007,Nathan Petit,B,Night,40,1,422.9,120,98.54,1,Delayed,DOCK-7,11,11
2026-04-28 00:00:00,OP017,Liam Girard,B,Night,43,0,544.5,129,98.5,2,Cancelled,DOCK-1,3,11
2026-04-28 00:00:00,OP003,Hugo Dubois,C,Night,30,0,291.9,60,98.86,2,Completed,DOCK-3,7,3
2026-04-28 00:00:00,OP005,Louis Robert,E,Night,40,0,424.9,40,97.77,8,Completed,DOCK-5,2,2
2026-04-28 00:00:00,OP014,Ines Leroy,D,Night,29,0,390.7,29,97.82,3,Delayed,DOCK-6,7,4
2026-04-28 00:00:00,OP004,Chloe Thomas,D,Night,34,1,347.7,102,99.72,2,Delayed,DOCK-4,6,6
2026-04-28 00:00:00,OP002,Emma Bernard,B,Night,31,0,270.5,93,98.15,4,Completed,DOCK-2,11,8
2026-04-28 00:00:00,OP011,Adam Simon,A,Night,40,0,518.4,40,97.63,3,Completed,DOCK-3,6,4
2026-04-28 00:00:00,OP009,Jules Moreau,D,Night,27,0,381.2,27,98.45,1,Completed,DOCK-1,0,7
2026-04-28 00:00:00,OP018,Lina Bonnet,C,Night,40,0,545.5,120,98.38,4,Completed,DOCK-2,3,4
2026-04-28 00:00:00,OP019,Noah Lambert,D,Night,36,2,458.3,72,98.82,4,Completed,DOCK-3,8,9
2026-04-28 01:00:00,OP018,Lina Bonnet,C,Night,42,0,397.6,84,99.11,2,Cancelled,DOCK-2,1,3
2026-04-28 01:00:00,OP005,Louis Robert,E,Night,34,1,487.9,34,99.15,1,Completed,DOCK-5,3,1
2026-04-28 01:00:00,OP019,Noah Lambert,D,Night,38,1,545.0,76,97.44,5,Completed,DOCK-3,10,11
2026-04-28 01:00:00,OP010,Sarah Laurent,E,Night,37,0,397.7,37,98.58,2,Completed,DOCK-2,2,0
2026-04-28 01:00:00,OP007,Nathan Petit,B,Night,41,0,352.8,41,97.98,3,Delayed,DOCK-7,3,0
2026-04-28 01:00:00,OP014,Ines Leroy,D,Night,36,0,380.5,36,96.95,3,Completed,DOCK-6,9,1
2026-04-28 01:00:00,OP003,Hugo Dubois,C,Night,25,1,335.7,50,98.0,4,Completed,DOCK-3,0,8
2026-04-28 01:00:00,OP017,Liam Girard,B,Night,36,0,458.0,108,95.66,2,Completed,DOCK-1,5,5
2026-04-28 01:00:00,OP011,Adam Simon,A,Night,33,0,436.9,66,97.97,3,Completed,DOCK-3,6,8
2026-04-28 02:00:00,OP020,Mila Faure,E,Night,25,0,329.9,25,97.45,1,Delayed,DOCK-4,8,1
2026-04-28 02:00:00,OP019,Noah Lambert,D,Night,42,3,470.7,126,97.59,2,Cancelled,DOCK-3,5,3
2026-04-28 02:00:00,OP018,Lina Bonnet,C,Night,43,0,466.0,43,99.24,3,Completed,DOCK-2,1,1
2026-04-28 02:00:00,OP003,Hugo Dubois,C,Night,31,0,337.0,62,99.01,4,Completed,DOCK-3,3,0
2026-04-28 02:00:00,OP008,Lea Durand,C,Night,28,0,369.8,84,99.09,4,Completed,DOCK-8,0,7
2026-04-28 02:00:00,OP006,Manon Richard,A,Night,31,0,395.1,62,98.9,1,Completed,DOCK-6,4,4
2026-04-28 02:00:00,OP009,Jules Moreau,D,Night,25,0,330.0,25,97.68,1,Completed,DOCK-1,7,1
2026-04-28 02:00:00,OP014,Ines Leroy,D,Night,37,2,529.4,37,99.44,4,Completed,DOCK-6,6,4
2026-04-28 02:00:00,OP001,Lucas Martin,A,Night,33,1,394.7,33,97.77,1,Completed,DOCK-1,5,7
2026-04-28 02:00:00,OP013,Raphael Lefebvre,C,Night,36,2,479.3,36,99.49,5,Completed,DOCK-5,11,5
2026-04-28 02:00:00,OP012,Camille Michel,B,Night,28,0,305.1,56,98.31,2,Completed,DOCK-4,0,9
2026-04-28 02:00:00,OP017,Liam Girard,B,Night,29,0,291.2,29,97.58,1,Completed,DOCK-1,1,8
2026-04-28 02:00:00,OP015,Tom Roux,E,Night,40,1,418.1,80,99.69,1,Completed,DOCK-7,1,10
2026-04-28 03:00:00,OP018,Lina Bonnet,C,Night,42,1,386.2,84,97.27,2,Completed,DOCK-2,9,6
2026-04-28 03:00:00,OP016,Jade Fournier,A,Night,31,1,315.0,62,98.42,3,Completed,DOCK-8,11,0
2026-04-28 03:00:00,OP008,Lea Durand,C,Night,35,0,489.1,70,97.75,2,Completed,DOCK-8,2,6
2026-04-28 03:00:00,OP014,Ines Leroy,D,Night,23,0,323.0,23,98.7,2,Completed,DOCK-6,4,0
2026-04-28 03:00:00,OP017,Liam Girard,B,Night,41,0,475.1,82,99.11,4,Completed,DOCK-1,5,4
2026-04-28 03:00:00,OP013,Raphael Lefebvre,C,Night,41,1,511.7,82,97.28,5,Cancelled,DOCK-5,8,7
2026-04-28 03:00:00,OP003,Hugo Dubois,C,Night,34,0,435.5,34,99.12,2,Delayed,DOCK-3,10,8
2026-04-28 03:00:00,OP019,Noah Lambert,D,Night,46,1,550.1,92,97.14,1,Completed,DOCK-3,0,6
2026-04-28 03:00:00,OP020,Mila Faure,E,Night,30,1,381.2,30,97.35,2,Completed,DOCK-4,11,8
2026-04-28 03:00:00,OP015,Tom Roux,E,Night,38,0,451.6,114,97.32,4,Completed,DOCK-7,6,8
2026-04-28 03:00:00,OP009,Jules Moreau,D,Night,37,0,317.6,37,97.59,1,Completed,DOCK-1,6,1
2026-04-28 04:00:00,OP013,Raphael Lefebvre,C,Night,35,0,382.4,35,97.9,4,Completed,DOCK-5,0,2
2026-04-28 04:00:00,OP020,Mila Faure,E,Night,32,1,461.0,64,97.06,5,Completed,DOCK-4,11,5
2026-04-28 04:00:00,OP014,Ines Leroy,D,Night,23,0,246.3,69,98.93,1,Completed,DOCK-6,10,9
2026-04-28 04:00:00,OP008,Lea Durand,C,Night,27,0,238.8,54,98.57,1,Completed,DOCK-8,6,7
2026-04-28 04:00:00,OP016,Jade Fournier,A,Night,35,0,495.5,35,97.85,2,Cancelled,DOCK-8,0,11
2026-04-28 04:00:00,OP002,Emma Bernard,B,Night,46,2,442.6,138,97.97,7,Completed,DOCK-2,11,0
2026-04-28 04:00:00,OP009,Jules Moreau,D,Night,33,1,298.4,33,98.25,3,Completed,DOCK-1,2,3
2026-04-28 04:00:00,OP005,Louis Robert,E,Night,33,2,374.7,33,97.7,1,Cancelled,DOCK-5,11,1
2026-04-28 04:00:00,OP017,Liam Girard,B,Night,27,0,263.2,27,96.58,2,Completed,DOCK-1,4,5
2026-04-28 04:00:00,OP004,Chloe Thomas,D,Night,46,0,413.8,92,98.97,3,Completed,DOCK-4,10,0
2026-04-28 04:00:00,OP012,Camille Michel,B,Night,25,0,267.5,75,98.0,2,Completed,DOCK-4,1,11
2026-04-28 04:00:00,OP018,Lina Bonnet,C,Night,32,0,351.2,64,97.13,1,Completed,DOCK-2,1,9
2026-04-28 04:00:00,OP006,Manon Richard,A,Night,25,0,253.2,50,99.12,1,Completed,DOCK-6,0,8
2026-04-28 04:00:00,OP007,Nathan Petit,B,Night,42,0,429.1,84,98.95,1,Completed,DOCK-7,8,10
2026-04-28 04:00:00,OP010,Sarah Laurent,E,Night,33,1,290.2,99,98.71,3,Completed,DOCK-2,0,1
2026-04-28 05:00:00,OP009,Jules Moreau,D,Night,31,0,343.8,62,97.22,4,Completed,DOCK-1,0,2
2026-04-28 05:00:00,OP007,Nathan Petit,B,Night,49,0,675.9,98,98.75,4,Completed,DOCK-7,2,10
2026-04-28 05:00:00,OP003,Hugo Dubois,C,Night,33,0,425.8,66,97.28,3,Delayed,DOCK-3,6,3
2026-04-28 05:00:00,OP008,Lea Durand,C,Night,30,0,287.4,90,97.72,3,Completed,DOCK-8,5,7
2026-04-28 05:00:00,OP020,Mila Faure,E,Night,25,1,316.7,75,96.94,2,Completed,DOCK-4,2,5
2026-04-28 05:00:00,OP005,Louis Robert,E,Night,29,0,351.6,87,98.81,3,Completed,DOCK-5,4,3
2026-04-28 05:00:00,OP004,Chloe Thomas,D,Night,39,1,524.0,78,98.14,1,Completed,DOCK-4,3,5
2026-04-28 05:00:00,OP017,Liam Girard,B,Night,26,0,278.1,78,98.9,2,Completed,DOCK-1,0,6
2026-04-28 05:00:00,OP011,Adam Simon,A,Night,25,0,258.4,50,98.01,3,Delayed,DOCK-3,11,8
2026-04-28 05:00:00,OP010,Sarah Laurent,E,Night,33,0,343.5,33,97.02,4,Completed,DOCK-2,2,0
2026-04-28 06:00:00,OP014,Ines Leroy,D,Morning,71,1,749.3,213,97.49,8,Completed,DOCK-6,5,8
2026-04-28 06:00:00,OP005,Louis Robert,E,Morning,76,0,680.3,76,98.15,8,Completed,DOCK-5,10,0
2026-04-28 06:00:00,OP004,Chloe Thomas,D,Morning,62,0,778.7,62,97.72,7,Completed,DOCK-4,4,3
2026-04-28 06:00:00,OP017,Liam Girard,B,Morning,61,1,600.4,183,96.2,3,Completed,DOCK-1,2,1
2026-04-28 06:00:00,OP010,Sarah Laurent,E,Morning,64,1,847.8,128,98.51,9,Completed,DOCK-2,6,11
2026-04-28 06:00:00,OP015,Tom Roux,E,Morning,66,0,634.5,66,98.98,5,Completed,DOCK-7,6,4
2026-04-28 06:00:00,OP006,Manon Richard,A,Morning,68,1,734.8,136,96.92,10,Completed,DOCK-6,10,4
2026-04-28 06:00:00,OP001,Lucas Martin,A,Morning,60,0,759.4,120,97.54,7,Completed,DOCK-1,3,4
2026-04-28 06:00:00,OP018,Lina Bonnet,C,Morning,66,0,881.8,66,98.79,2,Completed,DOCK-2,1,7
2026-04-28 06:00:00,OP011,Adam Simon,A,Morning,64,1,565.6,192,96.05,3,Delayed,DOCK-3,8,5
2026-04-28 06:00:00,OP002,Emma Bernard,B,Morning,64,4,610.7,192,96.79,7,Completed,DOCK-2,9,2
2026-04-28 07:00:00,OP006,Manon Richard,A,Morning,65,0,562.6,195,98.44,7,Completed,DOCK-6,1,10
2026-04-28 07:00:00,OP010,Sarah Laurent,E,Morning,69,1,667.5,69,98.22,3,Delayed,DOCK-2,8,2
2026-04-28 07:00:00,OP013,Raphael Lefebvre,C,Morning,76,0,991.1,228,97.79,13,Completed,DOCK-5,6,1
2026-04-28 07:00:00,OP001,Lucas Martin,A,Morning,61,1,777.9,183,96.22,6,Completed,DOCK-1,6,9
2026-04-28 07:00:00,OP014,Ines Leroy,D,Morning,65,2,870.8,130,97.89,10,Completed,DOCK-6,8,3
2026-04-28 07:00:00,OP004,Chloe Thomas,D,Morning,80,0,841.4,160,97.97,9,Completed,DOCK-4,2,2
2026-04-28 07:00:00,OP016,Jade Fournier,A,Morning,67,0,744.5,201,98.08,3,Completed,DOCK-8,10,3
2026-04-28 07:00:00,OP020,Mila Faure,E,Morning,63,0,904.9,63,97.34,4,Completed,DOCK-4,4,9
2026-04-28 07:00:00,OP019,Noah Lambert,D,Morning,66,3,953.7,66,98.79,9,Completed,DOCK-3,9,10
2026-04-28 07:00:00,OP005,Louis Robert,E,Morning,72,1,956.2,72,98.04,6,Completed,DOCK-5,9,1
2026-04-28 07:00:00,OP003,Hugo Dubois,C,Morning,57,1,658.2,171,98.36,5,Completed,DOCK-3,4,5
2026-04-28 08:00:00,OP011,Adam Simon,A,Morning,57,1,495.9,171,96.88,4,Cancelled,DOCK-3,11,11
2026-04-28 08:00:00,OP018,Lina Bonnet,C,Morning,64,2,733.2,192,97.69,2,Completed,DOCK-2,6,11
2026-04-28 08:00:00,OP001,Lucas Martin,A,Morning,57,1,662.5,57,97.16,3,Completed,DOCK-1,2,3
2026-04-28 08:00:00,OP020,Mila Faure,E,Morning,55,2,499.9,110,96.48,8,Completed,DOCK-4,11,11
2026-04-28 08:00:00,OP010,Sarah Laurent,E,Morning,74,1,761.3,148,96.97,12,Completed,DOCK-2,8,3
2026-04-28 08:00:00,OP008,Lea Durand,C,Morning,56,0,524.7,168,97.32,2,Completed,DOCK-8,5,0
2026-04-28 08:00:00,OP002,Emma Bernard,B,Morning,65,1,666.2,195,99.1,9,Completed,DOCK-2,2,6
2026-04-28 08:00:00,OP004,Chloe Thomas,D,Morning,66,0,755.8,132,99.11,11,Completed,DOCK-4,8,3
2026-04-28 08:00:00,OP017,Liam Girard,B,Morning,53,1,654.7,53,96.92,2,Cancelled,DOCK-1,11,3
2026-04-28 08:00:00,OP015,Tom Roux,E,Morning,68,1,611.6,204,97.78,1,Completed,DOCK-7,0,8
2026-04-28 09:00:00,OP012,Camille Michel,B,Morning,59,0,763.9,118,97.21,2,Completed,DOCK-4,8,3
2026-04-28 09:00:00,OP003,Hugo Dubois,C,Morning,61,1,652.6,122,99.01,4,Completed,DOCK-3,9,8
2026-04-28 09:00:00,OP016,Jade Fournier,A,Morning,53,0,645.7,106,99.21,2,Completed,DOCK-8,5,3
2026-04-28 09:00:00,OP020,Mila Faure,E,Morning,50,0,546.0,100,97.87,5,Completed,DOCK-4,11,9
2026-04-28 09:00:00,OP004,Chloe Thomas,D,Morning,61,0,574.1,122,97.74,6,Completed,DOCK-4,11,7
2026-04-28 09:00:00,OP017,Liam Girard,B,Morning,59,1,790.0,59,97.31,6,Completed,DOCK-1,9,2
2026-04-28 09:00:00,OP001,Lucas Martin,A,Morning,60,0,835.5,180,96.36,3,Completed,DOCK-1,5,9
2026-04-28 09:00:00,OP009,Jules Moreau,D,Morning,67,0,782.5,67,97.32,2,Completed,DOCK-1,7,8
2026-04-28 09:00:00,OP011,Adam Simon,A,Morning,52,0,548.0,104,97.47,7,Completed,DOCK-3,6,2
2026-04-28 09:00:00,OP015,Tom Roux,E,Morning,65,0,880.2,195,98.6,12,Completed,DOCK-7,2,3
2026-04-28 09:00:00,OP018,Lina Bonnet,C,Morning,63,1,814.8,126,98.76,7,Completed,DOCK-2,10,7
2026-04-28 10:00:00,OP007,Nathan Petit,B,Morning,71,0,997.8,142,98.93,6,Completed,DOCK-7,2,11
2026-04-28 10:00:00,OP003,Hugo Dubois,C,Morning,70,2,595.8,70,98.04,7,Completed,DOCK-3,10,0
2026-04-28 10:00:00,OP006,Manon Richard,A,Morning,62,2,871.7,186,97.16,5,Completed,DOCK-6,1,10
2026-04-28 10:00:00,OP010,Sarah Laurent,E,Morning,65,0,680.2,130,96.46,8,Completed,DOCK-2,8,4
2026-04-28 10:00:00,OP012,Camille Michel,B,Morning,68,0,610.1,204,96.32,3,Completed,DOCK-4,1,9
2026-04-28 10:00:00,OP015,Tom Roux,E,Morning,71,0,669.3,213,98.59,7,Completed,DOCK-7,3,7
2026-04-28 10:00:00,OP018,Lina Bonnet,C,Morning,61,0,806.7,183,97.36,7,Completed,DOCK-2,1,9
2026-04-28 10:00:00,OP011,Adam Simon,A,Morning,60,2,663.7,180,97.37,5,Completed,DOCK-3,1,11
2026-04-28 10:00:00,OP005,Louis Robert,E,Morning,62,0,565.1,186,98.35,5,Completed,DOCK-5,9,4
2026-04-28 10:00:00,OP020,Mila Faure,E,Morning,57,0,554.4,57,98.77,1,Completed,DOCK-4,9,1
2026-04-28 10:00:00,OP017,Liam Girard,B,Morning,62,2,808.6,186,98.0,4,Completed,DOCK-1,11,9
2026-04-28 10:00:00,OP013,Raphael Lefebvre,C,Morning,62,1,841.0,186,97.47,3,Completed,DOCK-5,6,7
2026-04-28 10:00:00,OP016,Jade Fournier,A,Morning,72,1,950.5,216,99.75,8,Completed,DOCK-8,0,11
2026-04-28 10:00:00,OP008,Lea Durand,C,Morning,62,0,603.1,186,97.66,4,Completed,DOCK-8,8,6
2026-04-28 11:00:00,OP002,Emma Bernard,B,Morning,54,1,690.0,108,98.16,2,Completed,DOCK-2,11,1
2026-04-28 11:00:00,OP007,Nathan Petit,B,Morning,66,1,586.6,198,98.12,7,Completed,DOCK-7,8,4
2026-04-28 11:00:00,OP009,Jules Moreau,D,Morning,58,2,775.0,116,97.89,6,Completed,DOCK-1,6,1
2026-04-28 11:00:00,OP020,Mila Faure,E,Morning,53,2,498.8,53,99.14,5,Completed,DOCK-4,5,5
2026-04-28 11:00:00,OP006,Manon Richard,A,Morning,68,1,852.6,68,97.38,5,Completed,DOCK-6,3,3
2026-04-28 11:00:00,OP013,Raphael Lefebvre,C,Morning,63,2,564.0,63,97.31,10,Completed,DOCK-5,11,7
2026-04-28 11:00:00,OP003,Hugo Dubois,C,Morning,61,0,858.3,183,97.01,5,Completed,DOCK-3,7,0
2026-04-28 11:00:00,OP012,Camille Michel,B,Morning,60,2,532.6,120,97.88,1,Completed,DOCK-4,4,6
2026-04-28 11:00:00,OP019,Noah Lambert,D,Morning,61,0,557.6,61,98.22,8,Completed,DOCK-3,1,2
2026-04-28 11:00:00,OP016,Jade Fournier,A,Morning,67,0,911.3,134,98.53,6,Completed,DOCK-8,0,7
2026-04-28 11:00:00,OP005,Louis Robert,E,Morning,56,2,476.9,112,98.42,3,Completed,DOCK-5,3,0
2026-04-28 11:00:00,OP018,Lina Bonnet,C,Morning,67,0,583.7,134,97.39,6,Completed,DOCK-2,3,9
2026-04-28 11:00:00,OP008,Lea Durand,C,Morning,69,1,967.5,207,98.96,4,Completed,DOCK-8,8,11
2026-04-28 11:00:00,OP010,Sarah Laurent,E,Morning,65,0,879.0,65,97.63,8,Completed,DOCK-2,1,9
2026-04-28 12:00:00,OP010,Sarah Laurent,E,Morning,70,1,601.5,70,97.91,3,Completed,DOCK-2,0,9
2026-04-28 12:00:00,OP011,Adam Simon,A,Morning,60,0,863.1,180,97.4,3,Completed,DOCK-3,4,6
2026-04-28 12:00:00,OP002,Emma Bernard,B,Morning,64,0,756.5,128,97.67,5,Completed,DOCK-2,9,10
2026-04-28 12:00:00,OP004,Chloe Thomas,D,Morning,64,0,712.5,64,98.04,3,Completed,DOCK-4,7,7
2026-04-28 12:00:00,OP016,Jade Fournier,A,Morning,58,0,525.0,116,99.23,8,Completed,DOCK-8,2,5
2026-04-28 12:00:00,OP013,Raphael Lefebvre,C,Morning,63,0,584.1,63,98.69,4,Completed,DOCK-5,5,6
2026-04-28 12:00:00,OP019,Noah Lambert,D,Morning,64,0,717.4,192,98.64,9,Completed,DOCK-3,2,4
2026-04-28 12:00:00,OP001,Lucas Martin,A,Morning,52,0,472.3,52,96.84,7,Completed,DOCK-1,11,8
2026-04-28 12:00:00,OP007,Nathan Petit,B,Morning,64,0,784.3,64,99.0,8,Completed,DOCK-7,7,2
2026-04-28 12:00:00,OP015,Tom Roux,E,Morning,68,0,959.4,68,98.5,8,Completed,DOCK-7,2,0
2026-04-28 13:00:00,OP007,Nathan Petit,B,Morning,58,1,505.6,116,98.07,4,Completed,DOCK-7,1,6
2026-04-28 13:00:00,OP013,Raphael Lefebvre,C,Morning,59,1,543.5,59,97.44,2,Completed,DOCK-5,11,9
2026-04-28 13:00:00,OP006,Manon Richard,A,Morning,50,1,560.2,50,96.51,4,Completed,DOCK-6,8,7
2026-04-28 13:00:00,OP010,Sarah Laurent,E,Morning,66,1,905.8,66,98.84,3,Completed,DOCK-2,9,5
2026-04-28 13:00:00,OP011,Adam Simon,A,Morning,56,1,656.5,56,98.11,8,Completed,DOCK-3,4,8
2026-04-28 13:00:00,OP018,Lina Bonnet,C,Morning,66,0,576.6,66,98.31,6,Completed,DOCK-2,10,4
2026-04-28 13:00:00,OP015,Tom Roux,E,Morning,64,0,877.5,128,97.82,3,Completed,DOCK-7,10,0
2026-04-28 13:00:00,OP017,Liam Girard,B,Morning,53,1,559.8,159,97.24,3,Completed,DOCK-1,10,11
2026-04-28 13:00:00,OP009,Jules Moreau,D,Morning,58,3,733.8,58,97.41,2,Delayed,DOCK-1,0,7
2026-04-28 13:00:00,OP014,Ines Leroy,D,Morning,55,1,492.7,55,97.15,5,Completed,DOCK-6,6,11
2026-04-28 13:00:00,OP003,Hugo Dubois,C,Morning,61,0,549.2,61,97.46,7,Delayed,DOCK-3,2,6
2026-04-28 13:00:00,OP020,Mila Faure,E,Morning,54,0,563.6,162,98.48,2,Completed,DOCK-4,1,1
2026-04-28 14:00:00,OP019,Noah Lambert,D,Afternoon,47,1,415.5,141,98.11,8,Completed,DOCK-3,0,10
2026-04-28 14:00:00,OP017,Liam Girard,B,Afternoon,53,2,460.4,159,97.8,3,Completed,DOCK-1,3,11
2026-04-28 14:00:00,OP001,Lucas Martin,A,Afternoon,57,1,723.9,114,97.49,7,Completed,DOCK-1,3,6
2026-04-28 14:00:00,OP005,Louis Robert,E,Afternoon,62,0,621.9,62,97.36,5,Completed,DOCK-5,0,9
2026-04-28 14:00:00,OP007,Nathan Petit,B,Afternoon,49,2,451.3,49,96.98,5,Completed,DOCK-7,0,1
2026-04-28 14:00:00,OP011,Adam Simon,A,Afternoon,54,0,743.0,162,97.78,3,Delayed,DOCK-3,4,11
2026-04-28 14:00:00,OP014,Ines Leroy,D,Afternoon,53,0,485.2,53,98.2,4,Completed,DOCK-6,3,3
2026-04-28 14:00:00,OP009,Jules Moreau,D,Afternoon,43,1,374.0,86,98.39,8,Cancelled,DOCK-1,1,10
2026-04-28 14:00:00,OP016,Jade Fournier,A,Afternoon,49,1,555.2,49,98.11,3,Cancelled,DOCK-8,6,5
2026-04-28 14:00:00,OP012,Camille Michel,B,Afternoon,49,2,651.1,147,98.05,9,Completed,DOCK-4,11,4
2026-04-28 15:00:00,OP020,Mila Faure,E,Afternoon,45,0,646.6,45,96.88,4,Delayed,DOCK-4,1,6
2026-04-28 15:00:00,OP018,Lina Bonnet,C,Afternoon,62,1,851.3,62,99.48,5,Delayed,DOCK-2,5,8
2026-04-28 15:00:00,OP003,Hugo Dubois,C,Afternoon,53,0,685.7,106,98.15,3,Completed,DOCK-3,8,7
2026-04-28 15:00:00,OP012,Camille Michel,B,Afternoon,48,0,642.0,96,98.53,4,Completed,DOCK-4,2,5
2026-04-28 15:00:00,OP005,Louis Robert,E,Afternoon,49,0,650.4,49,97.22,4,Completed,DOCK-5,11,2
2026-04-28 15:00:00,OP001,Lucas Martin,A,Afternoon,48,1,612.9,96,97.91,3,Delayed,DOCK-1,5,6
2026-04-28 15:00:00,OP009,Jules Moreau,D,Afternoon,43,0,448.7,129,98.46,3,Completed,DOCK-1,8,0
2026-04-28 15:00:00,OP004,Chloe Thomas,D,Afternoon,65,3,686.0,65,97.31,8,Completed,DOCK-4,11,0
2026-04-28 15:00:00,OP011,Adam Simon,A,Afternoon,50,0,468.7,150,98.68,7,Completed,DOCK-3,2,10
2026-04-28 15:00:00,OP014,Ines Leroy,D,Afternoon,52,1,575.7,156,98.0,4,Completed,DOCK-6,7,2
2026-04-28 16:00:00,OP012,Camille Michel,B,Afternoon,40,0,380.3,40,97.46,2,Completed,DOCK-4,2,7
2026-04-28 16:00:00,OP015,Tom Roux,E,Afternoon,54,0,629.6,108,97.82,4,Completed,DOCK-7,10,8
2026-04-28 16:00:00,OP018,Lina Bonnet,C,Afternoon,54,2,546.4,54,99.47,6,Completed,DOCK-2,5,3
2026-04-28 16:00:00,OP005,Louis Robert,E,Afternoon,46,0,591.3,138,97.44,3,Completed,DOCK-5,5,11
2026-04-28 16:00:00,OP020,Mila Faure,E,Afternoon,47,1,434.4,141,97.84,4,Completed,DOCK-4,6,9
2026-04-28 16:00:00,OP014,Ines Leroy,D,Afternoon,53,1,493.8,159,97.56,9,Completed,DOCK-6,8,11
2026-04-28 16:00:00,OP016,Jade Fournier,A,Afternoon,54,1,643.5,54,98.06,5,Completed,DOCK-8,8,11
2026-04-28 16:00:00,OP003,Hugo Dubois,C,Afternoon,42,0,486.6,42,98.36,4,Completed,DOCK-3,10,4
2026-04-28 16:00:00,OP009,Jules Moreau,D,Afternoon,42,1,383.2,42,96.45,6,Cancelled,DOCK-1,2,9
2026-04-28 16:00:00,OP007,Nathan Petit,B,Afternoon,57,1,823.4,114,97.58,7,Completed,DOCK-7,9,4
2026-04-28 16:00:00,OP019,Noah Lambert,D,Afternoon,53,2,485.2,106,98.73,3,Completed,DOCK-3,3,6
2026-04-28 16:00:00,OP004,Chloe Thomas,D,Afternoon,58,0,606.5,116,98.23,5,Completed,DOCK-4,10,7
2026-04-28 16:00:00,OP008,Lea Durand,C,Afternoon,56,1,792.1,56,98.98,2,Completed,DOCK-8,6,5
2026-04-28 16:00:00,OP010,Sarah Laurent,E,Afternoon,48,0,583.4,144,97.09,5,Completed,DOCK-2,8,6
2026-04-28 17:00:00,OP001,Lucas Martin,A,Afternoon,48,1,581.6,48,97.4,3,Completed,DOCK-1,9,11
2026-04-28 17:00:00,OP015,Tom Roux,E,Afternoon,52,0,716.4,156,99.36,1,Completed,DOCK-7,1,0
2026-04-28 17:00:00,OP017,Liam Girard,B,Afternoon,54,1,747.2,162,97.85,3,Completed,DOCK-1,11,10
2026-04-28 17:00:00,OP014,Ines Leroy,D,Afternoon,57,1,592.9,114,96.72,3,Completed,DOCK-6,4,3
2026-04-28 17:00:00,OP002,Emma Bernard,B,Afternoon,54,1,598.2,108,97.21,5,Completed,DOCK-2,4,7
2026-04-28 17:00:00,OP009,Jules Moreau,D,Afternoon,45,0,547.3,45,98.69,6,Completed,DOCK-1,10,6
2026-04-28 17:00:00,OP011,Adam Simon,A,Afternoon,44,0,382.6,132,97.73,1,Delayed,DOCK-3,8,3
2026-04-28 17:00:00,OP013,Raphael Lefebvre,C,Afternoon,54,0,638.9,162,98.47,6,Completed,DOCK-5,11,6
2026-04-28 17:00:00,OP003,Hugo Dubois,C,Afternoon,47,0,554.3,47,98.61,2,Delayed,DOCK-3,6,5
2026-04-28 17:00:00,OP010,Sarah Laurent,E,Afternoon,54,0,517.4,162,98.86,5,Completed,DOCK-2,9,11
2026-04-28 17:00:00,OP016,Jade Fournier,A,Afternoon,50,3,609.8,150,97.96,7,Completed,DOCK-8,3,5
2026-04-28 17:00:00,OP020,Mila Faure,E,Afternoon,47,1,404.9,141,96.73,2,Completed,DOCK-4,10,1
2026-04-28 18:00:00,OP020,Mila Faure,E,Afternoon,50,2,687.5,150,97.03,6,Completed,DOCK-4,0,4
2026-04-28 18:00:00,OP016,Jade Fournier,A,Afternoon,55,1,557.3,55,98.33,3,Completed,DOCK-8,2,11
2026-04-28 18:00:00,OP012,Camille Michel,B,Afternoon,41,0,466.0,123,97.76,1,Completed,DOCK-4,8,5
2026-04-28 18:00:00,OP002,Emma Bernard,B,Afternoon,55,2,559.5,110,96.75,1,Completed,DOCK-2,0,9
2026-04-28 18:00:00,OP010,Sarah Laurent,E,Afternoon,60,3,539.0,60,97.28,2,Completed,DOCK-2,10,0
2026-04-28 18:00:00,OP013,Raphael Lefebvre,C,Afternoon,51,0,488.8,51,99.9,1,Completed,DOCK-5,8,9
2026-04-28 18:00:00,OP017,Liam Girard,B,Afternoon,45,1,526.0,135,97.86,1,Completed,DOCK-1,6,4
2026-04-28 18:00:00,OP011,Adam Simon,A,Afternoon,44,0,580.2,44,97.19,4,Completed,DOCK-3,2,11
2026-04-28 18:00:00,OP009,Jules Moreau,D,Afternoon,58,0,669.2,58,97.48,1,Completed,DOCK-1,9,6
2026-04-28 18:00:00,OP005,Louis Robert,E,Afternoon,54,0,696.1,162,97.89,4,Completed,DOCK-5,3,5
2026-04-28 18:00:00,OP006,Manon Richard,A,Afternoon,51,1,718.1,51,97.55,4,Completed,DOCK-6,3,8
2026-04-28 18:00:00,OP003,Hugo Dubois,C,Afternoon,44,0,594.3,88,97.84,5,Completed,DOCK-3,3,0
2026-04-28 18:00:00,OP007,Nathan Petit,B,Afternoon,60,0,646.9,120,99.76,8,Completed,DOCK-7,9,6
2026-04-28 19:00:00,OP002,Emma Bernard,B,Afternoon,44,1,482.0,132,98.52,7,Delayed,DOCK-2,3,1
2026-04-28 19:00:00,OP015,Tom Roux,E,Afternoon,51,0,738.9,51,99.9,6,Completed,DOCK-7,2,5
2026-04-28 19:00:00,OP006,Manon Richard,A,Afternoon,50,0,645.7,50,97.32,3,Completed,DOCK-6,5,6
2026-04-28 19:00:00,OP008,Lea Durand,C,Afternoon,42,1,415.1,42,97.31,5,Completed,DOCK-8,1,3
2026-04-28 19:00:00,OP001,Lucas Martin,A,Afternoon,44,0,474.0,132,98.44,7,Completed,DOCK-1,11,6
2026-04-28 19:00:00,OP005,Louis Robert,E,Afternoon,49,0,563.4,98,96.96,4,Completed,DOCK-5,10,6
2026-04-28 19:00:00,OP009,Jules Moreau,D,Afternoon,41,0,479.6,41,97.63,1,Completed,DOCK-1,6,0
2026-04-28 19:00:00,OP007,Nathan Petit,B,Afternoon,57,0,524.6,171,97.89,2,Completed,DOCK-7,1,1
2026-04-28 19:00:00,OP003,Hugo Dubois,C,Afternoon,47,0,517.1,47,96.88,3,Completed,DOCK-3,10,5
2026-04-28 19:00:00,OP013,Raphael Lefebvre,C,Afternoon,53,1,630.4,53,97.37,3,Completed,DOCK-5,9,8
2026-04-28 19:00:00,OP016,Jade Fournier,A,Afternoon,47,2,477.2,47,98.6,7,Completed,DOCK-8,11,4
2026-04-28 19:00:00,OP019,Noah Lambert,D,Afternoon,47,0,512.9,47,98.47,2,Completed,DOCK-3,5,1
2026-04-28 20:00:00,OP019,Noah Lambert,D,Afternoon,44,0,458.8,44,98.35,5,Completed,DOCK-3,8,1
2026-04-28 20:00:00,OP015,Tom Roux,E,Afternoon,49,0,674.6,49,98.05,5,Completed,DOCK-7,8,8
2026-04-28 20:00:00,OP012,Camille Michel,B,Afternoon,46,3,580.9,138,97.98,6,Cancelled,DOCK-4,3,1
2026-04-28 20:00:00,OP004,Chloe Thomas,D,Afternoon,56,0,792.2,56,99.9,8,Completed,DOCK-4,11,1
2026-04-28 20:00:00,OP008,Lea Durand,C,Afternoon,41,2,494.2,41,97.48,3,Completed,DOCK-8,0,7
2026-04-28 20:00:00,OP011,Adam Simon,A,Afternoon,52,0,571.8,52,97.26,5,Completed,DOCK-3,4,10
2026-04-28 20:00:00,OP003,Hugo Dubois,C,Afternoon,40,2,356.1,80,97.63,5,Completed,DOCK-3,5,2
2026-04-28 20:00:00,OP013,Raphael Lefebvre,C,Afternoon,57,1,587.6,171,96.29,3,Completed,DOCK-5,2,9
2026-04-28 20:00:00,OP009,Jules Moreau,D,Afternoon,40,0,503.3,120,97.72,3,Completed,DOCK-1,3,7
2026-04-28 20:00:00,OP002,Emma Bernard,B,Afternoon,49,0,458.3,147,97.86,6,Completed,DOCK-2,0,3
2026-04-28 20:00:00,OP018,Lina Bonnet,C,Afternoon,51,0,548.1,102,99.6,8,Completed,DOCK-2,6,10
2026-04-28 20:00:00,OP010,Sarah Laurent,E,Afternoon,50,0,611.1,150,97.22,3,Completed,DOCK-2,6,8
2026-04-28 20:00:00,OP001,Lucas Martin,A,Afternoon,45,1,478.6,45,97.97,6,Completed,DOCK-1,9,5
2026-04-28 21:00:00,OP007,Nathan Petit,B,Afternoon,55,2,492.3,110,97.23,3,Completed,DOCK-7,5,7
2026-04-28 21:00:00,OP001,Lucas Martin,A,Afternoon,49,1,660.8,49,98.59,3,Completed,DOCK-1,3,9
2026-04-28 21:00:00,OP016,Jade Fournier,A,Afternoon,41,0,413.0,82,97.06,6,Completed,DOCK-8,2,2
2026-04-28 21:00:00,OP012,Camille Michel,B,Afternoon,40,0,483.8,80,98.04,3,Delayed,DOCK-4,2,5
2026-04-28 21:00:00,OP010,Sarah Laurent,E,Afternoon,54,0,563.7,162,96.93,4,Completed,DOCK-2,3,2
2026-04-28 21:00:00,OP011,Adam Simon,A,Afternoon,41,0,487.0,82,98.1,3,Completed,DOCK-3,10,7
2026-04-28 21:00:00,OP003,Hugo Dubois,C,Afternoon,50,1,566.3,150,97.5,1,Completed,DOCK-3,6,0
2026-04-28 21:00:00,OP006,Manon Richard,A,Afternoon,40,1,471.6,40,99.62,4,Completed,DOCK-6,5,3
2026-04-28 21:00:00,OP009,Jules Moreau,D,Afternoon,44,2,560.3,88,98.35,5,Completed,DOCK-1,1,1
2026-04-28 21:00:00,OP014,Ines Leroy,D,Afternoon,44,2,619.9,132,96.47,3,Completed,DOCK-6,1,0
2026-04-28 22:00:00,OP016,Jade Fournier,A,Night,43,0,463.1,43,97.09,5,Completed,DOCK-8,8,0
2026-04-28 22:00:00,OP012,Camille Michel,B,Night,34,0,324.2,68,99.05,1,Delayed,DOCK-4,10,2
2026-04-28 22:00:00,OP005,Louis Robert,E,Night,37,1,462.7,37,97.73,3,Completed,DOCK-5,2,11
2026-04-28 22:00:00,OP004,Chloe Thomas,D,Night,40,0,439.9,80,98.38,1,Completed,DOCK-4,8,0
2026-04-28 22:00:00,OP011,Adam Simon,A,Night,38,1,370.1,76,98.12,5,Completed,DOCK-3,3,6
2026-04-28 22:00:00,OP017,Liam Girard,B,Night,37,0,324.8,111,96.07,2,Completed,DOCK-1,0,7
2026-04-28 22:00:00,OP003,Hugo Dubois,C,Night,37,0,500.3,37,98.39,2,Completed,DOCK-3,0,4
2026-04-28 22:00:00,OP020,Mila Faure,E,Night,31,0,281.7,62,98.43,2,Completed,DOCK-4,0,3
2026-04-28 23:00:00,OP013,Raphael Lefebvre,C,Night,37,1,390.4,111,98.13,4,Cancelled,DOCK-5,0,7
2026-04-28 23:00:00,OP018,Lina Bonnet,C,Night,51,0,506.0,102,97.99,5,Completed,DOCK-2,1,6
2026-04-28 23:00:00,OP006,Manon Richard,A,Night,46,0,421.3,46,97.19,4,Completed,DOCK-6,10,7
2026-04-28 23:00:00,OP016,Jade Fournier,A,Night,22,0,313.2,66,98.91,1,Completed,DOCK-8,3,8
2026-04-28 23:00:00,OP014,Ines Leroy,D,Night,37,0,426.5,37,97.5,5,Cancelled,DOCK-6,11,2
2026-04-28 23:00:00,OP003,Hugo Dubois,C,Night,37,1,520.7,111,97.13,4,Completed,DOCK-3,2,3
2026-04-28 23:00:00,OP017,Liam Girard,B,Night,30,0,302.8,30,98.44,4,Completed,DOCK-1,9,9
2026-04-28 23:00:00,OP001,Lucas Martin,A,Night,29,0,260.2,87,97.91,3,Completed,DOCK-1,7,8
2026-04-28 23:00:00,OP010,Sarah Laurent,E,Night,34,0,459.3,68,98.93,4,Completed,DOCK-2,7,0
2026-04-28 23:00:00,OP007,Nathan Petit,B,Night,42,1,537.2,126,98.79,5,Completed,DOCK-7,3,1
2026-04-28 23:00:00,OP004,Chloe Thomas,D,Night,46,0,502.6,92,98.16,1,Completed,DOCK-4,9,3
2026-04-28 23:00:00,OP009,Jules Moreau,D,Night,25,0,236.7,25,97.59,2,Completed,DOCK-1,3,1
2026-04-28 23:00:00,OP005,Louis Robert,E,Night,39,1,533.7,117,98.6,5,Completed,DOCK-5,6,2
2026-04-28 23:00:00,OP019,Noah Lambert,D,Night,47,1,507.1,47,99.89,4,Completed,DOCK-3,4,4
2026-04-28 23:00:00,OP015,Tom Roux,E,Night,44,0,539.3,88,98.44,2,Completed,DOCK-7,3,10
2026-04-29 00:00:00,OP006,Manon Richard,A,Night,36,0,400.7,36,98.93,3,Completed,DOCK-6,9,0
2026-04-29 00:00:00,OP004,Chloe Thomas,D,Night,50,0,584.9,50,97.78,2,Completed,DOCK-4,3,2
2026-04-29 00:00:00,OP009,Jules Moreau,D,Night,26,0,318.5,52,97.03,5,Delayed,DOCK-1,0,6
2026-04-29 00:00:00,OP015,Tom Roux,E,Night,39,0,435.1,39,99.9,3,Completed,DOCK-7,11,4
2026-04-29 00:00:00,OP008,Lea Durand,C,Night,36,0,373.6,72,97.91,4,Completed,DOCK-8,6,3
2026-04-29 00:00:00,OP016,Jade Fournier,A,Night,22,0,232.6,22,97.66,1,Completed,DOCK-8,10,5
2026-04-29 00:00:00,OP001,Lucas Martin,A,Night,34,1,428.5,102,97.14,4,Completed,DOCK-1,9,2
2026-04-29 00:00:00,OP017,Liam Girard,B,Night,37,2,535.3,74,97.49,1,Completed,DOCK-1,5,5
2026-04-29 00:00:00,OP019,Noah Lambert,D,Night,39,2,370.5,117,97.5,2,Completed,DOCK-3,4,0
2026-04-29 00:00:00,OP002,Emma Bernard,B,Night,30,0,273.3,60,97.1,1,Cancelled,DOCK-2,2,9
2026-04-29 00:00:00,OP020,Mila Faure,E,Night,28,0,319.9,84,98.17,2,Completed,DOCK-4,10,0
2026-04-29 00:00:00,OP012,Camille Michel,B,Night,28,0,277.0,56,98.06,1,Delayed,DOCK-4,9,7
2026-04-29 00:00:00,OP007,Nathan Petit,B,Night,20,0,228.9,20,97.02,1,Completed,DOCK-7,7,10
2026-04-29 00:00:00,OP005,Louis Robert,E,Night,40,0,456.3,120,98.31,2,Completed,DOCK-5,6,0
2026-04-29 00:00:00,OP018,Lina Bonnet,C,Night,43,1,578.2,86,97.55,8,Completed,DOCK-2,0,9
2026-04-29 01:00:00,OP011,Adam Simon,A,Night,39,0,345.0,78,97.97,3,Delayed,DOCK-3,3,5
2026-04-29 01:00:00,OP006,Manon Richard,A,Night,30,1,330.4,90,97.99,3,Completed,DOCK-6,8,9
2026-04-29 01:00:00,OP008,Lea Durand,C,Night,41,1,590.3,41,99.64,1,Completed,DOCK-8,10,0
2026-04-29 01:00:00,OP018,Lina Bonnet,C,Night,39,0,397.3,39,97.12,1,Completed,DOCK-2,5,10
2026-04-29 01:00:00,OP013,Raphael Lefebvre,C,Night,38,0,472.2,76,98.76,3,Completed,DOCK-5,5,0
2026-04-29 01:00:00,OP012,Camille Michel,B,Night,40,1,395.5,120,97.91,1,Completed,DOCK-4,11,6
2026-04-29 01:00:00,OP020,Mila Faure,E,Night,31,0,334.2,62,95.84,2,Completed,DOCK-4,2,2
2026-04-29 01:00:00,OP005,Louis Robert,E,Night,32,1,420.4,96,97.51,1,Completed,DOCK-5,0,5
2026-04-29 01:00:00,OP016,Jade Fournier,A,Night,32,2,382.9,96,97.8,1,Delayed,DOCK-8,2,1
2026-04-29 01:00:00,OP015,Tom Roux,E,Night,38,0,381.0,114,99.83,4,Completed,DOCK-7,11,10
2026-04-29 01:00:00,OP010,Sarah Laurent,E,Night,37,0,485.0,74,98.09,2,Cancelled,DOCK-2,0,9
2026-04-29 02:00:00,OP019,Noah Lambert,D,Night,34,0,295.9,68,99.12,1,Completed,DOCK-3,8,8
2026-04-29 02:00:00,OP017,Liam Girard,B,Night,32,1,451.8,64,97.44,3,Completed,DOCK-1,9,5
2026-04-29 02:00:00,OP002,Emma Bernard,B,Night,44,0,380.9,88,98.39,2,Completed,DOCK-2,10,7
2026-04-29 02:00:00,OP013,Raphael Lefebvre,C,Night,32,0,290.3,64,97.82,2,Completed,DOCK-5,5,5
2026-04-29 02:00:00,OP012,Camille Michel,B,Night,28,1,300.7,28,97.92,6,Completed,DOCK-4,0,8
2026-04-29 02:00:00,OP003,Hugo Dubois,C,Night,25,0,233.6,75,96.98,1,Completed,DOCK-3,11,0
2026-04-29 02:00:00,OP001,Lucas Martin,A,Night,36,0,345.0,72,97.94,1,Delayed,DOCK-1,9,11
2026-04-29 02:00:00,OP016,Jade Fournier,A,Night,38,0,492.2,76,98.88,3,Completed,DOCK-8,7,6
2026-04-29 02:00:00,OP015,Tom Roux,E,Night,42,0,596.0,126,97.94,5,Completed,DOCK-7,8,8
2026-04-29 02:00:00,OP005,Louis Robert,E,Night,41,0,388.6,82,97.0,8,Completed,DOCK-5,1,9
2026-04-29 02:00:00,OP004,Chloe Thomas,D,Night,42,0,371.6,126,98.44,4,Delayed,DOCK-4,5,1
2026-04-29 02:00:00,OP007,Nathan Petit,B,Night,38,0,482.2,76,97.89,1,Completed,DOCK-7,10,1
2026-04-29 03:00:00,OP005,Louis Robert,E,Night,34,1,375.0,68,98.16,3,Completed,DOCK-5,11,7
2026-04-29 03:00:00,OP011,Adam Simon,A,Night,33,2,461.4,33,98.33,4,Completed,DOCK-3,2,11
2026-04-29 03:00:00,OP009,Jules Moreau,D,Night,35,1,461.8,70,96.75,1,Completed,DOCK-1,2,10
2026-04-29 03:00:00,OP013,Raphael Lefebvre,C,Night,39,1,563.4,78,99.48,1,Completed,DOCK-5,1,8
2026-04-29 03:00:00,OP012,Camille Michel,B,Night,25,0,282.2,75,97.96,4,Completed,DOCK-4,8,4
2026-04-29 03:00:00,OP019,Noah Lambert,D,Night,35,2,404.1,35,97.98,3,Delayed,DOCK-3,4,6
2026-04-29 03:00:00,OP008,Lea Durand,C,Night,33,1,382.4,33,98.13,4,Completed,DOCK-8,9,1
2026-04-29 03:00:00,OP007,Nathan Petit,B,Night,44,0,467.1,44,98.92,4,Completed,DOCK-7,3,2
2026-04-29 03:00:00,OP020,Mila Faure,E,Night,25,0,333.7,25,98.17,3,Completed,DOCK-4,8,6
2026-04-29 04:00:00,OP011,Adam Simon,A,Night,33,0,303.4,66,97.13,2,Cancelled,DOCK-3,1,4
2026-04-29 04:00:00,OP005,Louis Robert,E,Night,38,0,480.0,38,97.88,2,Completed,DOCK-5,3,5
2026-04-29 04:00:00,OP018,Lina Bonnet,C,Night,36,1,354.4,36,97.82,2,Completed,DOCK-2,10,7
2026-04-29 04:00:00,OP020,Mila Faure,E,Night,25,0,217.6,75,97.04,1,Cancelled,DOCK-4,4,8
2026-04-29 04:00:00,OP017,Liam Girard,B,Night,25,0,347.5,50,97.93,2,Delayed,DOCK-1,7,3
2026-04-29 04:00:00,OP002,Emma Bernard,B,Night,35,0,324.1,35,97.57,1,Completed,DOCK-2,6,7
2026-04-29 04:00:00,OP014,Ines Leroy,D,Night,26,0,347.7,52,97.96,3,Completed,DOCK-6,6,4
2026-04-29 04:00:00,OP001,Lucas Martin,A,Night,28,0,374.3,84,96.92,1,Completed,DOCK-1,6,2
2026-04-29 04:00:00,OP010,Sarah Laurent,E,Night,43,1,374.4,43,98.9,3,Completed,DOCK-2,11,1
2026-04-29 04:00:00,OP012,Camille Michel,B,Night,26,0,228.3,52,97.06,2,Delayed,DOCK-4,11,7
2026-04-29 04:00:00,OP015,Tom Roux,E,Night,40,1,435.3,40,99.26,5,Completed,DOCK-7,11,10
2026-04-29 04:00:00,OP004,Chloe Thomas,D,Night,38,0,539.2,76,96.82,8,Completed,DOCK-4,11,2
2026-04-29 04:00:00,OP006,Manon Richard,A,Night,31,2,297.0,31,98.27,3,Completed,DOCK-6,7,3
2026-04-29 05:00:00,OP004,Chloe Thomas,D,Night,36,0,516.5,36,98.53,3,Completed,DOCK-4,5,5
2026-04-29 05:00:00,OP013,Raphael Lefebvre,C,Night,37,0,356.1,111,98.95,1,Completed,DOCK-5,0,11
2026-04-29 05:00:00,OP015,Tom Roux,E,Night,41,0,379.0,82,97.9,1,Completed,DOCK-7,7,9
2026-04-29 05:00:00,OP018,Lina Bonnet,C,Night,35,0,318.2,70,98.29,2,Completed,DOCK-2,2,2
2026-04-29 05:00:00,OP006,Manon Richard,A,Night,32,0,453.8,64,98.68,3,Completed,DOCK-6,11,1
2026-04-29 05:00:00,OP003,Hugo Dubois,C,Night,33,1,450.3,99,98.26,1,Completed,DOCK-3,6,2
2026-04-29 05:00:00,OP002,Emma Bernard,B,Night,39,0,548.0,117,97.06,1,Delayed,DOCK-2,9,5
2026-04-29 05:00:00,OP008,Lea Durand,C,Night,32,2,354.1,96,99.34,3,Completed,DOCK-8,4,11
2026-04-29 06:00:00,OP017,Liam Girard,B,Morning,66,1,899.0,198,97.66,3,Completed,DOCK-1,7,8
2026-04-29 06:00:00,OP008,Lea Durand,C,Morning,61,0,644.9,183,97.5,4,Completed,DOCK-8,0,5
2026-04-29 06:00:00,OP015,Tom Roux,E,Morning,68,0,964.7,68,97.42,5,Completed,DOCK-7,4,7
2026-04-29 06:00:00,OP003,Hugo Dubois,C,Morning,66,1,608.4,198,98.74,3,Completed,DOCK-3,7,1
2026-04-29 06:00:00,OP005,Louis Robert,E,Morning,67,0,703.0,134,97.96,6,Completed,DOCK-5,2,2
2026-04-29 06:00:00,OP001,Lucas Martin,A,Morning,57,1,548.1,57,96.95,2,Completed,DOCK-1,11,4
2026-04-29 06:00:00,OP012,Camille Michel,B,Morning,61,0,733.8,122,96.93,2,Completed,DOCK-4,0,7
2026-04-29 06:00:00,OP014,Ines Leroy,D,Morning,51,0,435.8,153,98.74,6,Completed,DOCK-6,5,9
2026-04-29 07:00:00,OP005,Louis Robert,E,Morning,60,0,775.8,180,98.21,4,Completed,DOCK-5,7,4
2026-04-29 07:00:00,OP001,Lucas Martin,A,Morning,56,1,752.8,56,97.02,4,Completed,DOCK-1,1,4
2026-04-29 07:00:00,OP019,Noah Lambert,D,Morning,67,0,597.6,201,98.74,9,Completed,DOCK-3,0,2
2026-04-29 07:00:00,OP006,Manon Richard,A,Morning,63,0,857.3,126,98.23,5,Completed,DOCK-6,9,0
2026-04-29 07:00:00,OP012,Camille Michel,B,Morning,61,2,532.0,183,96.89,8,Completed,DOCK-4,11,0
2026-04-29 07:00:00,OP013,Raphael Lefebvre,C,Morning,66,2,628.4,66,98.37,5,Completed,DOCK-5,4,8
2026-04-29 07:00:00,OP003,Hugo Dubois,C,Morning,63,1,540.9,63,97.62,5,Delayed,DOCK-3,2,2
2026-04-29 07:00:00,OP007,Nathan Petit,B,Morning,70,4,699.1,70,98.47,7,Completed,DOCK-7,6,0
2026-04-29 07:00:00,OP014,Ines Leroy,D,Morning,62,1,888.2,186,97.65,10,Completed,DOCK-6,6,10
2026-04-29 07:00:00,OP004,Chloe Thomas,D,Morning,65,1,574.5,195,97.99,4,Completed,DOCK-4,6,10
2026-04-29 07:00:00,OP011,Adam Simon,A,Morning,63,1,776.5,189,96.23,8,Completed,DOCK-3,6,7
2026-04-29 07:00:00,OP015,Tom Roux,E,Morning,70,0,974.9,210,98.52,8,Completed,DOCK-7,8,7
2026-04-29 08:00:00,OP009,Jules Moreau,D,Morning,58,1,763.5,174,97.97,9,Cancelled,DOCK-1,11,6
2026-04-29 08:00:00,OP020,Mila Faure,E,Morning,60,0,597.1,180,99.5,7,Completed,DOCK-4,8,3
2026-04-29 08:00:00,OP012,Camille Michel,B,Morning,56,1,627.3,168,97.59,3,Completed,DOCK-4,6,4
2026-04-29 08:00:00,OP006,Manon Richard,A,Morning,56,2,572.1,112,98.06,1,Completed,DOCK-6,0,5
2026-04-29 08:00:00,OP001,Lucas Martin,A,Morning,58,0,622.4,174,98.52,5,Completed,DOCK-1,7,0
2026-04-29 08:00:00,OP011,Adam Simon,A,Morning,69,1,961.7,138,96.64,3,Completed,DOCK-3,8,6
2026-04-29 08:00:00,OP008,Lea Durand,C,Morning,61,0,871.3,122,96.06,8,Delayed,DOCK-8,1,8
2026-04-29 08:00:00,OP016,Jade Fournier,A,Morning,71,1,857.8,213,97.52,3,Completed,DOCK-8,11,11
2026-04-29 09:00:00,OP001,Lucas Martin,A,Morning,60,2,674.4,120,97.77,6,Completed,DOCK-1,7,10
2026-04-29 09:00:00,OP004,Chloe Thomas,D,Morning,62,0,837.9,124,99.9,4,Completed,DOCK-4,5,2
2026-04-29 09:00:00,OP007,Nathan Petit,B,Morning,76,0,671.5,152,98.0,8,Completed,DOCK-7,2,4
2026-04-29 09:00:00,OP015,Tom Roux,E,Morning,76,0,872.3,228,97.18,6,Completed,DOCK-7,4,1
2026-04-29 09:00:00,OP016,Jade Fournier,A,Morning,62,0,711.5,62,96.67,12,Completed,DOCK-8,4,4
2026-04-29 09:00:00,OP002,Emma Bernard,B,Morning,68,1,862.7,68,98.04,10,Completed,DOCK-2,11,6
2026-04-29 09:00:00,OP013,Raphael Lefebvre,C,Morning,68,2,910.2,136,97.78,3,Completed,DOCK-5,2,8
2026-04-29 09:00:00,OP011,Adam Simon,A,Morning,61,0,711.8,183,98.2,5,Completed,DOCK-3,4,3
2026-04-29 09:00:00,OP010,Sarah Laurent,E,Morning,65,1,777.1,65,95.99,6,Delayed,DOCK-2,5,2
2026-04-29 09:00:00,OP017,Liam Girard,B,Morning,60,0,701.6,120,98.36,6,Completed,DOCK-1,2,5
2026-04-29 09:00:00,OP006,Manon Richard,A,Morning,56,1,747.3,56,98.11,3,Completed,DOCK-6,8,0
2026-04-29 09:00:00,OP005,Louis Robert,E,Morning,68,2,706.7,136,98.84,1,Completed,DOCK-5,6,2
2026-04-29 09:00:00,OP018,Lina Bonnet,C,Morning,66,1,864.0,66,99.9,2,Completed,DOCK-2,2,0
2026-04-29 09:00:00,OP012,Camille Michel,B,Morning,61,1,734.5,183,97.97,8,Delayed,DOCK-4,4,7
2026-04-29 09:00:00,OP008,Lea Durand,C,Morning,66,0,759.7,66,97.58,8,Completed,DOCK-8,4,9
2026-04-29 10:00:00,OP006,Manon Richard,A,Morning,58,1,580.1,116,97.42,4,Completed,DOCK-6,5,0
2026-04-29 10:00:00,OP019,Noah Lambert,D,Morning,59,0,656.1,177,97.01,7,Completed,DOCK-3,5,1
2026-04-29 10:00:00,OP012,Camille Michel,B,Morning,58,2,787.2,58,97.63,2,Completed,DOCK-4,7,4
2026-04-29 10:00:00,OP004,Chloe Thomas,D,Morning,67,0,889.8,201,98.18,7,Completed,DOCK-4,10,4
2026-04-29 10:00:00,OP013,Raphael Lefebvre,C,Morning,58,1,721.8,116,98.63,6,Completed,DOCK-5,0,10
2026-04-29 10:00:00,OP011,Adam Simon,A,Morning,72,3,978.4,216,97.21,7,Completed,DOCK-3,0,10
2026-04-29 10:00:00,OP008,Lea Durand,C,Morning,62,1,675.6,124,97.12,5,Completed,DOCK-8,9,2
2026-04-29 10:00:00,OP002,Emma Bernard,B,Morning,64,0,658.6,64,95.75,3,Completed,DOCK-2,8,4
2026-04-29 10:00:00,OP003,Hugo Dubois,C,Morning,61,1,658.3,61,98.07,7,Completed,DOCK-3,0,7
2026-04-29 10:00:00,OP014,Ines Leroy,D,Morning,61,1,739.7,122,98.36,3,Completed,DOCK-6,8,9
2026-04-29 10:00:00,OP010,Sarah Laurent,E,Morning,68,0,956.5,136,97.73,4,Completed,DOCK-2,8,2
2026-04-29 10:00:00,OP018,Lina Bonnet,C,Morning,71,0,701.5,213,99.27,3,Completed,DOCK-2,3,11
2026-04-29 10:00:00,OP020,Mila Faure,E,Morning,65,1,691.6,195,98.0,5,Completed,DOCK-4,9,3
2026-04-29 10:00:00,OP009,Jules Moreau,D,Morning,64,1,841.1,128,97.72,3,Completed,DOCK-1,11,4
2026-04-29 10:00:00,OP005,Louis Robert,E,Morning,65,0,573.2,130,97.8,3,Completed,DOCK-5,1,4
2026-04-29 11:00:00,OP015,Tom Roux,E,Morning,68,0,889.2,68,98.78,7,Completed,DOCK-7,2,2
2026-04-29 11:00:00,OP001,Lucas Martin,A,Morning,57,2,604.7,114,97.1,6,Completed,DOCK-1,1,9
2026-04-29 11:00:00,OP007,Nathan Petit,B,Morning,72,1,859.0,216,98.15,6,Completed,DOCK-7,3,0
2026-04-29 11:00:00,OP012,Camille Michel,B,Morning,58,2,639.1,58,96.6,7,Completed,DOCK-4,7,1
2026-04-29 11:00:00,OP008,Lea Durand,C,Morning,60,0,833.8,60,98.14,4,Completed,DOCK-8,8,7
2026-04-29 11:00:00,OP011,Adam Simon,A,Morning,66,2,568.4,66,97.49,1,Completed,DOCK-3,8,7
2026-04-29 11:00:00,OP009,Jules Moreau,D,Morning,65,2,633.9,195,98.34,8,Completed,DOCK-1,2,4
2026-04-29 11:00:00,OP020,Mila Faure,E,Morning,60,1,686.5,180,97.65,9,Completed,DOCK-4,3,9
2026-04-29 11:00:00,OP019,Noah Lambert,D,Morning,63,2,792.1,189,98.69,7,Completed,DOCK-3,0,0
2026-04-29 11:00:00,OP016,Jade Fournier,A,Morning,70,0,791.3,70,98.84,4,Completed,DOCK-8,2,11
2026-04-29 11:00:00,OP013,Raphael Lefebvre,C,Morning,60,2,661.6,180,98.58,6,Cancelled,DOCK-5,9,4
2026-04-29 12:00:00,OP015,Tom Roux,E,Morning,79,0,692.0,79,99.9,10,Delayed,DOCK-7,7,4
2026-04-29 12:00:00,OP003,Hugo Dubois,C,Morning,55,0,614.9,55,97.7,5,Completed,DOCK-3,2,9
2026-04-29 12:00:00,OP010,Sarah Laurent,E,Morning,66,0,930.9,132,98.83,7,Completed,DOCK-2,10,9
2026-04-29 12:00:00,OP005,Louis Robert,E,Morning,58,0,615.7,174,99.51,3,Completed,DOCK-5,1,4
2026-04-29 12:00:00,OP020,Mila Faure,E,Morning,67,1,877.6,201,97.99,3,Delayed,DOCK-4,8,5
2026-04-29 12:00:00,OP006,Manon Richard,A,Morning,50,0,520.9,50,98.54,5,Completed,DOCK-6,6,10
2026-04-29 12:00:00,OP016,Jade Fournier,A,Morning,64,0,896.1,192,96.34,6,Completed,DOCK-8,10,3
2026-04-29 12:00:00,OP007,Nathan Petit,B,Morning,70,1,886.0,140,98.27,4,Completed,DOCK-7,11,9
2026-04-29 12:00:00,OP002,Emma Bernard,B,Morning,65,2,635.5,65,98.07,8,Delayed,DOCK-2,10,10
2026-04-29 12:00:00,OP009,Jules Moreau,D,Morning,52,1,591.0,52,97.16,9,Completed,DOCK-1,10,2
2026-04-29 12:00:00,OP012,Camille Michel,B,Morning,61,0,584.9,183,99.69,6,Completed,DOCK-4,5,5
2026-04-29 12:00:00,OP019,Noah Lambert,D,Morning,61,1,756.6,122,98.26,4,Completed,DOCK-3,9,10
2026-04-29 12:00:00,OP008,Lea Durand,C,Morning,61,0,608.7,61,98.67,7,Completed,DOCK-8,7,7
2026-04-29 12:00:00,OP017,Liam Girard,B,Morning,57,0,719.0,171,99.9,4,Completed,DOCK-1,0,6
2026-04-29 12:00:00,OP014,Ines Leroy,D,Morning,58,1,642.8,58,98.44,2,Completed,DOCK-6,4,10
2026-04-29 13:00:00,OP007,Nathan Petit,B,Morning,72,2,1016.7,72,98.47,9,Completed,DOCK-7,3,8
2026-04-29 13:00:00,OP005,Louis Robert,E,Morning,52,0,673.3,52,98.28,4,Completed,DOCK-5,11,4
2026-04-29 13:00:00,OP017,Liam Girard,B,Morning,57,1,795.3,171,97.28,3,Delayed,DOCK-1,7,2
2026-04-29 13:00:00,OP020,Mila Faure,E,Morning,50,1,571.1,50,97.65,3,Completed,DOCK-4,3,6
2026-04-29 13:00:00,OP018,Lina Bonnet,C,Morning,66,1,866.2,198,97.47,5,Completed,DOCK-2,10,0
2026-04-29 13:00:00,OP014,Ines Leroy,D,Morning,69,0,862.4,69,96.98,5,Completed,DOCK-6,11,6
2026-04-29 13:00:00,OP003,Hugo Dubois,C,Morning,50,0,556.7,100,98.33,5,Completed,DOCK-3,5,9
2026-04-29 13:00:00,OP011,Adam Simon,A,Morning,66,0,932.1,132,99.21,9,Completed,DOCK-3,2,3
2026-04-29 13:00:00,OP002,Emma Bernard,B,Morning,64,0,699.0,192,99.24,6,Completed,DOCK-2,5,6
2026-04-29 13:00:00,OP006,Manon Richard,A,Morning,58,0,495.4,174,97.87,4,Completed,DOCK-6,0,2
2026-04-29 13:00:00,OP008,Lea Durand,C,Morning,60,1,859.4,180,97.94,9,Completed,DOCK-8,8,9
2026-04-29 14:00:00,OP010,Sarah Laurent,E,Afternoon,51,1,478.4,102,97.57,5,Completed,DOCK-2,11,4
2026-04-29 14:00:00,OP001,Lucas Martin,A,Afternoon,40,0,537.3,40,98.72,1,Completed,DOCK-1,8,9
2026-04-29 14:00:00,OP014,Ines Leroy,D,Afternoon,46,0,628.8,92,98.26,1,Completed,DOCK-6,10,5
2026-04-29 14:00:00,OP003,Hugo Dubois,C,Afternoon,50,0,477.2,150,99.43,1,Completed,DOCK-3,3,1
2026-04-29 14:00:00,OP017,Liam Girard,B,Afternoon,53,2,738.6,106,97.03,3,Completed,DOCK-1,5,6
2026-04-29 14:00:00,OP011,Adam Simon,A,Afternoon,54,0,709.3,108,97.88,5,Completed,DOCK-3,1,7
2026-04-29 14:00:00,OP004,Chloe Thomas,D,Afternoon,60,0,864.3,120,96.84,5,Completed,DOCK-4,1,2
2026-04-29 14:00:00,OP007,Nathan Petit,B,Afternoon,57,2,487.4,114,98.61,6,Completed,DOCK-7,2,6
2026-04-29 14:00:00,OP019,Noah Lambert,D,Afternoon,54,0,537.9,54,97.73,2,Completed,DOCK-3,0,0
2026-04-29 14:00:00,OP012,Camille Michel,B,Afternoon,49,0,602.7,98,97.64,4,Completed,DOCK-4,3,7
2026-04-29 14:00:00,OP009,Jules Moreau,D,Afternoon,42,1,535.6,126,97.6,3,Completed,DOCK-1,11,5
2026-04-29 14:00:00,OP018,Lina Bonnet,C,Afternoon,49,0,540.9,98,98.3,1,Completed,DOCK-2,9,5
2026-04-29 14:00:00,OP015,Tom Roux,E,Afternoon,64,0,606.6,192,97.89,4,Completed,DOCK-7,7,10
2026-04-29 14:00:00,OP020,Mila Faure,E,Afternoon,49,1,628.9,49,99.05,6,Completed,DOCK-4,4,7
2026-04-29 14:00:00,OP016,Jade Fournier,A,Afternoon,52,1,633.3,104,97.92,6,Completed,DOCK-8,8,6
2026-04-29 15:00:00,OP001,Lucas Martin,A,Afternoon,50,1,529.1,100,98.43,8,Completed,DOCK-1,2,7
2026-04-29 15:00:00,OP013,Raphael Lefebvre,C,Afternoon,56,0,790.9,56,98.32,4,Completed,DOCK-5,4,9
2026-04-29 15:00:00,OP014,Ines Leroy,D,Afternoon,49,2,560.7,147,96.34,2,Completed,DOCK-6,6,0
2026-04-29 15:00:00,OP020,Mila Faure,E,Afternoon,44,4,477.2,88,97.65,1,Completed,DOCK-4,1,7
2026-04-29 15:00:00,OP005,Louis Robert,E,Afternoon,54,0,647.3,162,97.45,7,Completed,DOCK-5,0,5
2026-04-29 15:00:00,OP004,Chloe Thomas,D,Afternoon,58,0,642.5,116,98.28,9,Completed,DOCK-4,0,1
2026-04-29 15:00:00,OP019,Noah Lambert,D,Afternoon,60,0,862.0,180,96.86,5,Completed,DOCK-3,5,10
2026-04-29 15:00:00,OP006,Manon Richard,A,Afternoon,55,0,557.4,165,97.47,6,Completed,DOCK-6,4,7
2026-04-29 15:00:00,OP015,Tom Roux,E,Afternoon,61,0,724.9,183,97.81,5,Completed,DOCK-7,8,5
2026-04-29 15:00:00,OP003,Hugo Dubois,C,Afternoon,49,1,708.0,98,97.83,3,Completed,DOCK-3,5,7
2026-04-29 15:00:00,OP008,Lea Durand,C,Afternoon,53,1,605.2,53,97.58,4,Completed,DOCK-8,4,10
2026-04-29 16:00:00,OP020,Mila Faure,E,Afternoon,47,1,635.5,94,98.0,4,Completed,DOCK-4,2,8
2026-04-29 16:00:00,OP007,Nathan Petit,B,Afternoon,59,0,669.8,59,97.31,5,Completed,DOCK-7,11,1
2026-04-29 16:00:00,OP018,Lina Bonnet,C,Afternoon,53,0,672.1,159,98.2,2,Completed,DOCK-2,1,5
2026-04-29 16:00:00,OP012,Camille Michel,B,Afternoon,42,1,601.5,126,98.18,2,Completed,DOCK-4,9,8
2026-04-29 16:00:00,OP006,Manon Richard,A,Afternoon,45,2,460.4,135,98.91,4,Completed,DOCK-6,8,7
2026-04-29 16:00:00,OP001,Lucas Martin,A,Afternoon,40,0,513.4,40,98.81,1,Completed,DOCK-1,3,2
2026-04-29 16:00:00,OP009,Jules Moreau,D,Afternoon,48,1,449.4,144,98.77,3,Completed,DOCK-1,2,8
2026-04-29 16:00:00,OP013,Raphael Lefebvre,C,Afternoon,53,0,635.8,159,98.13,1,Completed,DOCK-5,0,2
2026-04-29 16:00:00,OP017,Liam Girard,B,Afternoon,49,2,686.7,98,96.7,3,Completed,DOCK-1,8,3
2026-04-29 16:00:00,OP004,Chloe Thomas,D,Afternoon,58,0,565.1,58,97.96,6,Completed,DOCK-4,8,3
2026-04-29 16:00:00,OP008,Lea Durand,C,Afternoon,60,1,665.6,180,98.56,3,Completed,DOCK-8,1,1
2026-04-29 16:00:00,OP016,Jade Fournier,A,Afternoon,51,1,654.1,102,98.39,7,Completed,DOCK-8,9,10
2026-04-29 16:00:00,OP011,Adam Simon,A,Afternoon,57,3,826.4,57,96.38,5,Completed,DOCK-3,2,3
2026-04-29 17:00:00,OP016,Jade Fournier,A,Afternoon,57,0,548.8,171,98.07,1,Completed,DOCK-8,10,6
2026-04-29 17:00:00,OP008,Lea Durand,C,Afternoon,55,1,699.9,55,97.79,5,Completed,DOCK-8,11,2
2026-04-29 17:00:00,OP009,Jules Moreau,D,Afternoon,50,0,606.4,150,97.12,4,Completed,DOCK-1,4,4
2026-04-29 17:00:00,OP003,Hugo Dubois,C,Afternoon,47,1,629.1,94,97.85,2,Completed,DOCK-3,0,5
2026-04-29 17:00:00,OP004,Chloe Thomas,D,Afternoon,53,0,735.8,106,98.26,2,Completed,DOCK-4,6,1
2026-04-29 17:00:00,OP010,Sarah Laurent,E,Afternoon,59,1,731.4,177,98.85,9,Completed,DOCK-2,10,10
2026-04-29 17:00:00,OP015,Tom Roux,E,Afternoon,56,2,492.9,112,99.31,3,Completed,DOCK-7,2,4
2026-04-29 17:00:00,OP019,Noah Lambert,D,Afternoon,46,1,397.0,138,98.18,1,Completed,DOCK-3,7,11
2026-04-29 18:00:00,OP011,Adam Simon,A,Afternoon,53,1,541.4,159,97.89,5,Completed,DOCK-3,4,3
2026-04-29 18:00:00,OP010,Sarah Laurent,E,Afternoon,64,0,921.8,64,97.9,3,Completed,DOCK-2,2,10
2026-04-29 18:00:00,OP002,Emma Bernard,B,Afternoon,58,0,723.4,58,97.44,5,Completed,DOCK-2,0,11
2026-04-29 18:00:00,OP009,Jules Moreau,D,Afternoon,43,1,444.7,86,97.07,4,Completed,DOCK-1,6,10
2026-04-29 18:00:00,OP015,Tom Roux,E,Afternoon,60,0,775.7,120,99.05,5,Completed,DOCK-7,0,7
2026-04-29 18:00:00,OP012,Camille Michel,B,Afternoon,47,0,678.3,94,96.01,6,Completed,DOCK-4,1,4
2026-04-29 18:00:00,OP020,Mila Faure,E,Afternoon,43,1,409.9,129,97.25,5,Completed,DOCK-4,7,10
2026-04-29 18:00:00,OP001,Lucas Martin,A,Afternoon,47,0,568.4,141,97.08,7,Delayed,DOCK-1,2,9
2026-04-29 18:00:00,OP017,Liam Girard,B,Afternoon,51,0,681.7,102,97.41,8,Completed,DOCK-1,4,2
2026-04-29 18:00:00,OP014,Ines Leroy,D,Afternoon,47,1,457.1,47,97.65,8,Completed,DOCK-6,8,8
2026-04-29 18:00:00,OP006,Manon Richard,A,Afternoon,43,1,544.3,129,98.72,2,Delayed,DOCK-6,6,4
2026-04-29 18:00:00,OP018,Lina Bonnet,C,Afternoon,51,0,622.1,153,99.25,2,Completed,DOCK-2,4,9
2026-04-29 18:00:00,OP005,Louis Robert,E,Afternoon,48,0,497.0,48,98.31,5,Completed,DOCK-5,6,1
2026-04-29 19:00:00,OP010,Sarah Laurent,E,Afternoon,63,0,816.1,63,97.85,7,Completed,DOCK-2,2,11
2026-04-29 19:00:00,OP003,Hugo Dubois,C,Afternoon,46,2,549.7,46,98.39,6,Completed,DOCK-3,10,0
2026-04-29 19:00:00,OP002,Emma Bernard,B,Afternoon,59,2,841.1,118,99.28,3,Completed,DOCK-2,6,7
2026-04-29 19:00:00,OP020,Mila Faure,E,Afternoon,53,0,559.6,106,97.15,5,Completed,DOCK-4,1,5
2026-04-29 19:00:00,OP008,Lea Durand,C,Afternoon,50,1,691.6,100,97.9,5,Completed,DOCK-8,7,0
2026-04-29 19:00:00,OP015,Tom Roux,E,Afternoon,61,0,611.7,61,98.65,5,Completed,DOCK-7,2,0
2026-04-29 19:00:00,OP018,Lina Bonnet,C,Afternoon,54,0,776.6,108,98.32,4,Completed,DOCK-2,4,10
2026-04-29 19:00:00,OP017,Liam Girard,B,Afternoon,43,1,416.2,43,97.28,4,Completed,DOCK-1,2,4
2026-04-29 19:00:00,OP001,Lucas Martin,A,Afternoon,48,0,521.6,144,98.53,8,Completed,DOCK-1,11,2
2026-04-29 19:00:00,OP012,Camille Michel,B,Afternoon,41,0,358.9,123,97.58,4,Completed,DOCK-4,5,7
2026-04-29 19:00:00,OP019,Noah Lambert,D,Afternoon,52,0,677.4,52,97.8,5,Completed,DOCK-3,8,2
2026-04-29 19:00:00,OP013,Raphael Lefebvre,C,Afternoon,52,0,557.1,156,97.78,5,Completed,DOCK-5,6,1
2026-04-29 19:00:00,OP006,Manon Richard,A,Afternoon,54,0,518.3,108,97.76,2,Completed,DOCK-6,9,10
2026-04-29 19:00:00,OP014,Ines Leroy,D,Afternoon,40,1,520.4,120,96.17,3,Completed,DOCK-6,2,6
2026-04-29 19:00:00,OP004,Chloe Thomas,D,Afternoon,56,0,508.4,112,98.74,6,Completed,DOCK-4,7,11
2026-04-29 20:00:00,OP018,Lina Bonnet,C,Afternoon,57,0,651.6,114,97.32,7,Delayed,DOCK-2,5,10
2026-04-29 20:00:00,OP011,Adam Simon,A,Afternoon,47,2,610.8,94,97.95,3,Completed,DOCK-3,11,11
2026-04-29 20:00:00,OP005,Louis Robert,E,Afternoon,52,0,730.8,52,99.78,1,Cancelled,DOCK-5,9,4
2026-04-29 20:00:00,OP017,Liam Girard,B,Afternoon,51,2,517.6,51,96.22,5,Completed,DOCK-1,3,8
2026-04-29 20:00:00,OP012,Camille Michel,B,Afternoon,40,0,422.0,40,97.24,4,Completed,DOCK-4,1,9
2026-04-29 20:00:00,OP020,Mila Faure,E,Afternoon,47,0,597.3,141,99.44,6,Cancelled,DOCK-4,11,4
2026-04-29 20:00:00,OP006,Manon Richard,A,Afternoon,40,2,569.4,120,97.83,4,Completed,DOCK-6,1,1
2026-04-29 20:00:00,OP014,Ines Leroy,D,Afternoon,48,0,618.0,144,97.74,1,Completed,DOCK-6,8,7
2026-04-29 20:00:00,OP019,Noah Lambert,D,Afternoon,49,2,417.9,147,98.44,3,Delayed,DOCK-3,10,2
2026-04-29 20:00:00,OP002,Emma Bernard,B,Afternoon,56,1,602.3,56,98.81,3,Completed,DOCK-2,10,5
2026-04-29 20:00:00,OP004,Chloe Thomas,D,Afternoon,51,0,671.0,51,98.33,3,Completed,DOCK-4,1,7
2026-04-29 20:00:00,OP016,Jade Fournier,A,Afternoon,42,0,563.5,42,98.43,1,Completed,DOCK-8,11,4
2026-04-29 20:00:00,OP015,Tom Roux,E,Afternoon,52,0,611.3,104,98.2,3,Delayed,DOCK-7,4,9
2026-04-29 20:00:00,OP009,Jules Moreau,D,Afternoon,40,0,487.7,120,95.81,3,Completed,DOCK-1,4,3
2026-04-29 21:00:00,OP011,Adam Simon,A,Afternoon,47,0,562.0,94,98.28,3,Completed,DOCK-3,1,6
2026-04-29 21:00:00,OP019,Noah Lambert,D,Afternoon,58,0,704.5,116,99.74,3,Completed,DOCK-3,4,7
2026-04-29 21:00:00,OP009,Jules Moreau,D,Afternoon,45,1,466.2,135,97.19,7,Completed,DOCK-1,0,4
2026-04-29 21:00:00,OP017,Liam Girard,B,Afternoon,47,0,597.5,141,97.93,2,Completed,DOCK-1,4,5
2026-04-29 21:00:00,OP016,Jade Fournier,A,Afternoon,53,0,576.5,159,97.17,3,Delayed,DOCK-8,5,4
2026-04-29 21:00:00,OP001,Lucas Martin,A,Afternoon,50,0,533.0,50,98.81,3,Completed,DOCK-1,8,0
2026-04-29 21:00:00,OP013,Raphael Lefebvre,C,Afternoon,49,1,520.4,147,98.78,3,Completed,DOCK-5,2,7
2026-04-29 21:00:00,OP008,Lea Durand,C,Afternoon,47,0,594.1,94,98.61,3,Completed,DOCK-8,8,9
2026-04-29 21:00:00,OP012,Camille Michel,B,Afternoon,42,1,585.1,126,97.99,2,Completed,DOCK-4,11,8
2026-04-29 21:00:00,OP002,Emma Bernard,B,Afternoon,50,2,672.4,50,98.56,5,Completed,DOCK-2,11,11
2026-04-29 22:00:00,OP014,Ines Leroy,D,Night,44,1,594.9,88,97.51,1,Completed,DOCK-6,2,7
2026-04-29 22:00:00,OP003,Hugo Dubois,C,Night,35,0,333.4,70,98.42,4,Delayed,DOCK-3,4,8
2026-04-29 22:00:00,OP015,Tom Roux,E,Night,45,0,641.9,45,98.56,4,Completed,DOCK-7,10,8
2026-04-29 22:00:00,OP005,Louis Robert,E,Night,41,1,462.1,41,98.33,2,Cancelled,DOCK-5,8,3
2026-04-29 22:00:00,OP006,Manon Richard,A,Night,29,1,246.6,29,98.09,1,Completed,DOCK-6,1,0
2026-04-29 22:00:00,OP002,Emma Bernard,B,Night,39,0,366.4,117,97.24,1,Completed,DOCK-2,1,6
2026-04-29 22:00:00,OP011,Adam Simon,A,Night,28,0,275.5,56,98.2,2,Completed,DOCK-3,0,2
2026-04-29 22:00:00,OP013,Raphael Lefebvre,C,Night,38,1,333.9,76,98.89,4,Completed,DOCK-5,6,10
2026-04-29 22:00:00,OP016,Jade Fournier,A,Night,46,0,527.7,46,96.6,1,Completed,DOCK-8,9,3
2026-04-29 23:00:00,OP020,Mila Faure,E,Night,31,1,442.6,62,97.89,3,Completed,DOCK-4,6,0
2026-04-29 23:00:00,OP001,Lucas Martin,A,Night,31,0,445.9,93,97.87,1,Completed,DOCK-1,0,7
2026-04-29 23:00:00,OP011,Adam Simon,A,Night,37,0,387.3,74,98.3,4,Completed,DOCK-3,7,4
2026-04-29 23:00:00,OP015,Tom Roux,E,Night,39,2,426.4,78,97.33,2,Completed,DOCK-7,0,6
2026-04-29 23:00:00,OP019,Noah Lambert,D,Night,39,1,341.3,117,97.46,4,Completed,DOCK-3,2,10
2026-04-29 23:00:00,OP014,Ines Leroy,D,Night,37,0,471.2,111,96.29,3,Completed,DOCK-6,7,1
2026-04-29 23:00:00,OP013,Raphael Lefebvre,C,Night,45,1,450.6,135,97.9,4,Completed,DOCK-5,9,3
2026-04-29 23:00:00,OP004,Chloe Thomas,D,Night,45,1,493.6,45,97.02,4,Completed,DOCK-4,0,1
2026-04-29 23:00:00,OP005,Louis Robert,E,Night,44,0,616.3,132,99.1,2,Completed,DOCK-5,6,6
2026-04-29 23:00:00,OP018,Lina Bonnet,C,Night,45,0,489.3,90,98.36,5,Completed,DOCK-2,9,4
2026-04-29 23:00:00,OP007,Nathan Petit,B,Night,40,0,478.9,80,96.96,1,Completed,DOCK-7,4,11
2026-04-30 00:00:00,OP002,Emma Bernard,B,Night,31,0,319.7,31,96.55,1,Completed,DOCK-2,11,10
2026-04-30 00:00:00,OP012,Camille Michel,B,Night,33,1,331.3,99,97.47,1,Completed,DOCK-4,3,3
2026-04-30 00:00:00,OP016,Jade Fournier,A,Night,33,0,299.0,33,97.33,4,Completed,DOCK-8,0,4
2026-04-30 00:00:00,OP017,Liam Girard,B,Night,30,0,425.6,30,98.15,2,Completed,DOCK-1,10,9
2026-04-30 00:00:00,OP008,Lea Durand,C,Night,34,0,355.9,68,98.41,2,Delayed,DOCK-8,9,8
2026-04-30 00:00:00,OP006,Manon Richard,A,Night,29,0,278.2,58,99.1,5,Completed,DOCK-6,0,3
2026-04-30 00:00:00,OP004,Chloe Thomas,D,Night,39,0,546.5,117,97.96,4,Completed,DOCK-4,5,2
2026-04-30 00:00:00,OP018,Lina Bonnet,C,Night,43,1,588.9,86,97.28,2,Delayed,DOCK-2,11,0
2026-04-30 00:00:00,OP010,Sarah Laurent,E,Night,33,0,426.2,99,99.9,2,Cancelled,DOCK-2,8,3
2026-04-30 00:00:00,OP019,Noah Lambert,D,Night,35,0,472.1,105,98.32,2,Completed,DOCK-3,11,2
2026-04-30 00:00:00,OP007,Nathan Petit,B,Night,40,0,399.8,40,97.65,1,Completed,DOCK-7,0,9
2026-04-30 00:00:00,OP013,Raphael Lefebvre,C,Night,39,0,421.7,39,99.55,5,Cancelled,DOCK-5,4,6
2026-04-30 00:00:00,OP009,Jules Moreau,D,Night,31,0,357.8,93,96.71,4,Completed,DOCK-1,8,3
2026-04-30 00:00:00,OP015,Tom Roux,E,Night,39,0,451.5,117,99.73,3,Delayed,DOCK-7,0,0
2026-04-30 00:00:00,OP011,Adam Simon,A,Night,35,0,330.2,35,97.59,4,Completed,DOCK-3,10,10
2026-04-30 01:00:00,OP003,Hugo Dubois,C,Night,39,0,532.6,117,97.46,4,Completed,DOCK-3,3,10
2026-04-30 01:00:00,OP009,Jules Moreau,D,Night,39,2,423.2,39,97.46,1,Completed,DOCK-1,4,5
2026-04-30 01:00:00,OP004,Chloe Thomas,D,Night,41,1,449.2,123,97.26,5,Completed,DOCK-4,9,4
2026-04-30 01:00:00,OP013,Raphael Lefebvre,C,Night,32,0,435.6,96,97.72,3,Completed,DOCK-5,5,8
2026-04-30 01:00:00,OP020,Mila Faure,E,Night,29,1,267.7,87,98.13,3,Completed,DOCK-4,7,9
2026-04-30 01:00:00,OP005,Louis Robert,E,Night,39,0,367.6,39,98.89,2,Completed,DOCK-5,9,11
2026-04-30 01:00:00,OP019,Noah Lambert,D,Night,33,1,309.6,66,97.78,3,Completed,DOCK-3,2,0
2026-04-30 01:00:00,OP017,Liam Girard,B,Night,34,0,428.3,68,97.99,5,Completed,DOCK-1,9,11
2026-04-30 01:00:00,OP010,Sarah Laurent,E,Night,42,0,559.9,42,99.9,6,Completed,DOCK-2,5,3
2026-04-30 01:00:00,OP011,Adam Simon,A,Night,29,0,338.0,29,98.33,2,Completed,DOCK-3,1,1
2026-04-30 01:00:00,OP018,Lina Bonnet,C,Night,37,1,359.2,37,96.73,4,Completed,DOCK-2,4,1
2026-04-30 02:00:00,OP013,Raphael Lefebvre,C,Night,40,0,508.0,40,97.62,2,Completed,DOCK-5,3,1
2026-04-30 02:00:00,OP017,Liam Girard,B,Night,29,0,397.3,87,98.06,3,Completed,DOCK-1,10,9
2026-04-30 02:00:00,OP002,Emma Bernard,B,Night,35,0,470.1,70,97.65,2,Completed,DOCK-2,7,8
2026-04-30 02:00:00,OP001,Lucas Martin,A,Night,29,0,317.2,87,97.74,4,Completed,DOCK-1,8,8
2026-04-30 02:00:00,OP004,Chloe Thomas,D,Night,42,0,603.2,84,97.23,1,Completed,DOCK-4,11,9
2026-04-30 02:00:00,OP007,Nathan Petit,B,Night,34,0,477.2,102,97.94,2,Completed,DOCK-7,10,4
2026-04-30 02:00:00,OP018,Lina Bonnet,C,Night,46,0,655.3,92,99.9,4,Completed,DOCK-2,1,7
2026-04-30 02:00:00,OP003,Hugo Dubois,C,Night,27,1,300.4,81,97.63,1,Completed,DOCK-3,5,2
2026-04-30 02:00:00,OP020,Mila Faure,E,Night,29,0,414.3,29,96.79,4,Completed,DOCK-4,8,8
2026-04-30 02:00:00,OP019,Noah Lambert,D,Night,41,0,586.1,123,96.98,2,Completed,DOCK-3,0,11
2026-04-30 02:00:00,OP012,Camille Michel,B,Night,31,0,310.0,31,97.35,2,Completed,DOCK-4,7,7
2026-04-30 02:00:00,OP008,Lea Durand,C,Night,45,3,443.7,135,97.24,4,Completed,DOCK-8,1,9
2026-04-30 02:00:00,OP006,Manon Richard,A,Night,31,0,376.8,62,97.56,2,Completed,DOCK-6,11,10
2026-04-30 02:00:00,OP016,Jade Fournier,A,Night,41,1,592.2,123,96.88,6,Delayed,DOCK-8,2,1
2026-04-30 02:00:00,OP015,Tom Roux,E,Night,43,1,558.7,86,99.6,2,Completed,DOCK-7,2,5
2026-04-30 03:00:00,OP020,Mila Faure,E,Night,29,0,257.7,58,97.61,5,Completed,DOCK-4,7,2
2026-04-30 03:00:00,OP016,Jade Fournier,A,Night,36,0,403.9,36,97.95,3,Completed,DOCK-8,11,5
2026-04-30 03:00:00,OP006,Manon Richard,A,Night,41,0,454.2,82,97.88,3,Completed,DOCK-6,1,2
2026-04-30 03:00:00,OP002,Emma Bernard,B,Night,40,1,566.0,40,97.93,3,Completed,DOCK-2,4,0
2026-04-30 03:00:00,OP004,Chloe Thomas,D,Night,37,0,366.8,111,97.81,2,Completed,DOCK-4,2,2
2026-04-30 03:00:00,OP013,Raphael Lefebvre,C,Night,39,0,342.2,39,98.34,1,Completed,DOCK-5,6,11
2026-04-30 03:00:00,OP009,Jules Moreau,D,Night,26,0,241.7,52,98.37,2,Completed,DOCK-1,5,7
2026-04-30 03:00:00,OP014,Ines Leroy,D,Night,38,0,449.6,38,98.11,1,Completed,DOCK-6,5,2
2026-04-30 03:00:00,OP011,Adam Simon,A,Night,35,0,456.9,35,97.53,3,Completed,DOCK-3,6,5
2026-04-30 03:00:00,OP019,Noah Lambert,D,Night,31,0,356.0,62,96.88,1,Completed,DOCK-3,4,0
2026-04-30 03:00:00,OP012,Camille Michel,B,Night,25,0,235.4,75,99.45,1,Delayed,DOCK-4,4,11
2026-04-30 03:00:00,OP010,Sarah Laurent,E,Night,43,0,515.9,86,97.13,1,Completed,DOCK-2,4,1
2026-04-30 03:00:00,OP003,Hugo Dubois,C,Night,35,1,357.9,35,99.36,3,Completed,DOCK-3,10,7
2026-04-30 04:00:00,OP003,Hugo Dubois,C,Night,32,0,419.3,64,97.75,3,Completed,DOCK-3,1,4
2026-04-30 04:00:00,OP002,Emma Bernard,B,Night,38,0,466.4,114,99.24,2,Completed,DOCK-2,5,1
2026-04-30 04:00:00,OP010,Sarah Laurent,E,Night,46,0,597.9,92,99.5,4,Cancelled,DOCK-2,3,8
2026-04-30 04:00:00,OP007,Nathan Petit,B,Night,36,1,353.9,36,98.48,2,Completed,DOCK-7,6,4
2026-04-30 04:00:00,OP015,Tom Roux,E,Night,40,0,515.9,80,98.49,3,Completed,DOCK-7,9,3
2026-04-30 04:00:00,OP016,Jade Fournier,A,Night,25,0,308.2,50,98.72,1,Completed,DOCK-8,8,8
2026-04-30 04:00:00,OP001,Lucas Martin,A,Night,25,1,290.3,50,99.21,2,Cancelled,DOCK-1,10,11
2026-04-30 04:00:00,OP017,Liam Girard,B,Night,31,0,400.2,93,98.16,1,Completed,DOCK-1,2,3
2026-04-30 04:00:00,OP008,Lea Durand,C,Night,34,0,437.1,34,99.24,4,Cancelled,DOCK-8,3,5
2026-04-30 05:00:00,OP012,Camille Michel,B,Night,25,0,341.1,50,97.63,1,Completed,DOCK-4,8,6
2026-04-30 05:00:00,OP003,Hugo Dubois,C,Night,35,0,477.5,70,97.79,3,Completed,DOCK-3,3,1
2026-04-30 05:00:00,OP013,Raphael Lefebvre,C,Night,32,1,287.3,96,98.47,1,Completed,DOCK-5,2,3
2026-04-30 05:00:00,OP008,Lea Durand,C,Night,33,0,375.7,33,97.21,5,Completed,DOCK-8,0,5
2026-04-30 05:00:00,OP007,Nathan Petit,B,Night,26,0,334.9,52,97.84,1,Completed,DOCK-7,2,2
2026-04-30 05:00:00,OP017,Liam Girard,B,Night,25,0,225.0,75,97.36,1,Completed,DOCK-1,7,5
2026-04-30 05:00:00,OP019,Noah Lambert,D,Night,30,1,277.3,90,99.67,5,Completed,DOCK-3,1,11
2026-04-30 05:00:00,OP015,Tom Roux,E,Night,40,1,514.2,120,97.7,5,Completed,DOCK-7,0,11
2026-04-30 05:00:00,OP001,Lucas Martin,A,Night,28,0,331.3,28,97.87,1,Completed,DOCK-1,6,11
2026-04-30 05:00:00,OP018,Lina Bonnet,C,Night,36,0,511.7,36,97.89,3,Completed,DOCK-2,6,0
2026-04-30 06:00:00,OP019,Noah Lambert,D,Morning,63,0,799.4,63,98.58,6,Completed,DOCK-3,3,5
2026-04-30 06:00:00,OP010,Sarah Laurent,E,Morning,66,0,924.8,66,99.28,3,Completed,DOCK-2,0,8
2026-04-30 06:00:00,OP012,Camille Michel,B,Morning,54,1,609.2,108,98.09,3,Completed,DOCK-4,0,11
2026-04-30 06:00:00,OP016,Jade Fournier,A,Morning,57,0,544.5,114,97.84,1,Completed,DOCK-8,11,4
2026-04-30 06:00:00,OP006,Manon Richard,A,Morning,62,1,661.1,124,96.51,4,Delayed,DOCK-6,5,2
2026-04-30 06:00:00,OP007,Nathan Petit,B,Morning,63,1,623.4,126,98.74,1,Completed,DOCK-7,6,8
2026-04-30 06:00:00,OP004,Chloe Thomas,D,Morning,69,1,903.2,138,99.76,2,Completed,DOCK-4,3,11
2026-04-30 06:00:00,OP011,Adam Simon,A,Morning,70,0,856.1,210,97.84,5,Completed,DOCK-3,2,1
2026-04-30 06:00:00,OP001,Lucas Martin,A,Morning,62,0,755.5,124,98.22,6,Completed,DOCK-1,4,3
2026-04-30 06:00:00,OP014,Ines Leroy,D,Morning,53,0,615.5,159,96.36,4,Completed,DOCK-6,7,1
2026-04-30 06:00:00,OP017,Liam Girard,B,Morning,60,1,662.6,60,98.27,2,Completed,DOCK-1,10,0
2026-04-30 06:00:00,OP020,Mila Faure,E,Morning,71,2,732.4,71,97.95,8,Delayed,DOCK-4,9,2
2026-04-30 06:00:00,OP018,Lina Bonnet,C,Morning,66,0,772.6,66,98.98,3,Completed,DOCK-2,4,11
2026-04-30 06:00:00,OP003,Hugo Dubois,C,Morning,68,2,984.3,204,96.4,8,Completed,DOCK-3,10,7
2026-04-30 07:00:00,OP008,Lea Durand,C,Morning,62,1,587.7,186,98.55,2,Completed,DOCK-8,4,7
2026-04-30 07:00:00,OP006,Manon Richard,A,Morning,59,1,754.3,59,98.71,8,Completed,DOCK-6,0,0
2026-04-30 07:00:00,OP010,Sarah Laurent,E,Morning,67,1,725.2,201,97.02,3,Completed,DOCK-2,6,4
2026-04-30 07:00:00,OP003,Hugo Dubois,C,Morning,57,0,604.0,171,97.51,6,Completed,DOCK-3,4,2
2026-04-30 07:00:00,OP020,Mila Faure,E,Morning,66,1,617.9,198,98.29,2,Delayed,DOCK-4,7,0
2026-04-30 07:00:00,OP019,Noah Lambert,D,Morning,61,1,545.6,122,97.74,6,Delayed,DOCK-3,2,8
2026-04-30 07:00:00,OP004,Chloe Thomas,D,Morning,69,0,587.3,207,97.93,5,Completed,DOCK-4,2,9
2026-04-30 07:00:00,OP009,Jules Moreau,D,Morning,53,0,764.8,106,96.71,6,Delayed,DOCK-1,4,7
2026-04-30 07:00:00,OP007,Nathan Petit,B,Morning,58,1,726.2,58,98.46,3,Completed,DOCK-7,7,3
2026-04-30 07:00:00,OP017,Liam Girard,B,Morning,71,1,736.8,213,97.53,6,Completed,DOCK-1,10,11
2026-04-30 07:00:00,OP002,Emma Bernard,B,Morning,65,0,866.5,195,96.95,8,Completed,DOCK-2,2,2
2026-04-30 07:00:00,OP012,Camille Michel,B,Morning,55,1,681.2,165,97.96,5,Completed,DOCK-4,4,3
2026-04-30 07:00:00,OP005,Louis Robert,E,Morning,63,1,654.2,126,99.03,4,Completed,DOCK-5,9,9
2026-04-30 08:00:00,OP008,Lea Durand,C,Morning,61,3,536.0,61,97.31,4,Completed,DOCK-8,6,6
2026-04-30 08:00:00,OP009,Jules Moreau,D,Morning,60,1,785.3,120,96.71,5,Completed,DOCK-1,10,8
2026-04-30 08:00:00,OP002,Emma Bernard,B,Morning,66,0,889.6,198,98.19,6,Completed,DOCK-2,2,11
2026-04-30 08:00:00,OP017,Liam Girard,B,Morning,52,1,499.7,104,98.69,6,Completed,DOCK-1,8,9
2026-04-30 08:00:00,OP001,Lucas Martin,A,Morning,57,2,675.4,171,97.22,5,Completed,DOCK-1,6,3
2026-04-30 08:00:00,OP020,Mila Faure,E,Morning,60,1,864.2,180,97.12,6,Completed,DOCK-4,10,4
2026-04-30 08:00:00,OP016,Jade Fournier,A,Morning,69,0,721.9,207,97.97,11,Cancelled,DOCK-8,6,2
2026-04-30 08:00:00,OP003,Hugo Dubois,C,Morning,62,0,648.3,62,98.41,2,Completed,DOCK-3,7,8
2026-04-30 08:00:00,OP015,Tom Roux,E,Morning,76,2,835.1,228,97.81,11,Completed,DOCK-7,11,0
2026-04-30 08:00:00,OP013,Raphael Lefebvre,C,Morning,68,0,798.8,204,96.96,9,Completed,DOCK-5,8,5
2026-04-30 09:00:00,OP002,Emma Bernard,B,Morning,56,2,609.9,112,97.54,6,Completed,DOCK-2,4,10
2026-04-30 09:00:00,OP008,Lea Durand,C,Morning,65,3,631.9,130,98.68,9,Completed,DOCK-8,8,1
2026-04-30 09:00:00,OP003,Hugo Dubois,C,Morning,64,2,679.2,192,97.06,5,Completed,DOCK-3,9,7
2026-04-30 09:00:00,OP012,Camille Michel,B,Morning,58,0,603.8,58,97.2,3,Completed,DOCK-4,5,10
2026-04-30 09:00:00,OP020,Mila Faure,E,Morning,59,0,593.8,118,97.58,2,Completed,DOCK-4,0,9
2026-04-30 09:00:00,OP007,Nathan Petit,B,Morning,68,0,898.4,204,97.86,6,Completed,DOCK-7,8,2
2026-04-30 09:00:00,OP010,Sarah Laurent,E,Morning,63,1,864.1,126,97.54,6,Delayed,DOCK-2,5,10
2026-04-30 09:00:00,OP006,Manon Richard,A,Morning,55,0,683.6,165,98.35,1,Completed,DOCK-6,3,1
2026-04-30 09:00:00,OP018,Lina Bonnet,C,Morning,61,2,626.7,61,97.75,8,Completed,DOCK-2,5,6
2026-04-30 09:00:00,OP016,Jade Fournier,A,Morning,61,0,524.1,61,96.94,2,Completed,DOCK-8,6,8
2026-04-30 09:00:00,OP015,Tom Roux,E,Morning,68,1,751.7,204,98.31,3,Completed,DOCK-7,10,8
2026-04-30 09:00:00,OP001,Lucas Martin,A,Morning,53,0,508.3,106,97.56,7,Completed,DOCK-1,1,6
2026-04-30 09:00:00,OP011,Adam Simon,A,Morning,66,1,867.0,198,98.91,2,Completed,DOCK-3,9,11
2026-04-30 09:00:00,OP014,Ines Leroy,D,Morning,61,0,849.4,61,97.31,5,Completed,DOCK-6,0,3
2026-04-30 10:00:00,OP014,Ines Leroy,D,Morning,54,1,650.4,108,97.11,5,Delayed,DOCK-6,1,11
2026-04-30 10:00:00,OP009,Jules Moreau,D,Morning,55,0,793.6,110,97.18,4,Completed,DOCK-1,0,2
2026-04-30 10:00:00,OP015,Tom Roux,E,Morning,66,1,639.4,198,97.46,10,Cancelled,DOCK-7,8,5
2026-04-30 10:00:00,OP019,Noah Lambert,D,Morning,70,1,747.1,70,99.1,7,Completed,DOCK-3,4,5
2026-04-30 10:00:00,OP007,Nathan Petit,B,Morning,60,0,861.9,60,98.85,7,Cancelled,DOCK-7,11,6
2026-04-30 10:00:00,OP016,Jade Fournier,A,Morning,60,0,665.5,180,97.41,6,Completed,DOCK-8,2,5
2026-04-30 10:00:00,OP018,Lina Bonnet,C,Morning,64,1,848.8,192,97.97,2,Completed,DOCK-2,4,9
2026-04-30 10:00:00,OP020,Mila Faure,E,Morning,55,0,475.3,55,97.43,6,Completed,DOCK-4,9,9
2026-04-30 10:00:00,OP008,Lea Durand,C,Morning,62,0,892.3,186,96.78,5,Completed,DOCK-8,9,10
2026-04-30 10:00:00,OP002,Emma Bernard,B,Morning,63,2,752.0,189,98.29,4,Completed,DOCK-2,11,11
2026-04-30 10:00:00,OP017,Liam Girard,B,Morning,60,0,824.8,180,97.86,3,Completed,DOCK-1,1,3
2026-04-30 10:00:00,OP003,Hugo Dubois,C,Morning,65,0,918.8,195,97.98,5,Completed,DOCK-3,4,0
2026-04-30 11:00:00,OP014,Ines Leroy,D,Morning,52,0,670.8,156,98.87,2,Completed,DOCK-6,6,0
2026-04-30 11:00:00,OP011,Adam Simon,A,Morning,61,0,641.5,122,97.45,5,Completed,DOCK-3,11,7
2026-04-30 11:00:00,OP001,Lucas Martin,A,Morning,60,0,603.8,120,98.55,7,Completed,DOCK-1,10,9
2026-04-30 11:00:00,OP015,Tom Roux,E,Morning,80,0,796.2,240,98.97,9,Completed,DOCK-7,9,0
2026-04-30 11:00:00,OP017,Liam Girard,B,Morning,52,0,752.4,156,97.69,2,Completed,DOCK-1,8,0
2026-04-30 11:00:00,OP009,Jules Moreau,D,Morning,54,0,505.5,108,97.93,5,Completed,DOCK-1,10,10
2026-04-30 11:00:00,OP002,Emma Bernard,B,Morning,68,0,861.9,204,98.75,3,Completed,DOCK-2,0,6
2026-04-30 11:00:00,OP016,Jade Fournier,A,Morning,54,1,562.9,108,96.03,4,Completed,DOCK-8,11,3
2026-04-30 11:00:00,OP010,Sarah Laurent,E,Morning,71,0,609.6,142,98.25,4,Completed,DOCK-2,3,6
2026-04-30 11:00:00,OP012,Camille Michel,B,Morning,52,0,555.4,104,96.54,9,Completed,DOCK-4,4,4
2026-04-30 11:00:00,OP006,Manon Richard,A,Morning,56,0,520.3,56,96.8,3,Completed,DOCK-6,11,2
2026-04-30 11:00:00,OP018,Lina Bonnet,C,Morning,74,2,924.3,74,99.16,6,Delayed,DOCK-2,11,11
2026-04-30 11:00:00,OP008,Lea Durand,C,Morning,64,0,720.2,64,97.18,8,Completed,DOCK-8,11,1
2026-04-30 12:00:00,OP020,Mila Faure,E,Morning,56,0,638.8,168,97.57,4,Completed,DOCK-4,1,7
2026-04-30 12:00:00,OP004,Chloe Thomas,D,Morning,22,0,257.6,22,98.45,2,Delayed,DOCK-4,5,9
2026-04-30 12:00:00,OP017,Liam Girard,B,Morning,61,0,727.7,122,96.97,7,Completed,DOCK-1,2,9
2026-04-30 12:00:00,OP015,Tom Roux,E,Morning,64,0,887.6,192,98.26,13,Completed,DOCK-7,6,5
2026-04-30 12:00:00,OP014,Ines Leroy,D,Morning,63,2,603.5,126,97.97,5,Completed,DOCK-6,5,10
2026-04-30 12:00:00,OP001,Lucas Martin,A,Morning,57,0,670.7,57,96.72,6,Completed,DOCK-1,7,3
2026-04-30 12:00:00,OP006,Manon Richard,A,Morning,65,1,773.4,195,98.49,6,Completed,DOCK-6,1,8
2026-04-30 12:00:00,OP011,Adam Simon,A,Morning,54,1,495.6,108,96.86,5,Completed,DOCK-3,2,8
2026-04-30 12:00:00,OP018,Lina Bonnet,C,Morning,66,0,888.5,198,97.79,5,Completed,DOCK-2,10,0
2026-04-30 12:00:00,OP005,Louis Robert,E,Morning,62,2,565.5,186,99.74,1,Completed,DOCK-5,8,6
2026-04-30 12:00:00,OP009,Jules Moreau,D,Morning,66,1,860.7,66,97.25,4,Completed,DOCK-1,0,9
2026-04-30 12:00:00,OP003,Hugo Dubois,C,Morning,57,1,678.0,171,98.33,2,Completed,DOCK-3,5,7
2026-04-30 12:00:00,OP016,Jade Fournier,A,Morning,71,1,710.1,71,96.2,5,Completed,DOCK-8,1,0
2026-04-30 12:00:00,OP002,Emma Bernard,B,Morning,62,1,667.4,186,98.48,2,Completed,DOCK-2,11,8
2026-04-30 13:00:00,OP019,Noah Lambert,D,Morning,71,0,777.1,213,98.62,6,Completed,DOCK-3,2,9
2026-04-30 13:00:00,OP016,Jade Fournier,A,Morning,62,1,676.8,186,99.47,7,Completed,DOCK-8,8,4
2026-04-30 13:00:00,OP011,Adam Simon,A,Morning,56,1,795.0,56,98.82,5,Completed,DOCK-3,0,1
2026-04-30 13:00:00,OP009,Jules Moreau,D,Morning,58,2,621.0,116,96.01,3,Completed,DOCK-1,2,1
2026-04-30 13:00:00,OP006,Manon Richard,A,Morning,53,1,492.9,159,97.48,2,Completed,DOCK-6,3,3
2026-04-30 13:00:00,OP005,Louis Robert,E,Morning,53,0,563.4,53,97.03,4,Completed,DOCK-5,6,1
2026-04-30 13:00:00,OP014,Ines Leroy,D,Morning,62,0,636.5,62,95.22,4,Completed,DOCK-6,8,11
2026-04-30 13:00:00,OP003,Hugo Dubois,C,Morning,53,1,667.3,106,97.91,3,Cancelled,DOCK-3,3,9
2026-04-30 13:00:00,OP018,Lina Bonnet,C,Morning,67,1,576.7,134,98.0,4,Completed,DOCK-2,5,4
2026-04-30 14:00:00,OP009,Jules Moreau,D,Afternoon,47,0,674.5,141,97.65,3,Completed,DOCK-1,8,2
2026-04-30 14:00:00,OP010,Sarah Laurent,E,Afternoon,51,0,590.1,153,98.93,6,Completed,DOCK-2,5,2
2026-04-30 14:00:00,OP014,Ines Leroy,D,Afternoon,50,0,560.5,50,96.89,4,Completed,DOCK-6,10,0
2026-04-30 14:00:00,OP019,Noah Lambert,D,Afternoon,45,0,603.0,90,98.29,2,Completed,DOCK-3,5,0
2026-04-30 14:00:00,OP006,Manon Richard,A,Afternoon,45,1,544.1,135,97.58,1,Completed,DOCK-6,9,2
2026-04-30 14:00:00,OP015,Tom Roux,E,Afternoon,53,0,477.2,159,99.29,2,Completed,DOCK-7,11,1
2026-04-30 14:00:00,OP001,Lucas Martin,A,Afternoon,47,0,654.7,94,98.75,2,Completed,DOCK-1,0,2
2026-04-30 14:00:00,OP016,Jade Fournier,A,Afternoon,46,2,440.9,46,99.57,2,Completed,DOCK-8,2,4
2026-04-30 14:00:00,OP005,Louis Robert,E,Afternoon,58,1,697.1,116,98.74,3,Completed,DOCK-5,6,10
2026-04-30 14:00:00,OP013,Raphael Lefebvre,C,Afternoon,58,0,647.5,116,99.9,11,Completed,DOCK-5,0,9
2026-04-30 14:00:00,OP007,Nathan Petit,B,Afternoon,51,0,688.3,102,97.75,2,Completed,DOCK-7,7,3
2026-04-30 14:00:00,OP012,Camille Michel,B,Afternoon,47,1,525.6,94,96.48,4,Completed,DOCK-4,9,0
2026-04-30 15:00:00,OP015,Tom Roux,E,Afternoon,58,1,513.0,58,99.43,10,Completed,DOCK-7,5,10
2026-04-30 15:00:00,OP017,Liam Girard,B,Afternoon,53,1,586.7,159,96.57,3,Completed,DOCK-1,0,3
2026-04-30 15:00:00,OP004,Chloe Thomas,D,Afternoon,63,0,808.5,126,98.77,5,Completed,DOCK-4,4,3
2026-04-30 15:00:00,OP011,Adam Simon,A,Afternoon,48,0,557.7,96,99.29,5,Completed,DOCK-3,8,2
2026-04-30 15:00:00,OP008,Lea Durand,C,Afternoon,56,0,648.5,168,98.3,6,Completed,DOCK-8,10,7
2026-04-30 15:00:00,OP016,Jade Fournier,A,Afternoon,47,1,531.1,94,97.23,4,Completed,DOCK-8,10,5
2026-04-30 15:00:00,OP003,Hugo Dubois,C,Afternoon,52,0,696.1,52,97.07,3,Completed,DOCK-3,6,10
2026-04-30 15:00:00,OP010,Sarah Laurent,E,Afternoon,56,0,579.5,56,98.31,4,Completed,DOCK-2,7,5
2026-04-30 15:00:00,OP018,Lina Bonnet,C,Afternoon,58,1,637.1,116,98.66,5,Completed,DOCK-2,6,10
2026-04-30 15:00:00,OP002,Emma Bernard,B,Afternoon,51,1,556.7,153,98.89,5,Completed,DOCK-2,1,10
2026-04-30 15:00:00,OP005,Louis Robert,E,Afternoon,53,1,510.0,53,98.34,7,Completed,DOCK-5,2,8
2026-04-30 15:00:00,OP020,Mila Faure,E,Afternoon,53,0,740.8,159,97.67,5,Completed,DOCK-4,5,10
2026-04-30 15:00:00,OP014,Ines Leroy,D,Afternoon,53,2,480.4,53,99.06,10,Completed,DOCK-6,1,8
2026-04-30 15:00:00,OP001,Lucas Martin,A,Afternoon,45,0,500.9,90,99.03,3,Completed,DOCK-1,6,2
2026-04-30 16:00:00,OP013,Raphael Lefebvre,C,Afternoon,51,1,478.6,51,96.59,1,Completed,DOCK-5,11,10
2026-04-30 16:00:00,OP014,Ines Leroy,D,Afternoon,53,1,767.7,106,97.71,3,Completed,DOCK-6,10,2
2026-04-30 16:00:00,OP008,Lea Durand,C,Afternoon,54,3,515.3,162,97.83,9,Completed,DOCK-8,1,6
2026-04-30 16:00:00,OP004,Chloe Thomas,D,Afternoon,59,0,732.1,118,99.13,3,Completed,DOCK-4,2,0
2026-04-30 16:00:00,OP001,Lucas Martin,A,Afternoon,40,1,529.7,120,97.0,2,Completed,DOCK-1,5,10
2026-04-30 16:00:00,OP006,Manon Richard,A,Afternoon,49,0,596.2,147,98.79,4,Delayed,DOCK-6,5,10
2026-04-30 16:00:00,OP019,Noah Lambert,D,Afternoon,59,1,619.0,177,97.79,7,Completed,DOCK-3,0,3
2026-04-30 16:00:00,OP017,Liam Girard,B,Afternoon,48,1,493.2,96,97.94,2,Completed,DOCK-1,3,10
2026-04-30 16:00:00,OP016,Jade Fournier,A,Afternoon,52,1,636.0,52,97.75,5,Completed,DOCK-8,7,8
2026-04-30 16:00:00,OP005,Louis Robert,E,Afternoon,48,2,578.4,48,98.14,6,Completed,DOCK-5,2,1
2026-04-30 16:00:00,OP007,Nathan Petit,B,Afternoon,49,0,598.6,147,97.46,5,Completed,DOCK-7,1,5
2026-04-30 16:00:00,OP003,Hugo Dubois,C,Afternoon,48,2,444.4,48,97.21,4,Completed,DOCK-3,3,0
2026-04-30 17:00:00,OP010,Sarah Laurent,E,Afternoon,52,0,449.8,104,99.11,3,Completed,DOCK-2,4,11
2026-04-30 17:00:00,OP018,Lina Bonnet,C,Afternoon,63,1,897.2,189,99.43,4,Completed,DOCK-2,8,10
2026-04-30 17:00:00,OP020,Mila Faure,E,Afternoon,48,0,489.5,96,96.32,7,Completed,DOCK-4,9,5
2026-04-30 17:00:00,OP015,Tom Roux,E,Afternoon,63,1,794.5,126,98.83,3,Completed,DOCK-7,3,3
2026-04-30 17:00:00,OP008,Lea Durand,C,Afternoon,42,0,590.0,126,97.99,5,Completed,DOCK-8,8,2
2026-04-30 17:00:00,OP013,Raphael Lefebvre,C,Afternoon,56,1,743.9,168,97.45,2,Completed,DOCK-5,6,2
2026-04-30 17:00:00,OP011,Adam Simon,A,Afternoon,59,1,607.8,59,96.64,5,Cancelled,DOCK-3,4,1
2026-04-30 17:00:00,OP007,Nathan Petit,B,Afternoon,55,1,652.9,110,98.77,4,Completed,DOCK-7,6,4
2026-04-30 18:00:00,OP020,Mila Faure,E,Afternoon,42,0,414.9,126,96.9,3,Completed,DOCK-4,9,4
2026-04-30 18:00:00,OP005,Louis Robert,E,Afternoon,49,1,709.2,147,99.17,8,Delayed,DOCK-5,11,4
2026-04-30 18:00:00,OP012,Camille Michel,B,Afternoon,46,0,460.2,138,96.79,3,Completed,DOCK-4,5,0
2026-04-30 18:00:00,OP010,Sarah Laurent,E,Afternoon,53,2,637.6,159,97.34,5,Completed,DOCK-2,3,1
2026-04-30 18:00:00,OP013,Raphael Lefebvre,C,Afternoon,48,0,519.7,96,98.42,1,Completed,DOCK-5,4,3
2026-04-30 18:00:00,OP015,Tom Roux,E,Afternoon,49,1,469.1,147,98.54,1,Completed,DOCK-7,4,7
2026-04-30 18:00:00,OP014,Ines Leroy,D,Afternoon,49,0,499.7,147,97.92,7,Completed,DOCK-6,2,4
2026-04-30 18:00:00,OP006,Manon Richard,A,Afternoon,55,0,535.8,110,97.97,4,Completed,DOCK-6,4,1
2026-04-30 18:00:00,OP019,Noah Lambert,D,Afternoon,52,0,484.5,104,98.82,9,Completed,DOCK-3,11,3
2026-04-30 18:00:00,OP011,Adam Simon,A,Afternoon,48,1,472.2,144,97.4,6,Completed,DOCK-3,5,3
2026-04-30 18:00:00,OP001,Lucas Martin,A,Afternoon,40,0,502.4,80,97.9,6,Completed,DOCK-1,0,5
2026-04-30 18:00:00,OP004,Chloe Thomas,D,Afternoon,50,0,598.2,150,98.48,4,Completed,DOCK-4,3,10
2026-04-30 18:00:00,OP007,Nathan Petit,B,Afternoon,53,0,564.9,159,98.1,4,Completed,DOCK-7,10,3
2026-04-30 18:00:00,OP003,Hugo Dubois,C,Afternoon,45,0,479.4,135,97.7,3,Completed,DOCK-3,9,10
2026-04-30 19:00:00,OP019,Noah Lambert,D,Afternoon,51,1,451.9,51,96.67,4,Completed,DOCK-3,8,9
2026-04-30 19:00:00,OP002,Emma Bernard,B,Afternoon,52,0,446.0,52,98.58,4,Completed,DOCK-2,6,5
2026-04-30 19:00:00,OP013,Raphael Lefebvre,C,Afternoon,48,0,504.3,96,99.37,4,Completed,DOCK-5,6,5
2026-04-30 19:00:00,OP020,Mila Faure,E,Afternoon,40,1,524.4,80,97.81,4,Completed,DOCK-4,5,4
2026-04-30 19:00:00,OP012,Camille Michel,B,Afternoon,42,0,439.9,126,97.83,7,Completed,DOCK-4,8,11
2026-04-30 19:00:00,OP010,Sarah Laurent,E,Afternoon,62,1,537.9,124,97.39,2,Completed,DOCK-2,9,6
2026-04-30 19:00:00,OP016,Jade Fournier,A,Afternoon,55,2,497.9,165,97.77,8,Completed,DOCK-8,9,3
2026-04-30 19:00:00,OP003,Hugo Dubois,C,Afternoon,43,0,368.0,129,98.94,7,Completed,DOCK-3,7,7
2026-04-30 19:00:00,OP009,Jules Moreau,D,Afternoon,40,0,366.0,40,98.53,6,Completed,DOCK-1,5,5
2026-04-30 19:00:00,OP005,Louis Robert,E,Afternoon,54,0,565.2,108,98.86,5,Completed,DOCK-5,2,0
2026-04-30 20:00:00,OP017,Liam Girard,B,Afternoon,46,0,500.9,46,99.02,4,Completed,DOCK-1,4,9
2026-04-30 20:00:00,OP014,Ines Leroy,D,Afternoon,44,1,609.5,132,97.56,5,Completed,DOCK-6,7,4
2026-04-30 20:00:00,OP002,Emma Bernard,B,Afternoon,51,1,679.7,102,99.69,4,Completed,DOCK-2,1,10
2026-04-30 20:00:00,OP011,Adam Simon,A,Afternoon,45,0,595.7,45,97.54,8,Completed,DOCK-3,2,5
2026-04-30 20:00:00,OP013,Raphael Lefebvre,C,Afternoon,54,2,713.2,54,98.29,5,Completed,DOCK-5,6,2
2026-04-30 20:00:00,OP015,Tom Roux,E,Afternoon,55,1,542.1,55,98.15,6,Delayed,DOCK-7,11,8
2026-04-30 20:00:00,OP008,Lea Durand,C,Afternoon,48,0,495.1,144,98.14,3,Completed,DOCK-8,0,7
2026-04-30 20:00:00,OP003,Hugo Dubois,C,Afternoon,53,0,719.5,159,96.86,3,Completed,DOCK-3,11,2
2026-04-30 20:00:00,OP006,Manon Richard,A,Afternoon,46,0,409.6,92,98.39,9,Completed,DOCK-6,2,11
2026-04-30 20:00:00,OP009,Jules Moreau,D,Afternoon,50,1,463.5,50,97.35,7,Completed,DOCK-1,8,4
2026-04-30 20:00:00,OP016,Jade Fournier,A,Afternoon,52,1,730.6,104,97.37,3,Cancelled,DOCK-8,2,4
2026-04-30 20:00:00,OP001,Lucas Martin,A,Afternoon,40,2,494.8,40,97.47,2,Completed,DOCK-1,6,2
2026-04-30 20:00:00,OP010,Sarah Laurent,E,Afternoon,53,0,596.7,53,98.73,3,Completed,DOCK-2,9,7
2026-04-30 20:00:00,OP004,Chloe Thomas,D,Afternoon,61,0,882.8,122,97.99,3,Completed,DOCK-4,4,1
2026-04-30 21:00:00,OP003,Hugo Dubois,C,Afternoon,40,0,395.7,120,97.4,3,Completed,DOCK-3,10,0
2026-04-30 21:00:00,OP007,Nathan Petit,B,Afternoon,53,1,477.6,159,98.5,4,Completed,DOCK-7,7,8
2026-04-30 21:00:00,OP005,Louis Robert,E,Afternoon,60,0,663.9,60,97.78,6,Completed,DOCK-5,2,1
2026-04-30 21:00:00,OP004,Chloe Thomas,D,Afternoon,25,0,359.9,50,97.88,2,Completed,DOCK-4,0,2
2026-04-30 21:00:00,OP012,Camille Michel,B,Afternoon,43,0,595.2,86,96.54,1,Completed,DOCK-4,0,9
2026-04-30 21:00:00,OP002,Emma Bernard,B,Afternoon,47,0,638.9,141,98.65,2,Completed,DOCK-2,4,5
2026-04-30 21:00:00,OP018,Lina Bonnet,C,Afternoon,54,0,618.4,54,99.29,5,Completed,DOCK-2,2,11
2026-04-30 21:00:00,OP008,Lea Durand,C,Afternoon,41,0,542.3,123,97.6,5,Completed,DOCK-8,0,10
2026-04-30 21:00:00,OP011,Adam Simon,A,Afternoon,40,0,560.6,80,97.94,4,Completed,DOCK-3,8,4
2026-04-30 21:00:00,OP013,Raphael Lefebvre,C,Afternoon,47,0,562.5,47,98.91,3,Completed,DOCK-5,0,3
2026-04-30 21:00:00,OP016,Jade Fournier,A,Afternoon,49,2,499.2,98,98.09,6,Completed,DOCK-8,10,11
2026-04-30 21:00:00,OP019,Noah Lambert,D,Afternoon,50,0,535.8,100,96.57,2,Completed,DOCK-3,4,9
2026-04-30 21:00:00,OP014,Ines Leroy,D,Afternoon,55,1,732.7,55,97.36,1,Completed,DOCK-6,1,6
2026-04-30 22:00:00,OP002,Emma Bernard,B,Night,37,0,442.7,37,97.51,3,Completed,DOCK-2,7,6
2026-04-30 22:00:00,OP014,Ines Leroy,D,Night,27,0,229.8,54,97.88,4,Cancelled,DOCK-6,1,6
2026-04-30 22:00:00,OP013,Raphael Lefebvre,C,Night,32,0,409.5,64,99.74,2,Delayed,DOCK-5,0,1
2026-04-30 22:00:00,OP008,Lea Durand,C,Night,33,0,351.4,99,96.95,5,Completed,DOCK-8,6,10
2026-04-30 22:00:00,OP011,Adam Simon,A,Night,40,0,493.9,80,98.03,5,Completed,DOCK-3,8,11
2026-04-30 22:00:00,OP004,Chloe Thomas,D,Night,25,0,283.1,75,98.22,1,Delayed,DOCK-4,7,9
2026-04-30 22:00:00,OP015,Tom Roux,E,Night,41,0,481.4,82,98.37,3,Completed,DOCK-7,0,6
2026-04-30 22:00:00,OP005,Louis Robert,E,Night,39,1,385.9,117,97.6,3,Completed,DOCK-5,1,1
2026-04-30 22:00:00,OP018,Lina Bonnet,C,Night,41,0,516.8,123,98.01,2,Completed,DOCK-2,1,9
2026-04-30 23:00:00,OP006,Manon Richard,A,Night,33,0,418.5,99,99.53,1,Completed,DOCK-6,4,10
2026-04-30 23:00:00,OP004,Chloe Thomas,D,Night,47,0,413.5,47,99.0,1,Cancelled,DOCK-4,11,11
2026-04-30 23:00:00,OP013,Raphael Lefebvre,C,Night,42,1,537.1,84,98.51,5,Completed,DOCK-5,4,4
2026-04-30 23:00:00,OP010,Sarah Laurent,E,Night,38,0,355.7,76,98.35,3,Completed,DOCK-2,1,1
2026-04-30 23:00:00,OP015,Tom Roux,E,Night,37,0,525.3,111,98.14,2,Completed,DOCK-7,10,0
2026-04-30 23:00:00,OP002,Emma Bernard,B,Night,44,1,479.6,88,97.11,3,Completed,DOCK-2,10,7
2026-04-30 23:00:00,OP008,Lea Durand,C,Night,40,2,424.5,120,96.18,2,Completed,DOCK-8,6,10
2026-04-30 23:00:00,OP001,Lucas Martin,A,Night,25,0,313.4,25,98.51,4,Completed,DOCK-1,11,7
2026-04-30 23:00:00,OP003,Hugo Dubois,C,Night,35,1,302.2,35,97.64,2,Completed,DOCK-3,4,11
2026-05-01 00:00:00,OP019,Noah Lambert,D,Night,40,0,417.1,120,99.08,2,Completed,DOCK-3,7,11
2026-05-01 00:00:00,OP009,Jules Moreau,D,Night,31,0,410.4,31,96.21,4,Completed,DOCK-1,7,6
2026-05-01 00:00:00,OP003,Hugo Dubois,C,Night,33,0,283.0,66,97.83,1,Delayed,DOCK-3,6,3
2026-05-01 00:00:00,OP017,Liam Girard,B,Night,49,1,687.1,147,98.3,4,Completed,DOCK-1,5,0
2026-05-01 00:00:00,OP013,Raphael Lefebvre,C,Night,37,0,529.3,37,99.01,5,Completed,DOCK-5,8,8
2026-05-01 00:00:00,OP010,Sarah Laurent,E,Night,47,0,460.6,94,97.3,4,Cancelled,DOCK-2,0,5
2026-05-01 00:00:00,OP016,Jade Fournier,A,Night,49,1,432.3,98,96.2,7,Delayed,DOCK-8,5,6
2026-05-01 00:00:00,OP020,Mila Faure,E,Night,34,0,319.5,102,97.53,3,Completed,DOCK-4,3,10
2026-05-01 00:00:00,OP012,Camille Michel,B,Night,28,1,308.6,84,98.81,3,Completed,DOCK-4,3,1
2026-05-01 00:00:00,OP005,Louis Robert,E,Night,40,0,348.7,40,97.58,3,Completed,DOCK-5,8,11
2026-05-01 00:00:00,OP011,Adam Simon,A,Night,37,0,424.1,74,97.36,1,Completed,DOCK-3,6,6
2026-05-01 00:00:00,OP004,Chloe Thomas,D,Night,42,1,599.8,126,99.88,3,Completed,DOCK-4,4,1
2026-05-01 00:00:00,OP001,Lucas Martin,A,Night,37,1,476.1,74,97.02,1,Completed,DOCK-1,9,7
2026-05-01 00:00:00,OP002,Emma Bernard,B,Night,47,1,608.6,141,99.44,6,Delayed,DOCK-2,5,9
2026-05-01 00:00:00,OP008,Lea Durand,C,Night,34,0,309.8,102,98.29,1,Completed,DOCK-8,10,0
2026-05-01 01:00:00,OP005,Louis Robert,E,Night,41,1,417.1,82,97.95,3,Delayed,DOCK-5,4,10
2026-05-01 01:00:00,OP010,Sarah Laurent,E,Night,41,0,493.4,123,98.05,3,Completed,DOCK-2,7,0
2026-05-01 01:00:00,OP007,Nathan Petit,B,Night,41,1,523.0,123,97.75,1,Completed,DOCK-7,3,0
2026-05-01 01:00:00,OP017,Liam Girard,B,Night,32,0,354.1,96,98.48,5,Completed,DOCK-1,7,1
2026-05-01 01:00:00,OP016,Jade Fournier,A,Night,49,0,617.8,98,96.12,2,Completed,DOCK-8,0,2
2026-05-01 01:00:00,OP009,Jules Moreau,D,Night,27,0,263.2,27,95.87,4,Completed,DOCK-1,11,5
2026-05-01 01:00:00,OP018,Lina Bonnet,C,Night,49,1,577.7,49,98.52,4,Completed,DOCK-2,10,5
2026-05-01 01:00:00,OP013,Raphael Lefebvre,C,Night,42,0,539.5,126,97.45,3,Cancelled,DOCK-5,1,3
2026-05-01 01:00:00,OP011,Adam Simon,A,Night,50,0,507.7,100,97.89,3,Completed,DOCK-3,1,11
2026-05-01 01:00:00,OP012,Camille Michel,B,Night,30,1,280.8,60,97.66,4,Completed,DOCK-4,10,9
2026-05-01 01:00:00,OP006,Manon Richard,A,Night,33,0,434.6,99,98.9,1,Completed,DOCK-6,8,10
2026-05-01 01:00:00,OP008,Lea Durand,C,Night,40,1,499.4,80,98.12,3,Completed,DOCK-8,0,2
2026-05-01 01:00:00,OP004,Chloe Thomas,D,Night,43,1,434.0,43,98.45,9,Completed,DOCK-4,9,0
2026-05-01 01:00:00,OP003,Hugo Dubois,C,Night,34,0,335.1,34,97.73,6,Completed,DOCK-3,7,7
2026-05-01 01:00:00,OP001,Lucas Martin,A,Night,38,1,469.2,114,96.59,3,Completed,DOCK-1,8,0
2026-05-01 02:00:00,OP004,Chloe Thomas,D,Night,45,2,618.0,90,98.22,2,Completed,DOCK-4,10,2
2026-05-01 02:00:00,OP019,Noah Lambert,D,Night,48,1,650.2,48,96.34,4,Completed,DOCK-3,10,0
2026-05-01 02:00:00,OP011,Adam Simon,A,Night,37,1,417.3,37,98.61,3,Completed,DOCK-3,8,11
2026-05-01 02:00:00,OP015,Tom Roux,E,Night,46,2,615.0,46,98.06,3,Completed,DOCK-7,11,6
2026-05-01 02:00:00,OP014,Ines Leroy,D,Night,41,1,460.2,82,97.23,7,Completed,DOCK-6,5,4
2026-05-01 02:00:00,OP016,Jade Fournier,A,Night,41,1,443.8,82,98.52,3,Completed,DOCK-8,9,2
2026-05-01 02:00:00,OP020,Mila Faure,E,Night,37,0,485.5,111,98.46,2,Completed,DOCK-4,0,8
2026-05-01 02:00:00,OP017,Liam Girard,B,Night,32,0,360.5,32,98.47,2,Completed,DOCK-1,10,11
2026-05-01 02:00:00,OP009,Jules Moreau,D,Night,37,3,413.2,37,98.41,1,Completed,DOCK-1,6,6
2026-05-01 02:00:00,OP002,Emma Bernard,B,Night,39,0,514.2,117,97.24,1,Completed,DOCK-2,2,3
2026-05-01 03:00:00,OP005,Louis Robert,E,Night,46,0,505.8,46,99.04,2,Delayed,DOCK-5,7,9
2026-05-01 03:00:00,OP004,Chloe Thomas,D,Night,46,0,556.9,138,98.25,4,Completed,DOCK-4,9,6
2026-05-01 03:00:00,OP012,Camille Michel,B,Night,35,0,303.3,105,97.59,2,Delayed,DOCK-4,0,8
2026-05-01 03:00:00,OP006,Manon Richard,A,Night,43,0,540.3,43,97.73,3,Completed,DOCK-6,3,0
2026-05-01 03:00:00,OP018,Lina Bonnet,C,Night,44,0,556.8,132,97.15,1,Completed,DOCK-2,10,11
2026-05-01 03:00:00,OP010,Sarah Laurent,E,Night,46,0,428.5,92,99.9,4,Completed,DOCK-2,5,11
2026-05-01 03:00:00,OP009,Jules Moreau,D,Night,35,0,376.6,35,97.65,3,Completed,DOCK-1,6,11
2026-05-01 03:00:00,OP016,Jade Fournier,A,Night,43,0,462.4,43,99.21,5,Completed,DOCK-8,8,8
2026-05-01 03:00:00,OP001,Lucas Martin,A,Night,32,0,342.7,96,97.7,2,Completed,DOCK-1,3,1
2026-05-01 03:00:00,OP011,Adam Simon,A,Night,36,0,393.5,72,98.7,2,Delayed,DOCK-3,1,3
2026-05-01 03:00:00,OP013,Raphael Lefebvre,C,Night,49,0,610.9,49,96.31,1,Completed,DOCK-5,5,8
2026-05-01 03:00:00,OP003,Hugo Dubois,C,Night,37,0,493.0,74,97.04,1,Completed,DOCK-3,3,6
2026-05-01 04:00:00,OP009,Jules Moreau,D,Night,35,0,297.6,105,97.64,6,Completed,DOCK-1,10,5
2026-05-01 04:00:00,OP010,Sarah Laurent,E,Night,37,2,341.7,74,96.85,4,Completed,DOCK-2,3,1
2026-05-01 04:00:00,OP019,Noah Lambert,D,Night,39,0,497.1,39,97.37,3,Completed,DOCK-3,9,5
2026-05-01 04:00:00,OP006,Manon Richard,A,Night,27,0,290.2,27,97.1,3,Completed,DOCK-6,5,3
2026-05-01 04:00:00,OP020,Mila Faure,E,Night,37,2,505.6,111,97.12,4,Completed,DOCK-4,10,0
2026-05-01 04:00:00,OP007,Nathan Petit,B,Night,43,1,563.1,129,97.89,2,Completed,DOCK-7,2,11
2026-05-01 04:00:00,OP017,Liam Girard,B,Night,31,0,439.4,93,98.83,1,Completed,DOCK-1,2,9
2026-05-01 04:00:00,OP011,Adam Simon,A,Night,34,0,334.1,102,98.21,1,Completed,DOCK-3,3,2
2026-05-01 04:00:00,OP008,Lea Durand,C,Night,38,1,464.2,114,99.78,3,Delayed,DOCK-8,9,11
2026-05-01 04:00:00,OP004,Chloe Thomas,D,Night,50,1,709.1,50,98.94,3,Completed,DOCK-4,9,3
2026-05-01 05:00:00,OP013,Raphael Lefebvre,C,Night,35,0,315.7,35,98.36,7,Delayed,DOCK-5,8,5
2026-05-01 05:00:00,OP004,Chloe Thomas,D,Night,41,0,426.6,41,98.82,1,Completed,DOCK-4,7,4
2026-05-01 05:00:00,OP002,Emma Bernard,B,Night,42,0,571.2,126,97.48,1,Completed,DOCK-2,11,0
2026-05-01 05:00:00,OP005,Louis Robert,E,Night,39,0,376.4,39,98.9,5,Completed,DOCK-5,10,6
2026-05-01 05:00:00,OP001,Lucas Martin,A,Night,34,0,371.0,68,98.76,3,Cancelled,DOCK-1,4,0
2026-05-01 05:00:00,OP016,Jade Fournier,A,Night,35,1,350.5,70,99.34,2,Delayed,DOCK-8,9,6
2026-05-01 05:00:00,OP007,Nathan Petit,B,Night,42,1,441.1,84,99.82,1,Completed,DOCK-7,3,2
2026-05-01 05:00:00,OP014,Ines Leroy,D,Night,29,0,329.7,58,97.88,2,Delayed,DOCK-6,7,11
2026-05-01 05:00:00,OP010,Sarah Laurent,E,Night,33,1,440.9,99,98.49,3,Completed,DOCK-2,2,6
2026-05-01 05:00:00,OP012,Camille Michel,B,Night,25,0,234.7,75,99.17,1,Completed,DOCK-4,11,1
2026-05-01 05:00:00,OP020,Mila Faure,E,Night,31,0,401.1,93,98.92,4,Completed,DOCK-4,0,1
2026-05-01 06:00:00,OP018,Lina Bonnet,C,Morning,73,2,1011.9,73,99.61,11,Delayed,DOCK-2,4,4
2026-05-01 06:00:00,OP014,Ines Leroy,D,Morning,75,1,732.2,225,97.28,6,Completed,DOCK-6,10,6
2026-05-01 06:00:00,OP005,Louis Robert,E,Morning,67,1,911.0,201,98.45,6,Completed,DOCK-5,0,6
2026-05-01 06:00:00,OP019,Noah Lambert,D,Morning,62,0,585.7,62,98.09,2,Completed,DOCK-3,8,2
2026-05-01 06:00:00,OP007,Nathan Petit,B,Morning,76,0,736.0,76,98.05,11,Completed,DOCK-7,9,4
2026-05-01 06:00:00,OP013,Raphael Lefebvre,C,Morning,77,1,878.8,154,97.32,6,Completed,DOCK-5,2,1
2026-05-01 06:00:00,OP004,Chloe Thomas,D,Morning,80,3,1010.7,160,98.08,7,Completed,DOCK-4,6,5
2026-05-01 06:00:00,OP017,Liam Girard,B,Morning,68,0,833.7,68,98.29,10,Completed,DOCK-1,7,7
2026-05-01 06:00:00,OP008,Lea Durand,C,Morning,60,1,812.6,120,97.39,2,Completed,DOCK-8,10,7
2026-05-01 06:00:00,OP002,Emma Bernard,B,Morning,73,1,897.9,73,99.62,6,Completed,DOCK-2,0,6
2026-05-01 06:00:00,OP012,Camille Michel,B,Morning,61,1,548.1,183,96.93,3,Completed,DOCK-4,2,2
2026-05-01 06:00:00,OP009,Jules Moreau,D,Morning,68,1,928.5,68,97.05,5,Completed,DOCK-1,11,6
2026-05-01 06:00:00,OP010,Sarah Laurent,E,Morning,61,1,566.5,122,97.81,1,Completed,DOCK-2,11,6
2026-05-01 07:00:00,OP012,Camille Michel,B,Morning,62,0,755.6,124,98.23,4,Completed,DOCK-4,4,3
2026-05-01 07:00:00,OP015,Tom Roux,E,Morning,73,0,968.0,73,96.84,3,Completed,DOCK-7,1,8
2026-05-01 07:00:00,OP005,Louis Robert,E,Morning,67,2,884.1,201,97.77,9,Completed,DOCK-5,11,7
2026-05-01 07:00:00,OP019,Noah Lambert,D,Morning,78,0,1089.2,234,98.26,7,Completed,DOCK-3,11,11
2026-05-01 07:00:00,OP003,Hugo Dubois,C,Morning,77,4,725.3,231,95.81,9,Delayed,DOCK-3,8,5
2026-05-01 07:00:00,OP017,Liam Girard,B,Morning,65,2,915.7,195,98.42,5,Completed,DOCK-1,11,10
2026-05-01 07:00:00,OP016,Jade Fournier,A,Morning,72,0,901.6,216,98.56,8,Cancelled,DOCK-8,0,3
2026-05-01 07:00:00,OP002,Emma Bernard,B,Morning,79,0,1001.0,79,98.93,6,Completed,DOCK-2,0,6
2026-05-01 07:00:00,OP006,Manon Richard,A,Morning,75,3,773.8,225,99.9,11,Completed,DOCK-6,7,10
2026-05-01 07:00:00,OP001,Lucas Martin,A,Morning,64,1,895.0,192,98.28,4,Completed,DOCK-1,1,4
2026-05-01 07:00:00,OP011,Adam Simon,A,Morning,70,3,771.3,140,99.24,10,Completed,DOCK-3,1,7
2026-05-01 08:00:00,OP018,Lina Bonnet,C,Morning,74,0,1069.5,222,97.54,10,Completed,DOCK-2,3,1
2026-05-01 08:00:00,OP006,Manon Richard,A,Morning,71,2,809.0,213,96.97,6,Completed,DOCK-6,9,4
2026-05-01 08:00:00,OP005,Louis Robert,E,Morning,69,3,714.9,138,99.18,4,Completed,DOCK-5,11,7
2026-05-01 08:00:00,OP009,Jules Moreau,D,Morning,65,1,795.4,195,98.34,6,Completed,DOCK-1,9,7
2026-05-01 08:00:00,OP008,Lea Durand,C,Morning,69,2,665.2,138,98.84,13,Completed,DOCK-8,3,7
2026-05-01 08:00:00,OP007,Nathan Petit,B,Morning,81,1,752.0,162,97.63,9,Completed,DOCK-7,11,9
2026-05-01 08:00:00,OP011,Adam Simon,A,Morning,62,1,883.3,186,97.48,1,Completed,DOCK-3,2,4
2026-05-01 08:00:00,OP019,Noah Lambert,D,Morning,70,0,972.3,70,96.9,5,Completed,DOCK-3,10,4
2026-05-01 08:00:00,OP013,Raphael Lefebvre,C,Morning,70,1,1013.7,210,99.47,6,Completed,DOCK-5,3,1
2026-05-01 08:00:00,OP015,Tom Roux,E,Morning,80,0,1033.8,80,97.89,2,Completed,DOCK-7,1,1
2026-05-01 08:00:00,OP010,Sarah Laurent,E,Morning,80,0,1158.4,80,98.0,7,Completed,DOCK-2,1,4
2026-05-01 08:00:00,OP017,Liam Girard,B,Morning,56,1,771.6,168,96.73,4,Delayed,DOCK-1,8,9
2026-05-01 08:00:00,OP001,Lucas Martin,A,Morning,63,0,840.7,189,99.05,6,Completed,DOCK-1,3,0
2026-05-01 08:00:00,OP014,Ines Leroy,D,Morning,63,1,710.4,189,98.35,8,Completed,DOCK-6,4,5
2026-05-01 09:00:00,OP013,Raphael Lefebvre,C,Morning,70,1,995.4,70,98.94,4,Completed,DOCK-5,0,5
2026-05-01 09:00:00,OP016,Jade Fournier,A,Morning,68,1,914.0,136,97.67,7,Completed,DOCK-8,11,7
2026-05-01 09:00:00,OP020,Mila Faure,E,Morning,58,0,638.5,58,97.88,4,Completed,DOCK-4,5,8
2026-05-01 09:00:00,OP003,Hugo Dubois,C,Morning,66,2,645.4,132,96.87,3,Completed,DOCK-3,6,6
2026-05-01 09:00:00,OP004,Chloe Thomas,D,Morning,21,0,211.9,63,98.86,2,Completed,DOCK-4,2,1
2026-05-01 09:00:00,OP007,Nathan Petit,B,Morning,66,3,686.1,66,97.93,4,Completed,DOCK-7,11,10
2026-05-01 09:00:00,OP018,Lina Bonnet,C,Morning,62,1,584.5,124,98.48,4,Completed,DOCK-2,0,6
2026-05-01 09:00:00,OP019,Noah Lambert,D,Morning,68,0,878.8,68,97.5,4,Delayed,DOCK-3,4,10
2026-05-01 09:00:00,OP011,Adam Simon,A,Morning,61,0,835.6,183,97.56,8,Completed,DOCK-3,5,3
2026-05-01 09:00:00,OP014,Ines Leroy,D,Morning,63,1,606.6,63,96.95,6,Completed,DOCK-6,10,5
2026-05-01 10:00:00,OP019,Noah Lambert,D,Morning,59,2,520.1,59,99.22,6,Completed,DOCK-3,1,1
2026-05-01 10:00:00,OP007,Nathan Petit,B,Morning,70,0,724.2,70,98.58,6,Completed,DOCK-7,6,8
2026-05-01 10:00:00,OP018,Lina Bonnet,C,Morning,72,1,687.9,144,96.59,16,Cancelled,DOCK-2,4,4
2026-05-01 10:00:00,OP005,Louis Robert,E,Morning,79,0,727.9,158,98.97,4,Completed,DOCK-5,4,11
2026-05-01 10:00:00,OP010,Sarah Laurent,E,Morning,71,0,967.0,213,98.45,6,Completed,DOCK-2,8,11
2026-05-01 10:00:00,OP012,Camille Michel,B,Morning,67,0,816.9,201,96.52,3,Completed,DOCK-4,8,1
2026-05-01 10:00:00,OP017,Liam Girard,B,Morning,68,1,904.4,204,98.62,4,Completed,DOCK-1,6,0
2026-05-01 10:00:00,OP008,Lea Durand,C,Morning,76,1,861.6,152,98.7,7,Completed,DOCK-8,5,6
2026-05-01 10:00:00,OP009,Jules Moreau,D,Morning,70,1,969.4,70,97.4,11,Completed,DOCK-1,4,2
2026-05-01 10:00:00,OP014,Ines Leroy,D,Morning,64,0,791.9,192,97.09,6,Completed,DOCK-6,0,0
2026-05-01 10:00:00,OP003,Hugo Dubois,C,Morning,72,1,944.3,144,97.45,5,Completed,DOCK-3,2,11
2026-05-01 10:00:00,OP016,Jade Fournier,A,Morning,72,0,819.2,72,98.98,7,Completed,DOCK-8,3,0
2026-05-01 10:00:00,OP013,Raphael Lefebvre,C,Morning,73,0,736.5,146,98.61,6,Completed,DOCK-5,0,2
2026-05-01 10:00:00,OP015,Tom Roux,E,Morning,82,2,848.6,164,98.76,6,Completed,DOCK-7,11,8
2026-05-01 11:00:00,OP002,Emma Bernard,B,Morning,72,1,824.2,216,97.52,5,Completed,DOCK-2,1,5
2026-05-01 11:00:00,OP015,Tom Roux,E,Morning,69,0,644.0,207,98.71,4,Completed,DOCK-7,5,8
2026-05-01 11:00:00,OP006,Manon Richard,A,Morning,71,1,625.1,71,97.54,5,Completed,DOCK-6,2,1
2026-05-01 11:00:00,OP012,Camille Michel,B,Morning,65,2,554.4,195,98.56,6,Completed,DOCK-4,8,10
2026-05-01 11:00:00,OP020,Mila Faure,E,Morning,69,0,813.0,207,96.18,7,Completed,DOCK-4,6,7
2026-05-01 11:00:00,OP004,Chloe Thomas,D,Morning,74,1,933.9,74,97.1,6,Completed,DOCK-4,0,9
2026-05-01 11:00:00,OP007,Nathan Petit,B,Morning,80,0,1132.0,80,98.03,12,Completed,DOCK-7,9,0
2026-05-01 11:00:00,OP013,Raphael Lefebvre,C,Morning,79,1,1038.5,237,97.17,13,Completed,DOCK-5,11,2
2026-05-01 11:00:00,OP010,Sarah Laurent,E,Morning,69,0,826.6,69,98.21,2,Completed,DOCK-2,5,4
2026-05-01 11:00:00,OP009,Jules Moreau,D,Morning,61,0,528.8,122,98.03,2,Completed,DOCK-1,7,7
2026-05-01 11:00:00,OP018,Lina Bonnet,C,Morning,72,0,934.1,144,98.46,5,Delayed,DOCK-2,9,8
2026-05-01 11:00:00,OP019,Noah Lambert,D,Morning,66,1,619.9,198,98.88,5,Completed,DOCK-3,4,0
2026-05-01 12:00:00,OP013,Raphael Lefebvre,C,Morning,63,3,583.1,63,97.47,6,Completed,DOCK-5,2,7
2026-05-01 12:00:00,OP008,Lea Durand,C,Morning,66,0,877.2,198,96.35,8,Completed,DOCK-8,8,10
2026-05-01 12:00:00,OP016,Jade Fournier,A,Morning,72,0,786.3,216,96.69,4,Completed,DOCK-8,8,4
2026-05-01 12:00:00,OP014,Ines Leroy,D,Morning,68,2,582.8,68,97.81,6,Delayed,DOCK-6,1,8
2026-05-01 12:00:00,OP015,Tom Roux,E,Morning,83,0,1073.8,166,98.46,7,Completed,DOCK-7,7,3
2026-05-01 12:00:00,OP005,Louis Robert,E,Morning,71,0,985.5,71,99.11,5,Completed,DOCK-5,9,5
2026-05-01 12:00:00,OP004,Chloe Thomas,D,Morning,83,1,892.9,166,97.17,4,Completed,DOCK-4,11,6
2026-05-01 12:00:00,OP007,Nathan Petit,B,Morning,70,1,915.5,210,99.49,7,Completed,DOCK-7,1,7
2026-05-01 13:00:00,OP015,Tom Roux,E,Morning,68,0,776.0,68,97.72,7,Delayed,DOCK-7,0,6
2026-05-01 13:00:00,OP007,Nathan Petit,B,Morning,68,1,582.2,68,99.1,3,Completed,DOCK-7,7,6
2026-05-01 13:00:00,OP016,Jade Fournier,A,Morning,73,2,853.6,219,96.32,8,Completed,DOCK-8,5,10
2026-05-01 13:00:00,OP001,Lucas Martin,A,Morning,60,1,751.6,120,97.04,4,Completed,DOCK-1,8,3
2026-05-01 13:00:00,OP005,Louis Robert,E,Morning,66,0,838.7,66,98.3,5,Completed,DOCK-5,4,0
2026-05-01 13:00:00,OP006,Manon Richard,A,Morning,67,1,884.6,67,97.67,10,Delayed,DOCK-6,4,11
2026-05-01 13:00:00,OP017,Liam Girard,B,Morning,68,1,703.1,136,98.13,7,Completed,DOCK-1,10,0
2026-05-01 13:00:00,OP004,Chloe Thomas,D,Morning,65,1,838.6,65,99.9,10,Completed,DOCK-4,5,4
2026-05-01 13:00:00,OP020,Mila Faure,E,Morning,64,0,559.1,128,97.98,4,Delayed,DOCK-4,11,5
2026-05-01 13:00:00,OP013,Raphael Lefebvre,C,Morning,61,0,556.9,61,97.76,5,Completed,DOCK-5,3,8
2026-05-01 13:00:00,OP014,Ines Leroy,D,Morning,54,0,481.7,54,97.62,1,Completed,DOCK-6,7,9
2026-05-01 13:00:00,OP019,Noah Lambert,D,Morning,69,2,629.5,138,98.26,3,Completed,DOCK-3,6,10
2026-05-01 13:00:00,OP011,Adam Simon,A,Morning,70,1,914.2,70,98.4,4,Completed,DOCK-3,9,1
2026-05-01 13:00:00,OP003,Hugo Dubois,C,Morning,64,0,922.9,192,98.29,3,Completed,DOCK-3,4,5
2026-05-01 13:00:00,OP018,Lina Bonnet,C,Morning,69,0,995.8,207,97.27,10,Completed,DOCK-2,6,9
2026-05-01 14:00:00,OP012,Camille Michel,B,Afternoon,46,0,425.7,92,97.05,4,Completed,DOCK-4,3,11
2026-05-01 14:00:00,OP017,Liam Girard,B,Afternoon,58,1,749.4,58,96.8,4,Completed,DOCK-1,0,8
2026-05-01 14:00:00,OP006,Manon Richard,A,Afternoon,57,1,515.2,114,96.98,7,Completed,DOCK-6,8,0
2026-05-01 14:00:00,OP011,Adam Simon,A,Afternoon,49,1,456.9,147,97.29,4,Completed,DOCK-3,10,10
2026-05-01 14:00:00,OP020,Mila Faure,E,Afternoon,45,0,640.6,45,96.58,2,Completed,DOCK-4,3,10
2026-05-01 14:00:00,OP015,Tom Roux,E,Afternoon,64,1,886.1,64,99.03,7,Completed,DOCK-7,10,11
2026-05-01 14:00:00,OP018,Lina Bonnet,C,Afternoon,63,0,669.3,63,97.86,5,Completed,DOCK-2,9,4
2026-05-01 14:00:00,OP007,Nathan Petit,B,Afternoon,61,1,823.0,122,98.15,3,Completed,DOCK-7,6,6
2026-05-01 14:00:00,OP016,Jade Fournier,A,Afternoon,56,1,591.1,56,96.62,6,Completed,DOCK-8,4,8
2026-05-01 15:00:00,OP009,Jules Moreau,D,Afternoon,50,0,571.1,150,98.71,4,Completed,DOCK-1,7,0
2026-05-01 15:00:00,OP020,Mila Faure,E,Afternoon,46,1,591.3,138,98.53,2,Completed,DOCK-4,9,10
2026-05-01 15:00:00,OP016,Jade Fournier,A,Afternoon,58,1,567.1,174,98.17,7,Completed,DOCK-8,7,3
2026-05-01 15:00:00,OP012,Camille Michel,B,Afternoon,47,0,597.1,141,97.3,3,Completed,DOCK-4,3,4
2026-05-01 15:00:00,OP018,Lina Bonnet,C,Afternoon,58,0,708.1,116,98.4,5,Completed,DOCK-2,9,5
2026-05-01 15:00:00,OP003,Hugo Dubois,C,Afternoon,61,1,519.8,61,96.15,7,Completed,DOCK-3,9,2
2026-05-01 15:00:00,OP010,Sarah Laurent,E,Afternoon,48,0,467.2,96,97.26,6,Completed,DOCK-2,2,5
2026-05-01 15:00:00,OP011,Adam Simon,A,Afternoon,62,2,843.3,124,98.13,6,Completed,DOCK-3,9,3
2026-05-01 16:00:00,OP010,Sarah Laurent,E,Afternoon,58,0,517.9,174,97.87,7,Completed,DOCK-2,5,5
2026-05-01 16:00:00,OP014,Ines Leroy,D,Afternoon,22,0,242.8,44,98.59,2,Completed,DOCK-6,2,0
2026-05-01 16:00:00,OP016,Jade Fournier,A,Afternoon,67,1,947.4,201,98.15,8,Completed,DOCK-8,8,7
2026-05-01 16:00:00,OP011,Adam Simon,A,Afternoon,57,2,635.8,114,98.02,7,Completed,DOCK-3,2,5
2026-05-01 16:00:00,OP018,Lina Bonnet,C,Afternoon,68,2,923.1,204,98.51,2,Completed,DOCK-2,11,9
2026-05-01 16:00:00,OP017,Liam Girard,B,Afternoon,56,1,638.9,112,97.33,4,Completed,DOCK-1,10,11
2026-05-01 16:00:00,OP015,Tom Roux,E,Afternoon,60,2,539.9,180,99.03,3,Completed,DOCK-7,3,3
2026-05-01 16:00:00,OP006,Manon Richard,A,Afternoon,56,2,547.0,168,97.89,4,Completed,DOCK-6,10,2
2026-05-01 16:00:00,OP002,Emma Bernard,B,Afternoon,61,1,546.2,122,97.67,4,Completed,DOCK-2,11,8
2026-05-01 16:00:00,OP012,Camille Michel,B,Afternoon,54,1,691.1,54,98.04,3,Completed,DOCK-4,2,3
2026-05-01 16:00:00,OP005,Louis Robert,E,Afternoon,55,1,583.1,55,95.91,8,Completed,DOCK-5,0,11
2026-05-01 16:00:00,OP004,Chloe Thomas,D,Afternoon,66,0,877.3,132,98.12,5,Completed,DOCK-4,7,4
2026-05-01 17:00:00,OP017,Liam Girard,B,Afternoon,44,0,374.2,132,97.74,4,Completed,DOCK-1,10,7
2026-05-01 17:00:00,OP004,Chloe Thomas,D,Afternoon,60,1,738.9,60,99.25,6,Completed,DOCK-4,3,1
2026-05-01 17:00:00,OP008,Lea Durand,C,Afternoon,57,2,780.8,171,96.17,2,Completed,DOCK-8,9,8
2026-05-01 17:00:00,OP009,Jules Moreau,D,Afternoon,40,0,402.8,80,98.3,7,Completed,DOCK-1,0,0
2026-05-01 17:00:00,OP014,Ines Leroy,D,Afternoon,48,0,662.4,144,99.14,5,Completed,DOCK-6,10,0
2026-05-01 17:00:00,OP019,Noah Lambert,D,Afternoon,50,2,468.0,100,98.06,1,Completed,DOCK-3,11,11
2026-05-01 17:00:00,OP020,Mila Faure,E,Afternoon,65,0,776.9,130,97.18,7,Completed,DOCK-4,5,1
2026-05-01 17:00:00,OP016,Jade Fournier,A,Afternoon,59,0,703.2,59,97.25,5,Cancelled,DOCK-8,9,9
2026-05-01 17:00:00,OP012,Camille Michel,B,Afternoon,45,0,455.9,45,98.18,5,Completed,DOCK-4,4,5
2026-05-01 17:00:00,OP003,Hugo Dubois,C,Afternoon,58,1,784.8,116,97.76,8,Completed,DOCK-3,5,3
2026-05-01 17:00:00,OP005,Louis Robert,E,Afternoon,64,1,792.0,64,97.88,4,Delayed,DOCK-5,2,10
2026-05-01 18:00:00,OP013,Raphael Lefebvre,C,Afternoon,58,1,524.8,58,98.97,4,Completed,DOCK-5,4,4
2026-05-01 18:00:00,OP010,Sarah Laurent,E,Afternoon,60,2,858.2,180,98.49,5,Completed,DOCK-2,8,2
2026-05-01 18:00:00,OP018,Lina Bonnet,C,Afternoon,62,0,664.3,186,98.12,2,Completed,DOCK-2,0,9
2026-05-01 18:00:00,OP008,Lea Durand,C,Afternoon,48,0,599.1,144,96.97,5,Completed,DOCK-8,9,4
2026-05-01 18:00:00,OP009,Jules Moreau,D,Afternoon,56,2,702.9,112,97.83,4,Completed,DOCK-1,7,6
2026-05-01 18:00:00,OP003,Hugo Dubois,C,Afternoon,59,0,631.7,59,98.47,6,Completed,DOCK-3,9,2
2026-05-01 18:00:00,OP017,Liam Girard,B,Afternoon,52,0,667.0,104,97.88,12,Delayed,DOCK-1,3,4
2026-05-01 18:00:00,OP002,Emma Bernard,B,Afternoon,58,0,794.2,58,97.63,6,Completed,DOCK-2,1,9
2026-05-01 18:00:00,OP012,Camille Michel,B,Afternoon,48,2,430.0,96,98.43,4,Completed,DOCK-4,1,1
2026-05-01 19:00:00,OP015,Tom Roux,E,Afternoon,55,0,647.6,110,97.78,5,Completed,DOCK-7,11,4
2026-05-01 19:00:00,OP002,Emma Bernard,B,Afternoon,55,0,652.7,55,98.67,4,Completed,DOCK-2,2,6
2026-05-01 19:00:00,OP005,Louis Robert,E,Afternoon,52,0,666.8,104,99.46,4,Completed,DOCK-5,8,0
2026-05-01 19:00:00,OP003,Hugo Dubois,C,Afternoon,54,0,750.8,108,98.26,5,Completed,DOCK-3,10,6
2026-05-01 19:00:00,OP019,Noah Lambert,D,Afternoon,61,0,688.7,61,98.58,5,Completed,DOCK-3,0,4
2026-05-01 19:00:00,OP001,Lucas Martin,A,Afternoon,45,0,617.9,90,97.91,1,Completed,DOCK-1,10,8
2026-05-01 19:00:00,OP008,Lea Durand,C,Afternoon,55,1,662.9,110,97.84,4,Completed,DOCK-8,3,6
2026-05-01 19:00:00,OP012,Camille Michel,B,Afternoon,50,1,502.9,150,96.55,3,Completed,DOCK-4,9,9
2026-05-01 19:00:00,OP017,Liam Girard,B,Afternoon,50,0,515.7,50,97.1,4,Completed,DOCK-1,7,1
2026-05-01 19:00:00,OP018,Lina Bonnet,C,Afternoon,64,0,843.3,192,97.77,8,Completed,DOCK-2,8,0
2026-05-01 20:00:00,OP017,Liam Girard,B,Afternoon,47,0,653.6,141,98.29,4,Completed,DOCK-1,3,4
2026-05-01 20:00:00,OP014,Ines Leroy,D,Afternoon,48,2,513.0,96,98.09,1,Completed,DOCK-6,5,9
2026-05-01 20:00:00,OP004,Chloe Thomas,D,Afternoon,62,1,529.6,62,98.69,7,Completed,DOCK-4,6,9
2026-05-01 20:00:00,OP012,Camille Michel,B,Afternoon,47,0,437.0,94,99.16,1,Completed,DOCK-4,5,1
2026-05-01 20:00:00,OP020,Mila Faure,E,Afternoon,48,0,670.9,144,98.04,3,Completed,DOCK-4,11,11
2026-05-01 20:00:00,OP016,Jade Fournier,A,Afternoon,57,2,738.5,171,98.88,4,Completed,DOCK-8,7,2
2026-05-01 20:00:00,OP006,Manon Richard,A,Afternoon,50,0,486.9,100,96.88,4,Cancelled,DOCK-6,2,10
2026-05-01 20:00:00,OP011,Adam Simon,A,Afternoon,54,1,492.2,162,98.15,7,Completed,DOCK-3,5,4
2026-05-01 20:00:00,OP019,Noah Lambert,D,Afternoon,54,0,598.2,162,97.72,4,Completed,DOCK-3,4,1
2026-05-01 20:00:00,OP007,Nathan Petit,B,Afternoon,66,0,638.5,66,98.09,5,Completed,DOCK-7,6,10
2026-05-01 20:00:00,OP002,Emma Bernard,B,Afternoon,53,1,453.5,159,97.08,4,Cancelled,DOCK-2,1,0
2026-05-01 21:00:00,OP010,Sarah Laurent,E,Afternoon,62,1,814.5,186,98.97,4,Completed,DOCK-2,3,9
2026-05-01 21:00:00,OP002,Emma Bernard,B,Afternoon,55,0,628.9,110,97.81,5,Completed,DOCK-2,9,9
2026-05-01 21:00:00,OP001,Lucas Martin,A,Afternoon,47,0,426.2,141,96.78,3,Completed,DOCK-1,1,11
2026-05-01 21:00:00,OP019,Noah Lambert,D,Afternoon,55,0,541.8,55,97.57,4,Completed,DOCK-3,8,6
2026-05-01 21:00:00,OP006,Manon Richard,A,Afternoon,42,0,539.2,42,96.08,1,Delayed,DOCK-6,3,3
2026-05-01 21:00:00,OP012,Camille Michel,B,Afternoon,49,1,613.2,147,97.9,6,Completed,DOCK-4,10,8
2026-05-01 21:00:00,OP015,Tom Roux,E,Afternoon,66,1,876.2,66,99.14,6,Completed,DOCK-7,10,9
2026-05-01 21:00:00,OP017,Liam Girard,B,Afternoon,48,1,555.9,144,96.98,6,Completed,DOCK-1,4,0
2026-05-01 21:00:00,OP003,Hugo Dubois,C,Afternoon,54,1,660.0,108,98.84,4,Completed,DOCK-3,3,10
2026-05-01 21:00:00,OP008,Lea Durand,C,Afternoon,65,0,679.3,65,97.14,5,Completed,DOCK-8,0,5
2026-05-01 21:00:00,OP016,Jade Fournier,A,Afternoon,50,1,436.8,100,98.32,3,Completed,DOCK-8,3,11
2026-05-01 21:00:00,OP007,Nathan Petit,B,Afternoon,53,3,596.2,106,97.26,6,Completed,DOCK-7,1,2
2026-05-01 21:00:00,OP004,Chloe Thomas,D,Afternoon,68,2,615.2,68,96.86,6,Completed,DOCK-4,7,11
2026-05-01 21:00:00,OP013,Raphael Lefebvre,C,Afternoon,52,0,683.7,156,97.8,6,Completed,DOCK-5,3,8
2026-05-01 21:00:00,OP020,Mila Faure,E,Afternoon,51,0,664.1,51,98.03,7,Completed,DOCK-4,2,6
2026-05-01 22:00:00,OP009,Jules Moreau,D,Night,35,0,405.8,105,97.53,1,Completed,DOCK-1,2,8
2026-05-01 22:00:00,OP015,Tom Roux,E,Night,44,1,502.2,132,98.36,5,Completed,DOCK-7,10,4
2026-05-01 22:00:00,OP010,Sarah Laurent,E,Night,53,2,501.4,53,98.07,8,Completed,DOCK-2,5,5
2026-05-01 22:00:00,OP002,Emma Bernard,B,Night,45,2,577.2,90,97.93,5,Completed,DOCK-2,1,0
2026-05-01 22:00:00,OP012,Camille Michel,B,Night,38,0,402.8,76,96.96,2,Completed,DOCK-4,7,10
2026-05-01 22:00:00,OP008,Lea Durand,C,Night,42,0,577.7,42,97.26,3,Delayed,DOCK-8,3,8
2026-05-01 22:00:00,OP005,Louis Robert,E,Night,53,1,606.4,159,97.52,5,Completed,DOCK-5,4,4
2026-05-01 22:00:00,OP017,Liam Girard,B,Night,34,0,307.2,68,97.95,6,Completed,DOCK-1,2,7
2026-05-01 22:00:00,OP006,Manon Richard,A,Night,29,0,361.2,58,98.6,1,Completed,DOCK-6,0,0
2026-05-01 22:00:00,OP014,Ines Leroy,D,Night,49,1,476.4,49,96.92,7,Completed,DOCK-6,5,1
2026-05-01 22:00:00,OP001,Lucas Martin,A,Night,33,0,375.6,33,96.44,1,Completed,DOCK-1,3,3
2026-05-01 22:00:00,OP013,Raphael Lefebvre,C,Night,26,0,311.7,78,99.34,2,Completed,DOCK-5,2,4
2026-05-01 23:00:00,OP014,Ines Leroy,D,Night,38,0,488.0,38,98.3,3,Completed,DOCK-6,3,0
2026-05-01 23:00:00,OP016,Jade Fournier,A,Night,42,0,579.4,84,97.31,6,Completed,DOCK-8,8,3
2026-05-01 23:00:00,OP006,Manon Richard,A,Night,39,1,340.1,39,96.05,7,Completed,DOCK-6,9,11
2026-05-01 23:00:00,OP011,Adam Simon,A,Night,45,1,597.7,90,98.37,3,Cancelled,DOCK-3,3,7
2026-05-01 23:00:00,OP002,Emma Bernard,B,Night,46,0,466.2,92,98.73,3,Completed,DOCK-2,11,3
2026-05-01 23:00:00,OP010,Sarah Laurent,E,Night,44,0,593.6,44,98.51,3,Completed,DOCK-2,8,5
2026-05-01 23:00:00,OP005,Louis Robert,E,Night,36,0,354.9,108,98.39,6,Completed,DOCK-5,2,8
2026-05-01 23:00:00,OP004,Chloe Thomas,D,Night,50,0,594.2,100,99.06,2,Completed,DOCK-4,11,6
2026-05-01 23:00:00,OP012,Camille Michel,B,Night,39,0,341.0,39,96.8,3,Completed,DOCK-4,5,8
2026-05-01 23:00:00,OP007,Nathan Petit,B,Night,53,1,638.6,53,97.68,4,Completed,DOCK-7,5,6
2026-05-01 23:00:00,OP009,Jules Moreau,D,Night,34,2,425.3,68,98.63,4,Completed,DOCK-1,3,5
2026-05-01 23:00:00,OP017,Liam Girard,B,Night,34,0,483.3,68,97.76,2,Completed,DOCK-1,11,2
2026-05-02 00:00:00,OP014,Ines Leroy,D,Night,38,0,340.8,38,98.68,2,Completed,DOCK-6,2,5
2026-05-02 00:00:00,OP013,Raphael Lefebvre,C,Night,38,0,458.7,114,98.95,3,Completed,DOCK-5,1,9
2026-05-02 00:00:00,OP005,Louis Robert,E,Night,29,0,396.9,58,97.76,2,Completed,DOCK-5,7,11
2026-05-02 00:00:00,OP004,Chloe Thomas,D,Night,45,0,601.2,135,99.05,4,Completed,DOCK-4,0,4
2026-05-02 00:00:00,OP003,Hugo Dubois,C,Night,31,0,370.8,31,96.58,2,Completed,DOCK-3,5,2
2026-05-02 00:00:00,OP018,Lina Bonnet,C,Night,33,0,331.5,33,98.94,2,Completed,DOCK-2,11,10
2026-05-02 00:00:00,OP012,Camille Michel,B,Night,29,0,262.0,29,97.52,2,Completed,DOCK-4,4,9
2026-05-02 00:00:00,OP019,Noah Lambert,D,Night,45,1,580.4,135,98.15,5,Completed,DOCK-3,10,8
2026-05-02 00:00:00,OP020,Mila Faure,E,Night,25,0,212.7,75,96.23,1,Delayed,DOCK-4,0,8
2026-05-02 00:00:00,OP002,Emma Bernard,B,Night,32,0,356.3,96,97.91,6,Completed,DOCK-2,0,6
2026-05-02 00:00:00,OP017,Liam Girard,B,Night,31,0,363.7,31,96.88,2,Completed,DOCK-1,9,2
2026-05-02 01:00:00,OP017,Liam Girard,B,Night,25,0,252.1,25,97.45,3,Completed,DOCK-1,7,7
2026-05-02 01:00:00,OP008,Lea Durand,C,Night,32,0,284.2,32,97.69,2,Completed,DOCK-8,1,6
2026-05-02 01:00:00,OP013,Raphael Lefebvre,C,Night,36,0,482.8,36,98.88,5,Delayed,DOCK-5,6,2
2026-05-02 01:00:00,OP010,Sarah Laurent,E,Night,49,1,467.6,98,97.58,4,Completed,DOCK-2,11,7
2026-05-02 01:00:00,OP005,Louis Robert,E,Night,33,0,370.0,66,97.36,4,Completed,DOCK-5,11,1
2026-05-02 01:00:00,OP020,Mila Faure,E,Night,31,0,434.7,62,98.31,2,Completed,DOCK-4,1,8
2026-05-02 01:00:00,OP012,Camille Michel,B,Night,25,0,262.0,25,98.81,1,Completed,DOCK-4,7,7
2026-05-02 01:00:00,OP011,Adam Simon,A,Night,37,0,374.5,74,97.68,1,Completed,DOCK-3,2,11
2026-05-02 01:00:00,OP015,Tom Roux,E,Night,44,1,619.8,88,97.19,2,Delayed,DOCK-7,8,8
2026-05-02 01:00:00,OP007,Nathan Petit,B,Night,39,0,434.0,78,99.8,1,Completed,DOCK-7,8,10
2026-05-02 01:00:00,OP019,Noah Lambert,D,Night,34,0,435.0,34,97.34,2,Completed,DOCK-3,1,8
2026-05-02 01:00:00,OP004,Chloe Thomas,D,Night,43,0,496.5,129,98.48,4,Completed,DOCK-4,6,3
2026-05-02 01:00:00,OP003,Hugo Dubois,C,Night,28,0,334.1,84,97.93,1,Completed,DOCK-3,8,6
2026-05-02 01:00:00,OP016,Jade Fournier,A,Night,33,0,423.3,33,98.01,4,Completed,DOCK-8,0,8
2026-05-02 02:00:00,OP002,Emma Bernard,B,Night,39,1,439.8,39,97.86,4,Completed,DOCK-2,2,1
2026-05-02 02:00:00,OP005,Louis Robert,E,Night,30,0,413.1,30,98.13,2,Completed,DOCK-5,1,11
2026-05-02 02:00:00,OP003,Hugo Dubois,C,Night,28,1,319.7,56,96.08,1,Completed,DOCK-3,8,4
2026-05-02 02:00:00,OP019,Noah Lambert,D,Night,38,2,506.6,38,98.03,3,Delayed,DOCK-3,0,3
2026-05-02 02:00:00,OP001,Lucas Martin,A,Night,25,1,328.3,75,97.07,1,Completed,DOCK-1,5,2
2026-05-02 02:00:00,OP009,Jules Moreau,D,Night,31,0,396.5,62,96.97,2,Completed,DOCK-1,9,8
2026-05-02 02:00:00,OP010,Sarah Laurent,E,Night,35,0,426.6,70,97.36,2,Completed,DOCK-2,0,10
2026-05-02 02:00:00,OP007,Nathan Petit,B,Night,49,0,609.6,49,97.52,5,Cancelled,DOCK-7,6,10
2026-05-02 02:00:00,OP016,Jade Fournier,A,Night,40,0,415.2,120,99.04,2,Completed,DOCK-8,6,11
2026-05-02 02:00:00,OP008,Lea Durand,C,Night,30,0,297.9,30,97.87,2,Completed,DOCK-8,6,0
2026-05-02 02:00:00,OP006,Manon Richard,A,Night,25,1,240.9,25,98.55,1,Completed,DOCK-6,4,6
2026-05-02 02:00:00,OP017,Liam Girard,B,Night,31,0,337.7,62,97.48,5,Delayed,DOCK-1,4,4
2026-05-02 02:00:00,OP004,Chloe Thomas,D,Night,35,0,325.4,35,98.49,2,Delayed,DOCK-4,4,4
2026-05-02 02:00:00,OP011,Adam Simon,A,Night,27,0,261.9,27,98.74,2,Completed,DOCK-3,5,2
2026-05-02 02:00:00,OP014,Ines Leroy,D,Night,29,2,287.1,29,99.16,3,Completed,DOCK-6,1,2
2026-05-02 03:00:00,OP005,Louis Robert,E,Night,41,1,367.1,123,97.41,1,Completed,DOCK-5,6,11
2026-05-02 03:00:00,OP013,Raphael Lefebvre,C,Night,38,0,371.7,76,98.06,4,Completed,DOCK-5,11,5
2026-05-02 03:00:00,OP010,Sarah Laurent,E,Night,39,0,436.7,39,96.96,8,Completed,DOCK-2,7,8
2026-05-02 03:00:00,OP009,Jules Moreau,D,Night,39,1,392.0,39,98.67,7,Completed,DOCK-1,0,0
2026-05-02 03:00:00,OP020,Mila Faure,E,Night,33,0,352.4,66,98.19,3,Completed,DOCK-4,0,11
2026-05-02 03:00:00,OP016,Jade Fournier,A,Night,32,0,357.5,32,98.31,7,Completed,DOCK-8,8,7
2026-05-02 03:00:00,OP019,Noah Lambert,D,Night,31,2,428.6,93,98.56,3,Completed,DOCK-3,7,3
2026-05-02 03:00:00,OP017,Liam Girard,B,Night,33,0,358.1,33,96.29,3,Completed,DOCK-1,1,2
2026-05-02 03:00:00,OP006,Manon Richard,A,Night,31,0,334.2,31,96.83,1,Completed,DOCK-6,1,11
2026-05-02 03:00:00,OP007,Nathan Petit,B,Night,35,0,439.4,35,97.98,4,Cancelled,DOCK-7,8,2
2026-05-02 03:00:00,OP011,Adam Simon,A,Night,25,0,253.3,75,96.95,5,Completed,DOCK-3,2,4
2026-05-02 03:00:00,OP003,Hugo Dubois,C,Night,36,0,478.2,108,97.84,2,Completed,DOCK-3,8,10
2026-05-02 04:00:00,OP018,Lina Bonnet,C,Night,34,0,289.4,68,98.91,4,Completed,DOCK-2,5,7
2026-05-02 04:00:00,OP010,Sarah Laurent,E,Night,28,0,283.0,84,98.33,1,Completed,DOCK-2,6,6
2026-05-02 04:00:00,OP006,Manon Richard,A,Night,25,0,331.1,50,97.22,3,Completed,DOCK-6,5,6
2026-05-02 04:00:00,OP013,Raphael Lefebvre,C,Night,42,0,527.6,126,99.31,2,Completed,DOCK-5,1,3
2026-05-02 04:00:00,OP001,Lucas Martin,A,Night,34,2,483.0,102,97.62,4,Completed,DOCK-1,11,11
2026-05-02 04:00:00,OP009,Jules Moreau,D,Night,29,0,328.5,58,98.88,1,Delayed,DOCK-1,9,1
2026-05-02 04:00:00,OP014,Ines Leroy,D,Night,27,1,378.2,54,97.63,4,Completed,DOCK-6,6,3
2026-05-02 04:00:00,OP007,Nathan Petit,B,Night,34,0,374.8,34,97.74,1,Delayed,DOCK-7,2,1
2026-05-02 04:00:00,OP019,Noah Lambert,D,Night,38,1,376.8,38,98.25,3,Completed,DOCK-3,7,6
2026-05-02 04:00:00,OP005,Louis Robert,E,Night,29,0,274.3,29,98.05,4,Delayed,DOCK-5,11,5
2026-05-02 05:00:00,OP007,Nathan Petit,B,Night,31,0,281.6,93,98.17,2,Completed,DOCK-7,10,6
2026-05-02 05:00:00,OP016,Jade Fournier,A,Night,41,3,476.1,41,97.13,3,Completed,DOCK-8,11,9
2026-05-02 05:00:00,OP003,Hugo Dubois,C,Night,31,0,298.4,62,98.62,2,Completed,DOCK-3,7,2
2026-05-02 05:00:00,OP011,Adam Simon,A,Night,35,0,403.5,35,96.5,2,Delayed,DOCK-3,2,10
2026-05-02 05:00:00,OP019,Noah Lambert,D,Night,35,1,447.0,70,97.92,2,Completed,DOCK-3,9,7
2026-05-02 05:00:00,OP020,Mila Faure,E,Night,29,0,299.9,29,98.77,3,Completed,DOCK-4,9,1
2026-05-02 05:00:00,OP005,Louis Robert,E,Night,39,0,512.1,78,97.83,3,Completed,DOCK-5,2,11
2026-05-02 05:00:00,OP017,Liam Girard,B,Night,25,1,319.8,25,97.86,4,Completed,DOCK-1,0,8
2026-05-02 05:00:00,OP008,Lea Durand,C,Night,30,1,373.7,30,98.53,1,Completed,DOCK-8,1,1
2026-05-02 06:00:00,OP018,Lina Bonnet,C,Morning,65,0,726.9,195,98.32,6,Completed,DOCK-2,4,9
2026-05-02 06:00:00,OP009,Jules Moreau,D,Morning,60,1,612.9,60,98.78,3,Completed,DOCK-1,3,7
2026-05-02 06:00:00,OP010,Sarah Laurent,E,Morning,61,1,673.0,61,97.77,1,Completed,DOCK-2,6,3
2026-05-02 06:00:00,OP013,Raphael Lefebvre,C,Morning,63,1,619.0,189,98.22,1,Completed,DOCK-5,3,11
2026-05-02 06:00:00,OP011,Adam Simon,A,Morning,50,0,518.2,150,96.56,6,Completed,DOCK-3,10,3
2026-05-02 06:00:00,OP020,Mila Faure,E,Morning,50,1,703.2,100,97.18,3,Completed,DOCK-4,1,6
2026-05-02 06:00:00,OP017,Liam Girard,B,Morning,57,0,702.3,171,97.0,3,Completed,DOCK-1,10,7
2026-05-02 06:00:00,OP004,Chloe Thomas,D,Morning,70,0,772.6,140,99.07,4,Completed,DOCK-4,10,7
2026-05-02 06:00:00,OP005,Louis Robert,E,Morning,57,3,646.6,114,98.91,7,Completed,DOCK-5,11,2
2026-05-02 06:00:00,OP015,Tom Roux,E,Morning,62,0,721.6,124,99.9,8,Completed,DOCK-7,5,6
2026-05-02 06:00:00,OP003,Hugo Dubois,C,Morning,58,1,504.4,174,97.46,3,Completed,DOCK-3,2,6
2026-05-02 06:00:00,OP006,Manon Richard,A,Morning,60,0,784.2,60,95.89,5,Completed,DOCK-6,11,3
2026-05-02 07:00:00,OP007,Nathan Petit,B,Morning,67,0,853.4,201,98.63,8,Completed,DOCK-7,10,11
2026-05-02 07:00:00,OP017,Liam Girard,B,Morning,52,0,680.1,104,96.86,5,Completed,DOCK-1,4,4
2026-05-02 07:00:00,OP004,Chloe Thomas,D,Morning,65,1,564.4,65,97.12,7,Completed,DOCK-4,7,11
2026-05-02 07:00:00,OP003,Hugo Dubois,C,Morning,59,0,640.7,177,96.83,4,Completed,DOCK-3,11,1
2026-05-02 07:00:00,OP010,Sarah Laurent,E,Morning,57,1,709.3,57,98.62,1,Completed,DOCK-2,5,8
2026-05-02 07:00:00,OP005,Louis Robert,E,Morning,53,0,485.2,53,97.73,3,Completed,DOCK-5,8,8
2026-05-02 07:00:00,OP011,Adam Simon,A,Morning,65,1,680.0,130,98.1,7,Completed,DOCK-3,8,8
2026-05-02 07:00:00,OP014,Ines Leroy,D,Morning,59,0,538.6,177,96.99,4,Completed,DOCK-6,6,10
2026-05-02 07:00:00,OP018,Lina Bonnet,C,Morning,65,0,715.3,65,99.09,7,Completed,DOCK-2,7,1
2026-05-02 07:00:00,OP015,Tom Roux,E,Morning,66,0,738.1,198,97.94,7,Completed,DOCK-7,7,3
2026-05-02 08:00:00,OP002,Emma Bernard,B,Morning,22,0,286.2,66,98.62,1,Completed,DOCK-2,4,9
2026-05-02 08:00:00,OP001,Lucas Martin,A,Morning,50,0,616.8,50,98.02,7,Completed,DOCK-1,4,11
2026-05-02 08:00:00,OP003,Hugo Dubois,C,Morning,60,0,545.6,60,98.62,9,Completed,DOCK-3,5,8
2026-05-02 08:00:00,OP015,Tom Roux,E,Morning,70,2,608.1,140,99.9,3,Completed,DOCK-7,10,9
2026-05-02 08:00:00,OP014,Ines Leroy,D,Morning,52,0,654.1,52,97.44,7,Completed,DOCK-6,4,10
2026-05-02 08:00:00,OP020,Mila Faure,E,Morning,22,0,310.3,44,97.51,1,Completed,DOCK-4,1,5
2026-05-02 08:00:00,OP012,Camille Michel,B,Morning,65,1,842.1,130,97.1,7,Completed,DOCK-4,6,1
2026-05-02 08:00:00,OP019,Noah Lambert,D,Morning,61,3,711.0,61,96.95,5,Cancelled,DOCK-3,9,11
2026-05-02 08:00:00,OP004,Chloe Thomas,D,Morning,62,0,624.7,124,98.16,4,Completed,DOCK-4,4,10
2026-05-02 08:00:00,OP007,Nathan Petit,B,Morning,68,0,818.6,68,97.74,4,Completed,DOCK-7,3,11
2026-05-02 08:00:00,OP008,Lea Durand,C,Morning,65,0,861.9,130,98.05,11,Completed,DOCK-8,0,6
2026-05-02 08:00:00,OP016,Jade Fournier,A,Morning,72,0,682.4,72,96.71,6,Completed,DOCK-8,0,1
2026-05-02 09:00:00,OP019,Noah Lambert,D,Morning,56,0,579.8,168,98.86,1,Completed,DOCK-3,8,6
2026-05-02 09:00:00,OP001,Lucas Martin,A,Morning,52,1,607.6,156,96.87,1,Completed,DOCK-1,1,9
2026-05-02 09:00:00,OP018,Lina Bonnet,C,Morning,62,0,862.4,186,98.5,8,Completed,DOCK-2,7,5
2026-05-02 09:00:00,OP002,Emma Bernard,B,Morning,57,0,513.9,171,97.95,5,Completed,DOCK-2,10,5
2026-05-02 09:00:00,OP013,Raphael Lefebvre,C,Morning,60,0,586.2,180,96.91,3,Completed,DOCK-5,4,0
2026-05-02 09:00:00,OP006,Manon Richard,A,Morning,56,0,602.1,168,97.38,3,Completed,DOCK-6,4,10
2026-05-02 09:00:00,OP009,Jules Moreau,D,Morning,65,0,872.9,195,97.16,7,Completed,DOCK-1,6,7
2026-05-02 09:00:00,OP008,Lea Durand,C,Morning,61,1,703.0,61,96.24,5,Completed,DOCK-8,7,5
2026-05-02 10:00:00,OP020,Mila Faure,E,Morning,63,1,846.4,126,99.02,5,Completed,DOCK-4,6,6
2026-05-02 10:00:00,OP014,Ines Leroy,D,Morning,24,0,339.1,72,96.98,2,Completed,DOCK-6,6,9
2026-05-02 10:00:00,OP010,Sarah Laurent,E,Morning,60,1,662.8,60,98.61,5,Completed,DOCK-2,8,4
2026-05-02 10:00:00,OP011,Adam Simon,A,Morning,61,1,672.9,122,98.15,2,Delayed,DOCK-3,9,9
2026-05-02 10:00:00,OP016,Jade Fournier,A,Morning,66,0,663.9,132,97.11,4,Completed,DOCK-8,8,7
2026-05-02 10:00:00,OP005,Louis Robert,E,Morning,64,0,750.3,64,98.37,8,Completed,DOCK-5,6,0
2026-05-02 10:00:00,OP007,Nathan Petit,B,Morning,64,2,800.2,192,97.66,4,Completed,DOCK-7,5,4
2026-05-02 10:00:00,OP008,Lea Durand,C,Morning,60,0,765.8,60,97.69,6,Completed,DOCK-8,1,4
2026-05-02 10:00:00,OP019,Noah Lambert,D,Morning,50,0,640.5,50,96.69,1,Completed,DOCK-3,11,7
2026-05-02 10:00:00,OP003,Hugo Dubois,C,Morning,62,0,752.8,186,98.08,5,Completed,DOCK-3,6,1
2026-05-02 10:00:00,OP018,Lina Bonnet,C,Morning,63,0,733.9,63,97.28,10,Completed,DOCK-2,11,0
2026-05-02 11:00:00,OP012,Camille Michel,B,Morning,55,1,673.9,110,98.75,3,Completed,DOCK-4,6,6
2026-05-02 11:00:00,OP011,Adam Simon,A,Morning,50,0,483.7,100,97.48,2,Completed,DOCK-3,8,11
2026-05-02 11:00:00,OP005,Louis Robert,E,Morning,66,1,870.2,198,97.03,10,Completed,DOCK-5,8,10
2026-05-02 11:00:00,OP017,Liam Girard,B,Morning,54,0,746.3,162,98.62,6,Delayed,DOCK-1,0,10
2026-05-02 11:00:00,OP019,Noah Lambert,D,Morning,60,1,737.2,120,98.22,6,Completed,DOCK-3,11,9
2026-05-02 11:00:00,OP013,Raphael Lefebvre,C,Morning,62,1,578.7,186,99.1,2,Delayed,DOCK-5,7,5
2026-05-02 11:00:00,OP018,Lina Bonnet,C,Morning,62,0,880.8,62,97.03,1,Completed,DOCK-2,2,0
2026-05-02 11:00:00,OP009,Jules Moreau,D,Morning,62,0,564.8,124,96.98,2,Completed,DOCK-1,4,9
2026-05-02 12:00:00,OP013,Raphael Lefebvre,C,Morning,59,0,806.4,59,98.06,5,Cancelled,DOCK-5,10,1
2026-05-02 12:00:00,OP011,Adam Simon,A,Morning,51,2,617.7,51,97.87,4,Completed,DOCK-3,3,2
2026-05-02 12:00:00,OP018,Lina Bonnet,C,Morning,61,1,741.4,61,98.22,6,Completed,DOCK-2,7,0
2026-05-02 12:00:00,OP008,Lea Durand,C,Morning,65,0,668.9,65,98.37,3,Completed,DOCK-8,3,0
2026-05-02 12:00:00,OP002,Emma Bernard,B,Morning,61,0,604.7,183,98.55,5,Completed,DOCK-2,1,4
2026-05-02 12:00:00,OP014,Ines Leroy,D,Morning,50,0,455.6,50,97.87,6,Completed,DOCK-6,5,1
2026-05-02 12:00:00,OP006,Manon Richard,A,Morning,54,3,754.2,54,98.49,5,Completed,DOCK-6,2,7
2026-05-02 12:00:00,OP017,Liam Girard,B,Morning,58,0,835.9,58,97.0,4,Completed,DOCK-1,0,3
2026-05-02 12:00:00,OP016,Jade Fournier,A,Morning,63,0,585.8,189,98.83,6,Completed,DOCK-8,3,3
2026-05-02 12:00:00,OP020,Mila Faure,E,Morning,51,1,562.8,102,99.71,1,Completed,DOCK-4,9,8
2026-05-02 12:00:00,OP019,Noah Lambert,D,Morning,61,0,720.4,61,98.27,4,Completed,DOCK-3,9,9
2026-05-02 13:00:00,OP004,Chloe Thomas,D,Morning,65,1,665.1,195,99.01,11,Completed,DOCK-4,0,2
2026-05-02 13:00:00,OP001,Lucas Martin,A,Morning,56,1,630.4,56,97.12,5,Completed,DOCK-1,1,5
2026-05-02 13:00:00,OP019,Noah Lambert,D,Morning,64,0,578.8,128,97.57,7,Completed,DOCK-3,6,4
2026-05-02 13:00:00,OP020,Mila Faure,E,Morning,56,2,500.5,168,97.54,3,Completed,DOCK-4,10,4
2026-05-02 13:00:00,OP011,Adam Simon,A,Morning,61,0,687.5,61,97.19,5,Delayed,DOCK-3,5,8
2026-05-02 13:00:00,OP012,Camille Michel,B,Morning,50,0,432.1,100,98.65,5,Completed,DOCK-4,5,10
2026-05-02 13:00:00,OP015,Tom Roux,E,Morning,72,1,802.1,216,99.0,7,Cancelled,DOCK-7,7,7
2026-05-02 13:00:00,OP010,Sarah Laurent,E,Morning,57,0,642.4,171,97.3,3,Completed,DOCK-2,7,5
2026-05-02 13:00:00,OP006,Manon Richard,A,Morning,50,1,665.3,150,97.7,5,Completed,DOCK-6,4,9
2026-05-02 13:00:00,OP009,Jules Moreau,D,Morning,60,2,541.3,180,98.83,4,Completed,DOCK-1,3,6
2026-05-02 14:00:00,OP009,Jules Moreau,D,Afternoon,40,2,369.9,120,98.55,6,Completed,DOCK-1,7,2
2026-05-02 14:00:00,OP012,Camille Michel,B,Afternoon,42,0,560.8,84,99.0,6,Delayed,DOCK-4,7,1
2026-05-02 14:00:00,OP015,Tom Roux,E,Afternoon,58,0,645.5,174,96.93,3,Completed,DOCK-7,4,6
2026-05-02 14:00:00,OP006,Manon Richard,A,Afternoon,49,0,446.5,49,97.03,1,Completed,DOCK-6,2,3
2026-05-02 14:00:00,OP018,Lina Bonnet,C,Afternoon,60,0,533.6,180,98.25,4,Completed,DOCK-2,9,2
2026-05-02 14:00:00,OP020,Mila Faure,E,Afternoon,50,1,693.5,100,98.01,3,Completed,DOCK-4,6,3
2026-05-02 14:00:00,OP010,Sarah Laurent,E,Afternoon,58,1,616.7,116,96.54,2,Completed,DOCK-2,11,7
2026-05-02 14:00:00,OP014,Ines Leroy,D,Afternoon,51,2,562.1,102,97.66,2,Completed,DOCK-6,9,9
2026-05-02 15:00:00,OP015,Tom Roux,E,Afternoon,59,0,748.3,59,97.68,6,Completed,DOCK-7,0,2
2026-05-02 15:00:00,OP020,Mila Faure,E,Afternoon,41,1,355.6,123,98.72,1,Completed,DOCK-4,0,8
2026-05-02 15:00:00,OP013,Raphael Lefebvre,C,Afternoon,54,1,603.2,54,97.18,5,Completed,DOCK-5,0,1
2026-05-02 15:00:00,OP016,Jade Fournier,A,Afternoon,41,0,530.7,82,98.58,3,Completed,DOCK-8,1,2
2026-05-02 15:00:00,OP003,Hugo Dubois,C,Afternoon,47,1,419.6,94,99.52,6,Completed,DOCK-3,2,10
2026-05-02 15:00:00,OP014,Ines Leroy,D,Afternoon,48,0,670.5,48,97.5,6,Completed,DOCK-6,6,9
2026-05-02 15:00:00,OP012,Camille Michel,B,Afternoon,45,1,571.5,135,97.45,4,Completed,DOCK-4,11,7
2026-05-02 15:00:00,OP001,Lucas Martin,A,Afternoon,44,1,503.0,132,96.9,2,Completed,DOCK-1,3,8
2026-05-02 15:00:00,OP006,Manon Richard,A,Afternoon,45,1,547.9,135,98.33,1,Completed,DOCK-6,7,2
2026-05-02 15:00:00,OP017,Liam Girard,B,Afternoon,47,2,477.3,94,99.62,3,Completed,DOCK-1,0,1
2026-05-02 15:00:00,OP002,Emma Bernard,B,Afternoon,58,1,594.6,58,98.6,9,Completed,DOCK-2,0,5
2026-05-02 16:00:00,OP005,Louis Robert,E,Afternoon,62,0,546.5,62,96.98,6,Completed,DOCK-5,3,1
2026-05-02 16:00:00,OP001,Lucas Martin,A,Afternoon,40,0,489.6,120,98.26,1,Completed,DOCK-1,3,6
2026-05-02 16:00:00,OP010,Sarah Laurent,E,Afternoon,54,0,564.1,108,98.25,5,Completed,DOCK-2,6,7
2026-05-02 16:00:00,OP014,Ines Leroy,D,Afternoon,45,0,518.6,90,97.92,3,Completed,DOCK-6,5,0
2026-05-02 16:00:00,OP017,Liam Girard,B,Afternoon,41,1,481.2,82,98.27,3,Completed,DOCK-1,0,6
2026-05-02 16:00:00,OP013,Raphael Lefebvre,C,Afternoon,53,0,682.5,106,97.87,5,Completed,DOCK-5,2,5
2026-05-02 16:00:00,OP012,Camille Michel,B,Afternoon,53,2,649.5,53,97.31,4,Delayed,DOCK-4,4,10
2026-05-02 16:00:00,OP003,Hugo Dubois,C,Afternoon,49,1,671.1,98,99.74,3,Completed,DOCK-3,11,7
2026-05-02 16:00:00,OP011,Adam Simon,A,Afternoon,45,0,594.2,90,96.44,7,Completed,DOCK-3,1,5
2026-05-02 16:00:00,OP002,Emma Bernard,B,Afternoon,44,0,591.4,44,98.13,5,Completed,DOCK-2,9,0
2026-05-02 16:00:00,OP009,Jules Moreau,D,Afternoon,47,0,522.5,94,98.1,4,Delayed,DOCK-1,0,11
2026-05-02 16:00:00,OP007,Nathan Petit,B,Afternoon,49,1,473.0,147,97.36,2,Completed,DOCK-7,9,11
2026-05-02 17:00:00,OP019,Noah Lambert,D,Afternoon,40,1,379.9,80,96.74,11,Completed,DOCK-3,10,2
2026-05-02 17:00:00,OP006,Manon Richard,A,Afternoon,46,1,453.1,138,96.92,5,Completed,DOCK-6,6,10
2026-05-02 17:00:00,OP016,Jade Fournier,A,Afternoon,52,0,442.9,156,98.77,4,Completed,DOCK-8,1,8
2026-05-02 17:00:00,OP004,Chloe Thomas,D,Afternoon,48,0,574.9,96,97.89,4,Completed,DOCK-4,2,10
2026-05-02 17:00:00,OP014,Ines Leroy,D,Afternoon,43,1,620.0,43,97.37,2,Completed,DOCK-6,10,10
2026-05-02 17:00:00,OP008,Lea Durand,C,Afternoon,58,2,564.6,116,97.61,6,Completed,DOCK-8,3,9
2026-05-02 17:00:00,OP010,Sarah Laurent,E,Afternoon,44,0,427.9,88,97.62,4,Completed,DOCK-2,0,6
2026-05-02 17:00:00,OP017,Liam Girard,B,Afternoon,44,1,611.3,44,98.22,1,Completed,DOCK-1,10,1
2026-05-02 17:00:00,OP015,Tom Roux,E,Afternoon,55,0,503.8,55,96.25,7,Completed,DOCK-7,11,3
2026-05-02 17:00:00,OP009,Jules Moreau,D,Afternoon,45,2,601.4,90,97.07,1,Delayed,DOCK-1,9,9
2026-05-02 18:00:00,OP014,Ines Leroy,D,Afternoon,56,2,652.7,112,97.44,5,Completed,DOCK-6,10,4
2026-05-02 18:00:00,OP017,Liam Girard,B,Afternoon,45,0,640.7,45,97.19,1,Completed,DOCK-1,8,10
2026-05-02 18:00:00,OP002,Emma Bernard,B,Afternoon,56,0,569.5,112,99.46,6,Completed,DOCK-2,4,11
2026-05-02 18:00:00,OP011,Adam Simon,A,Afternoon,54,2,471.6,108,97.89,4,Completed,DOCK-3,4,3
2026-05-02 18:00:00,OP019,Noah Lambert,D,Afternoon,49,0,595.4,98,98.34,3,Completed,DOCK-3,4,2
2026-05-02 18:00:00,OP010,Sarah Laurent,E,Afternoon,50,0,522.6,100,98.59,4,Completed,DOCK-2,9,6
2026-05-02 18:00:00,OP007,Nathan Petit,B,Afternoon,55,0,562.0,55,98.25,3,Completed,DOCK-7,4,8
2026-05-02 18:00:00,OP006,Manon Richard,A,Afternoon,40,1,363.5,80,98.24,1,Completed,DOCK-6,4,3
2026-05-02 18:00:00,OP020,Mila Faure,E,Afternoon,46,0,608.1,138,98.24,5,Completed,DOCK-4,8,9
2026-05-02 18:00:00,OP009,Jules Moreau,D,Afternoon,42,0,530.5,42,96.36,6,Completed,DOCK-1,6,9
2026-05-02 18:00:00,OP003,Hugo Dubois,C,Afternoon,40,2,377.8,120,96.71,3,Completed,DOCK-3,11,3
2026-05-02 18:00:00,OP004,Chloe Thomas,D,Afternoon,52,1,580.0,104,99.05,3,Completed,DOCK-4,9,11
2026-05-02 18:00:00,OP005,Louis Robert,E,Afternoon,40,0,549.4,40,98.62,6,Completed,DOCK-5,1,3
2026-05-02 18:00:00,OP012,Camille Michel,B,Afternoon,40,1,455.1,40,98.95,2,Completed,DOCK-4,4,10
2026-05-02 18:00:00,OP008,Lea Durand,C,Afternoon,42,1,486.8,42,97.58,4,Completed,DOCK-8,10,9
2026-05-02 19:00:00,OP007,Nathan Petit,B,Afternoon,42,0,605.0,84,99.13,4,Completed,DOCK-7,9,0
2026-05-02 19:00:00,OP016,Jade Fournier,A,Afternoon,50,1,536.9,50,98.86,4,Cancelled,DOCK-8,8,7
2026-05-02 19:00:00,OP015,Tom Roux,E,Afternoon,55,0,751.4,165,98.9,4,Completed,DOCK-7,4,8
2026-05-02 19:00:00,OP003,Hugo Dubois,C,Afternoon,53,0,490.2,159,97.84,5,Delayed,DOCK-3,6,9
2026-05-02 19:00:00,OP005,Louis Robert,E,Afternoon,53,2,766.0,159,98.64,3,Completed,DOCK-5,8,9
2026-05-02 19:00:00,OP019,Noah Lambert,D,Afternoon,47,0,675.6,94,97.53,8,Completed,DOCK-3,8,9
2026-05-02 19:00:00,OP010,Sarah Laurent,E,Afternoon,64,0,731.7,192,99.11,4,Completed,DOCK-2,7,10
2026-05-02 19:00:00,OP020,Mila Faure,E,Afternoon,47,0,453.7,141,98.13,4,Completed,DOCK-4,8,9
2026-05-02 19:00:00,OP006,Manon Richard,A,Afternoon,42,0,504.5,126,97.82,3,Completed,DOCK-6,9,9
2026-05-02 20:00:00,OP011,Adam Simon,A,Afternoon,58,1,510.0,116,96.8,5,Completed,DOCK-3,5,9
2026-05-02 20:00:00,OP008,Lea Durand,C,Afternoon,40,0,531.8,40,97.21,1,Completed,DOCK-8,1,7
2026-05-02 20:00:00,OP006,Manon Richard,A,Afternoon,42,0,431.4,84,98.29,6,Completed,DOCK-6,1,10
2026-05-02 20:00:00,OP002,Emma Bernard,B,Afternoon,50,1,516.4,100,98.68,3,Completed,DOCK-2,8,5
2026-05-02 20:00:00,OP010,Sarah Laurent,E,Afternoon,59,0,633.2,177,98.44,3,Delayed,DOCK-2,10,5
2026-05-02 20:00:00,OP013,Raphael Lefebvre,C,Afternoon,40,0,396.6,120,98.69,6,Completed,DOCK-5,7,0
2026-05-02 20:00:00,OP003,Hugo Dubois,C,Afternoon,45,0,449.1,90,96.88,3,Completed,DOCK-3,3,4
2026-05-02 20:00:00,OP016,Jade Fournier,A,Afternoon,47,0,649.9,47,98.28,4,Completed,DOCK-8,4,11
2026-05-02 20:00:00,OP001,Lucas Martin,A,Afternoon,40,0,559.9,40,96.68,2,Completed,DOCK-1,8,11
2026-05-02 20:00:00,OP004,Chloe Thomas,D,Afternoon,51,0,684.5,102,99.56,8,Completed,DOCK-4,3,8
2026-05-02 20:00:00,OP018,Lina Bonnet,C,Afternoon,56,0,529.0,56,98.98,7,Completed,DOCK-2,7,8
2026-05-02 21:00:00,OP018,Lina Bonnet,C,Afternoon,43,0,381.2,129,97.39,6,Completed,DOCK-2,7,5
2026-05-02 21:00:00,OP011,Adam Simon,A,Afternoon,48,1,473.5,144,99.3,4,Delayed,DOCK-3,9,0
2026-05-02 21:00:00,OP013,Raphael Lefebvre,C,Afternoon,43,0,511.6,43,97.35,2,Cancelled,DOCK-5,7,8
2026-05-02 21:00:00,OP002,Emma Bernard,B,Afternoon,48,1,583.5,144,99.01,5,Completed,DOCK-2,7,10
2026-05-02 21:00:00,OP007,Nathan Petit,B,Afternoon,46,0,417.1,46,98.24,3,Completed,DOCK-7,2,11
2026-05-02 21:00:00,OP014,Ines Leroy,D,Afternoon,40,0,569.0,80,97.37,1,Completed,DOCK-6,3,5
2026-05-02 21:00:00,OP019,Noah Lambert,D,Afternoon,44,0,511.7,44,97.64,8,Completed,DOCK-3,11,2
2026-05-02 21:00:00,OP003,Hugo Dubois,C,Afternoon,46,1,444.9,138,98.18,4,Completed,DOCK-3,0,9
2026-05-02 22:00:00,OP009,Jules Moreau,D,Night,35,0,439.4,105,97.36,1,Cancelled,DOCK-1,9,10
2026-05-02 22:00:00,OP008,Lea Durand,C,Night,42,2,393.6,126,97.64,2,Completed,DOCK-8,5,5
2026-05-02 22:00:00,OP015,Tom Roux,E,Night,47,1,480.1,141,98.5,2,Completed,DOCK-7,9,8
2026-05-02 22:00:00,OP003,Hugo Dubois,C,Night,35,1,384.8,105,97.18,5,Completed,DOCK-3,8,5
2026-05-02 22:00:00,OP013,Raphael Lefebvre,C,Night,25,1,251.8,50,97.22,3,Completed,DOCK-5,11,3
2026-05-02 22:00:00,OP007,Nathan Petit,B,Night,41,0,532.5,82,98.14,5,Completed,DOCK-7,7,9
2026-05-02 22:00:00,OP005,Louis Robert,E,Night,42,1,550.2,42,98.28,3,Completed,DOCK-5,9,9
2026-05-02 22:00:00,OP012,Camille Michel,B,Night,25,0,288.1,75,97.75,2,Completed,DOCK-4,11,9
2026-05-02 22:00:00,OP001,Lucas Martin,A,Night,29,0,333.5,87,98.2,2,Completed,DOCK-1,3,3
2026-05-02 22:00:00,OP004,Chloe Thomas,D,Night,50,1,479.9,50,98.91,5,Completed,DOCK-4,11,5
2026-05-02 22:00:00,OP020,Mila Faure,E,Night,33,1,476.9,66,97.96,1,Completed,DOCK-4,8,4
2026-05-02 22:00:00,OP014,Ines Leroy,D,Night,43,3,420.5,43,98.85,3,Completed,DOCK-6,4,8
2026-05-02 22:00:00,OP010,Sarah Laurent,E,Night,40,0,450.9,40,97.78,2,Completed,DOCK-2,0,5
2026-05-02 23:00:00,OP012,Camille Michel,B,Night,25,1,259.9,25,99.02,4,Completed,DOCK-4,11,10
2026-05-02 23:00:00,OP007,Nathan Petit,B,Night,32,1,449.2,32,98.13,3,Completed,DOCK-7,0,4
2026-05-02 23:00:00,OP005,Louis Robert,E,Night,28,0,405.7,84,98.68,3,Completed,DOCK-5,0,7
2026-05-02 23:00:00,OP001,Lucas Martin,A,Night,32,2,426.0,32,98.58,2,Delayed,DOCK-1,9,2
2026-05-02 23:00:00,OP011,Adam Simon,A,Night,39,2,506.5,117,97.96,4,Completed,DOCK-3,6,5
2026-05-02 23:00:00,OP003,Hugo Dubois,C,Night,36,1,350.1,108,96.74,5,Delayed,DOCK-3,10,6
2026-05-02 23:00:00,OP014,Ines Leroy,D,Night,35,0,442.4,70,97.9,3,Completed,DOCK-6,1,8
2026-05-02 23:00:00,OP004,Chloe Thomas,D,Night,38,0,399.4,38,99.9,6,Completed,DOCK-4,7,8
2026-05-02 23:00:00,OP019,Noah Lambert,D,Night,40,0,373.5,120,98.09,1,Completed,DOCK-3,4,6
2026-05-02 23:00:00,OP015,Tom Roux,E,Night,36,1,429.0,108,98.14,3,Completed,DOCK-7,0,11
2026-05-03 00:00:00,OP010,Sarah Laurent,E,Night,42,1,374.0,126,96.46,7,Completed,DOCK-2,2,1
2026-05-03 00:00:00,OP001,Lucas Martin,A,Night,32,1,284.1,96,97.24,2,Delayed,DOCK-1,9,1
2026-05-03 00:00:00,OP015,Tom Roux,E,Night,46,0,646.9,46,97.82,4,Completed,DOCK-7,11,0
2026-05-03 00:00:00,OP018,Lina Bonnet,C,Night,31,0,436.6,62,99.33,4,Completed,DOCK-2,2,11
2026-05-03 00:00:00,OP007,Nathan Petit,B,Night,39,0,547.3,39,98.38,5,Completed,DOCK-7,0,2
2026-05-03 00:00:00,OP012,Camille Michel,B,Night,25,0,350.1,50,97.02,5,Completed,DOCK-4,1,0
2026-05-03 00:00:00,OP008,Lea Durand,C,Night,25,1,346.7,25,97.7,4,Completed,DOCK-8,0,0
2026-05-03 00:00:00,OP013,Raphael Lefebvre,C,Night,39,0,553.2,78,96.49,5,Completed,DOCK-5,5,8
2026-05-03 00:00:00,OP020,Mila Faure,E,Night,28,0,338.1,84,97.67,1,Delayed,DOCK-4,1,10
2026-05-03 00:00:00,OP004,Chloe Thomas,D,Night,33,1,348.2,66,98.28,4,Completed,DOCK-4,11,10
2026-05-03 00:00:00,OP006,Manon Richard,A,Night,26,0,354.0,52,98.55,2,Completed,DOCK-6,9,6
2026-05-03 00:00:00,OP016,Jade Fournier,A,Night,27,0,325.4,27,99.13,2,Completed,DOCK-8,4,7
2026-05-03 00:00:00,OP017,Liam Girard,B,Night,31,1,274.9,93,99.21,2,Completed,DOCK-1,7,0
2026-05-03 00:00:00,OP009,Jules Moreau,D,Night,26,0,286.0,52,97.97,2,Completed,DOCK-1,6,4
2026-05-03 00:00:00,OP002,Emma Bernard,B,Night,31,0,430.8,93,98.1,5,Completed,DOCK-2,8,2
2026-05-03 01:00:00,OP011,Adam Simon,A,Night,41,3,501.8,123,98.67,3,Completed,DOCK-3,11,6
2026-05-03 01:00:00,OP017,Liam Girard,B,Night,38,1,434.0,76,97.59,4,Completed,DOCK-1,9,1
2026-05-03 01:00:00,OP007,Nathan Petit,B,Night,30,0,283.7,30,98.31,1,Completed,DOCK-7,9,8
2026-05-03 01:00:00,OP003,Hugo Dubois,C,Night,25,0,311.2,75,97.13,1,Delayed,DOCK-3,11,2
2026-05-03 01:00:00,OP013,Raphael Lefebvre,C,Night,31,0,284.0,93,97.66,4,Completed,DOCK-5,2,6
2026-05-03 01:00:00,OP006,Manon Richard,A,Night,37,2,359.7,37,98.64,1,Completed,DOCK-6,8,10
2026-05-03 01:00:00,OP010,Sarah Laurent,E,Night,36,1,475.1,72,97.34,1,Completed,DOCK-2,8,10
2026-05-03 01:00:00,OP015,Tom Roux,E,Night,40,0,441.3,40,99.13,3,Delayed,DOCK-7,9,7
2026-05-03 01:00:00,OP002,Emma Bernard,B,Night,35,0,396.8,70,96.74,3,Completed,DOCK-2,0,3
2026-05-03 02:00:00,OP002,Emma Bernard,B,Night,25,0,291.4,75,98.82,1,Completed,DOCK-2,0,9
2026-05-03 02:00:00,OP001,Lucas Martin,A,Night,25,0,332.1,25,98.86,4,Completed,DOCK-1,3,7
2026-05-03 02:00:00,OP015,Tom Roux,E,Night,44,1,589.1,88,97.3,4,Completed,DOCK-7,6,4
2026-05-03 02:00:00,OP013,Raphael Lefebvre,C,Night,34,0,352.2,34,97.28,3,Completed,DOCK-5,6,4
2026-05-03 02:00:00,OP012,Camille Michel,B,Night,25,1,232.8,25,98.08,3,Delayed,DOCK-4,6,2
2026-05-03 02:00:00,OP020,Mila Faure,E,Night,27,0,292.1,54,97.0,4,Completed,DOCK-4,1,6
2026-05-03 02:00:00,OP018,Lina Bonnet,C,Night,36,2,506.7,108,99.29,3,Completed,DOCK-2,11,2
2026-05-03 02:00:00,OP003,Hugo Dubois,C,Night,29,0,250.5,29,97.69,2,Completed,DOCK-3,8,0
2026-05-03 02:00:00,OP005,Louis Robert,E,Night,46,1,626.2,92,99.19,2,Completed,DOCK-5,2,9
2026-05-03 02:00:00,OP006,Manon Richard,A,Night,25,0,302.2,75,97.95,2,Completed,DOCK-6,11,5
2026-05-03 02:00:00,OP019,Noah Lambert,D,Night,32,0,395.1,32,98.5,4,Completed,DOCK-3,8,10
2026-05-03 02:00:00,OP011,Adam Simon,A,Night,36,1,447.8,108,98.26,5,Completed,DOCK-3,6,4
2026-05-03 03:00:00,OP004,Chloe Thomas,D,Night,38,0,378.8,38,98.29,4,Completed,DOCK-4,1,1
2026-05-03 03:00:00,OP001,Lucas Martin,A,Night,26,1,333.7,26,97.19,4,Completed,DOCK-1,7,7
2026-05-03 03:00:00,OP014,Ines Leroy,D,Night,32,0,430.5,96,98.67,4,Completed,DOCK-6,5,5
2026-05-03 03:00:00,OP017,Liam Girard,B,Night,29,0,300.6,87,97.37,3,Completed,DOCK-1,4,2
2026-05-03 03:00:00,OP002,Emma Bernard,B,Night,41,1,407.7,82,97.69,6,Completed,DOCK-2,5,11
2026-05-03 03:00:00,OP007,Nathan Petit,B,Night,35,0,497.4,35,99.48,2,Cancelled,DOCK-7,7,2
2026-05-03 03:00:00,OP020,Mila Faure,E,Night,25,0,254.7,50,96.98,2,Delayed,DOCK-4,5,3
2026-05-03 03:00:00,OP009,Jules Moreau,D,Night,29,0,367.3,87,99.24,1,Completed,DOCK-1,8,9
2026-05-03 03:00:00,OP011,Adam Simon,A,Night,25,1,342.8,75,97.89,3,Completed,DOCK-3,9,4
2026-05-03 03:00:00,OP015,Tom Roux,E,Night,38,0,525.3,38,98.37,5,Completed,DOCK-7,10,9
2026-05-03 04:00:00,OP014,Ines Leroy,D,Night,36,0,325.5,108,97.59,4,Completed,DOCK-6,7,4
2026-05-03 04:00:00,OP020,Mila Faure,E,Night,29,0,380.7,29,97.06,1,Completed,DOCK-4,5,3
2026-05-03 04:00:00,OP003,Hugo Dubois,C,Night,26,0,231.8,78,98.38,3,Completed,DOCK-3,5,9
2026-05-03 04:00:00,OP009,Jules Moreau,D,Night,25,1,320.6,75,97.14,4,Completed,DOCK-1,8,2
2026-05-03 04:00:00,OP007,Nathan Petit,B,Night,36,0,429.4,36,97.39,2,Completed,DOCK-7,8,7
2026-05-03 04:00:00,OP015,Tom Roux,E,Night,43,0,464.6,86,97.65,1,Delayed,DOCK-7,7,0
2026-05-03 04:00:00,OP011,Adam Simon,A,Night,32,1,447.2,96,96.66,1,Completed,DOCK-3,6,3
2026-05-03 04:00:00,OP017,Liam Girard,B,Night,25,0,291.9,50,96.88,1,Completed,DOCK-1,7,10
2026-05-03 04:00:00,OP010,Sarah Laurent,E,Night,25,0,265.4,50,97.16,2,Completed,DOCK-2,3,2
2026-05-03 04:00:00,OP019,Noah Lambert,D,Night,28,0,259.6,56,98.77,3,Completed,DOCK-3,4,6
2026-05-03 05:00:00,OP016,Jade Fournier,A,Night,34,0,295.9,34,98.48,1,Completed,DOCK-8,3,6
2026-05-03 05:00:00,OP019,Noah Lambert,D,Night,25,0,214.9,50,99.85,4,Cancelled,DOCK-3,10,1
2026-05-03 05:00:00,OP018,Lina Bonnet,C,Night,29,0,403.7,87,97.5,2,Completed,DOCK-2,11,8
2026-05-03 05:00:00,OP006,Manon Richard,A,Night,26,1,269.0,78,98.81,5,Cancelled,DOCK-6,1,3
2026-05-03 05:00:00,OP004,Chloe Thomas,D,Night,43,0,375.6,43,98.99,5,Completed,DOCK-4,5,7
2026-05-03 05:00:00,OP008,Lea Durand,C,Night,39,0,352.1,39,97.9,2,Completed,DOCK-8,0,2
2026-05-03 05:00:00,OP001,Lucas Martin,A,Night,25,0,295.3,75,98.21,4,Completed,DOCK-1,1,11
2026-05-03 05:00:00,OP007,Nathan Petit,B,Night,36,0,466.1,108,97.13,3,Completed,DOCK-7,11,10
2026-05-03 05:00:00,OP002,Emma Bernard,B,Night,30,0,301.0,30,97.1,4,Completed,DOCK-2,1,2
2026-05-03 06:00:00,OP007,Nathan Petit,B,Morning,54,0,673.3,108,98.72,5,Delayed,DOCK-7,11,1
2026-05-03 06:00:00,OP013,Raphael Lefebvre,C,Morning,57,1,711.3,57,99.3,7,Completed,DOCK-5,5,5
2026-05-03 06:00:00,OP012,Camille Michel,B,Morning,51,0,586.2,153,97.32,2,Completed,DOCK-4,2,6
2026-05-03 06:00:00,OP004,Chloe Thomas,D,Morning,59,0,708.0,59,98.3,5,Completed,DOCK-4,1,1
2026-05-03 06:00:00,OP016,Jade Fournier,A,Morning,56,0,556.8,112,98.81,6,Completed,DOCK-8,4,3
2026-05-03 06:00:00,OP005,Louis Robert,E,Morning,68,3,883.1,136,97.97,7,Completed,DOCK-5,8,1
2026-05-03 06:00:00,OP015,Tom Roux,E,Morning,65,1,582.8,195,98.74,1,Completed,DOCK-7,10,1
2026-05-03 06:00:00,OP002,Emma Bernard,B,Morning,63,0,811.1,126,97.87,8,Completed,DOCK-2,2,8
2026-05-03 06:00:00,OP020,Mila Faure,E,Morning,58,0,830.7,116,97.12,3,Completed,DOCK-4,4,3
2026-05-03 06:00:00,OP017,Liam Girard,B,Morning,60,1,837.8,60,99.63,7,Completed,DOCK-1,7,5
2026-05-03 06:00:00,OP008,Lea Durand,C,Morning,60,1,718.9,180,98.78,8,Completed,DOCK-8,4,4
2026-05-03 06:00:00,OP011,Adam Simon,A,Morning,50,1,642.1,150,99.27,6,Completed,DOCK-3,9,10
2026-05-03 06:00:00,OP006,Manon Richard,A,Morning,50,0,560.6,50,97.02,3,Completed,DOCK-6,11,6
2026-05-03 06:00:00,OP010,Sarah Laurent,E,Morning,69,1,887.6,69,97.09,9,Completed,DOCK-2,5,8
2026-05-03 06:00:00,OP014,Ines Leroy,D,Morning,56,1,613.7,56,98.5,4,Completed,DOCK-6,1,6
2026-05-03 07:00:00,OP014,Ines Leroy,D,Morning,65,0,832.6,130,99.22,5,Completed,DOCK-6,6,6
2026-05-03 07:00:00,OP020,Mila Faure,E,Morning,67,2,830.4,201,98.4,3,Completed,DOCK-4,1,10
2026-05-03 07:00:00,OP010,Sarah Laurent,E,Morning,58,0,646.8,58,98.8,5,Completed,DOCK-2,7,4
2026-05-03 07:00:00,OP003,Hugo Dubois,C,Morning,55,1,543.4,165,97.92,1,Completed,DOCK-3,5,11
2026-05-03 07:00:00,OP013,Raphael Lefebvre,C,Morning,62,2,684.3,124,98.19,5,Completed,DOCK-5,5,2
2026-05-03 07:00:00,OP007,Nathan Petit,B,Morning,70,0,824.3,70,98.15,7,Completed,DOCK-7,2,4
2026-05-03 07:00:00,OP001,Lucas Martin,A,Morning,52,1,577.5,52,97.17,7,Delayed,DOCK-1,1,4
2026-05-03 07:00:00,OP005,Louis Robert,E,Morning,62,1,747.8,186,99.23,7,Delayed,DOCK-5,6,6
2026-05-03 07:00:00,OP019,Noah Lambert,D,Morning,55,0,653.2,110,98.77,6,Completed,DOCK-3,11,1
2026-05-03 07:00:00,OP004,Chloe Thomas,D,Morning,66,0,864.6,66,98.7,4,Completed,DOCK-4,7,3
2026-05-03 07:00:00,OP009,Jules Moreau,D,Morning,50,0,552.8,100,97.84,7,Delayed,DOCK-1,4,3
2026-05-03 07:00:00,OP002,Emma Bernard,B,Morning,59,0,586.8,177,97.95,5,Completed,DOCK-2,11,7
2026-05-03 08:00:00,OP001,Lucas Martin,A,Morning,50,0,565.2,100,97.18,2,Completed,DOCK-1,6,6
2026-05-03 08:00:00,OP007,Nathan Petit,B,Morning,63,0,913.2,126,96.8,5,Completed,DOCK-7,8,10
2026-05-03 08:00:00,OP020,Mila Faure,E,Morning,57,1,596.1,171,95.64,3,Completed,DOCK-4,2,1
2026-05-03 08:00:00,OP005,Louis Robert,E,Morning,60,0,807.2,120,99.25,2,Completed,DOCK-5,1,5
2026-05-03 08:00:00,OP012,Camille Michel,B,Morning,50,1,601.0,100,97.31,3,Completed,DOCK-4,3,9
2026-05-03 08:00:00,OP015,Tom Roux,E,Morning,53,0,707.2,106,98.44,4,Completed,DOCK-7,6,10
2026-05-03 08:00:00,OP011,Adam Simon,A,Morning,62,0,691.9,186,97.27,2,Completed,DOCK-3,3,11
2026-05-03 08:00:00,OP018,Lina Bonnet,C,Morning,60,1,824.6,180,98.79,4,Completed,DOCK-2,9,3
2026-05-03 08:00:00,OP003,Hugo Dubois,C,Morning,60,1,693.2,60,98.24,7,Completed,DOCK-3,11,1
2026-05-03 08:00:00,OP008,Lea Durand,C,Morning,60,1,714.9,60,99.12,6,Completed,DOCK-8,4,6
2026-05-03 09:00:00,OP013,Raphael Lefebvre,C,Morning,61,1,640.4,183,98.14,2,Completed,DOCK-5,0,9
2026-05-03 09:00:00,OP016,Jade Fournier,A,Morning,51,1,522.3,51,98.34,6,Delayed,DOCK-8,9,7
2026-05-03 09:00:00,OP020,Mila Faure,E,Morning,53,0,579.9,159,97.14,8,Completed,DOCK-4,2,5
2026-05-03 09:00:00,OP012,Camille Michel,B,Morning,60,0,550.0,60,97.68,5,Completed,DOCK-4,1,10
2026-05-03 09:00:00,OP004,Chloe Thomas,D,Morning,64,0,837.9,128,98.06,6,Completed,DOCK-4,0,7
2026-05-03 09:00:00,OP010,Sarah Laurent,E,Morning,64,2,641.7,64,98.03,6,Delayed,DOCK-2,5,7
2026-05-03 09:00:00,OP014,Ines Leroy,D,Morning,66,1,585.2,198,97.22,6,Completed,DOCK-6,5,7
2026-05-03 09:00:00,OP011,Adam Simon,A,Morning,58,1,591.0,58,98.18,4,Completed,DOCK-3,3,3
2026-05-03 09:00:00,OP017,Liam Girard,B,Morning,50,0,487.8,100,96.63,1,Completed,DOCK-1,11,9
2026-05-03 09:00:00,OP019,Noah Lambert,D,Morning,57,1,679.6,114,98.67,1,Completed,DOCK-3,5,4
2026-05-03 09:00:00,OP006,Manon Richard,A,Morning,50,0,546.1,50,98.28,8,Completed,DOCK-6,7,8
2026-05-03 10:00:00,OP013,Raphael Lefebvre,C,Morning,59,2,730.3,59,98.64,4,Completed,DOCK-5,3,5
2026-05-03 10:00:00,OP004,Chloe Thomas,D,Morning,64,0,552.5,192,98.74,8,Completed,DOCK-4,11,0
2026-05-03 10:00:00,OP012,Camille Michel,B,Morning,56,2,719.8,168,98.43,5,Completed,DOCK-4,6,0
2026-05-03 10:00:00,OP020,Mila Faure,E,Morning,59,0,728.5,59,96.57,6,Completed,DOCK-4,3,2
2026-05-03 10:00:00,OP001,Lucas Martin,A,Morning,56,0,689.1,112,97.25,3,Completed,DOCK-1,11,4
2026-05-03 10:00:00,OP018,Lina Bonnet,C,Morning,57,0,776.0,57,99.26,4,Completed,DOCK-2,8,9
2026-05-03 10:00:00,OP017,Liam Girard,B,Morning,50,0,452.9,150,98.05,11,Delayed,DOCK-1,0,2
2026-05-03 10:00:00,OP006,Manon Richard,A,Morning,55,0,682.7,55,97.11,3,Completed,DOCK-6,6,4
2026-05-03 10:00:00,OP011,Adam Simon,A,Morning,55,0,551.7,165,98.94,5,Completed,DOCK-3,6,3
2026-05-03 10:00:00,OP016,Jade Fournier,A,Morning,21,0,231.4,21,98.41,1,Completed,DOCK-8,10,7
2026-05-03 10:00:00,OP008,Lea Durand,C,Morning,62,0,810.6,62,97.37,4,Completed,DOCK-8,11,1
2026-05-03 10:00:00,OP015,Tom Roux,E,Morning,65,0,765.4,130,98.62,8,Completed,DOCK-7,1,8
2026-05-03 10:00:00,OP002,Emma Bernard,B,Morning,64,0,559.9,192,97.85,6,Completed,DOCK-2,1,0
2026-05-03 11:00:00,OP019,Noah Lambert,D,Morning,53,0,510.3,53,98.64,4,Completed,DOCK-3,10,8
2026-05-03 11:00:00,OP002,Emma Bernard,B,Morning,58,0,838.5,58,97.93,3,Completed,DOCK-2,7,6
2026-05-03 11:00:00,OP010,Sarah Laurent,E,Morning,66,1,839.0,132,98.03,7,Cancelled,DOCK-2,11,0
2026-05-03 11:00:00,OP004,Chloe Thomas,D,Morning,61,1,722.4,122,99.02,6,Completed,DOCK-4,11,1
2026-05-03 11:00:00,OP012,Camille Michel,B,Morning,50,0,697.9,100,97.06,2,Completed,DOCK-4,7,1
2026-05-03 11:00:00,OP011,Adam Simon,A,Morning,54,1,705.3,54,97.24,7,Completed,DOCK-3,2,3
2026-05-03 11:00:00,OP008,Lea Durand,C,Morning,52,0,698.9,156,97.54,2,Completed,DOCK-8,8,11
2026-05-03 11:00:00,OP014,Ines Leroy,D,Morning,50,1,523.5,100,97.96,7,Completed,DOCK-6,3,3
2026-05-03 11:00:00,OP020,Mila Faure,E,Morning,56,1,510.3,168,96.99,3,Completed,DOCK-4,1,7
2026-05-03 12:00:00,OP010,Sarah Laurent,E,Morning,52,1,687.0,104,97.09,4,Completed,DOCK-2,6,11
2026-05-03 12:00:00,OP018,Lina Bonnet,C,Morning,69,1,666.0,207,99.41,12,Completed,DOCK-2,11,10
2026-05-03 12:00:00,OP012,Camille Michel,B,Morning,52,1,720.6,104,98.03,7,Completed,DOCK-4,1,2
2026-05-03 12:00:00,OP016,Jade Fournier,A,Morning,59,0,783.9,177,97.54,7,Cancelled,DOCK-8,4,9
2026-05-03 12:00:00,OP005,Louis Robert,E,Morning,55,0,500.2,110,98.31,4,Completed,DOCK-5,8,4
2026-05-03 12:00:00,OP020,Mila Faure,E,Morning,52,2,548.1,156,97.26,3,Delayed,DOCK-4,4,3
2026-05-03 12:00:00,OP008,Lea Durand,C,Morning,54,1,776.4,162,95.88,3,Completed,DOCK-8,7,6
2026-05-03 12:00:00,OP006,Manon Richard,A,Morning,50,2,649.6,50,97.91,3,Cancelled,DOCK-6,2,8
2026-05-03 12:00:00,OP014,Ines Leroy,D,Morning,59,1,646.9,59,96.08,3,Delayed,DOCK-6,6,3
2026-05-03 12:00:00,OP007,Nathan Petit,B,Morning,58,2,538.2,58,98.06,8,Completed,DOCK-7,11,1
2026-05-03 12:00:00,OP013,Raphael Lefebvre,C,Morning,57,0,651.8,171,97.49,2,Cancelled,DOCK-5,5,6
2026-05-03 12:00:00,OP004,Chloe Thomas,D,Morning,65,0,587.7,130,98.27,4,Completed,DOCK-4,10,5
2026-05-03 12:00:00,OP009,Jules Moreau,D,Morning,51,1,738.6,51,97.71,1,Delayed,DOCK-1,3,11
2026-05-03 13:00:00,OP006,Manon Richard,A,Morning,50,0,594.5,50,97.48,5,Completed,DOCK-6,6,10
2026-05-03 13:00:00,OP005,Louis Robert,E,Morning,54,0,781.8,162,99.9,3,Delayed,DOCK-5,6,9
2026-05-03 13:00:00,OP011,Adam Simon,A,Morning,51,1,514.6,153,97.92,4,Completed,DOCK-3,11,5
2026-05-03 13:00:00,OP001,Lucas Martin,A,Morning,61,2,778.2,122,97.92,1,Completed,DOCK-1,3,6
2026-05-03 13:00:00,OP019,Noah Lambert,D,Morning,56,0,567.3,112,97.78,9,Completed,DOCK-3,0,6
2026-05-03 13:00:00,OP016,Jade Fournier,A,Morning,62,1,833.9,186,96.84,6,Completed,DOCK-8,0,0
2026-05-03 13:00:00,OP002,Emma Bernard,B,Morning,60,1,583.0,180,98.79,3,Completed,DOCK-2,6,0
2026-05-03 13:00:00,OP004,Chloe Thomas,D,Morning,64,2,700.0,192,99.13,3,Completed,DOCK-4,3,8
2026-05-03 14:00:00,OP001,Lucas Martin,A,Afternoon,40,0,365.8,40,98.96,3,Completed,DOCK-1,2,5
2026-05-03 14:00:00,OP018,Lina Bonnet,C,Afternoon,50,1,446.3,100,97.91,8,Completed,DOCK-2,4,3
2026-05-03 14:00:00,OP012,Camille Michel,B,Afternoon,44,1,376.4,44,96.98,4,Completed,DOCK-4,10,2
2026-05-03 14:00:00,OP002,Emma Bernard,B,Afternoon,41,0,592.4,123,98.03,3,Completed,DOCK-2,4,1
2026-05-03 14:00:00,OP004,Chloe Thomas,D,Afternoon,52,0,661.5,52,99.07,6,Completed,DOCK-4,11,8
2026-05-03 14:00:00,OP009,Jules Moreau,D,Afternoon,42,1,575.1,126,97.63,3,Completed,DOCK-1,9,10
2026-05-03 14:00:00,OP014,Ines Leroy,D,Afternoon,54,0,520.3,108,98.55,4,Completed,DOCK-6,2,9
2026-05-03 14:00:00,OP019,Noah Lambert,D,Afternoon,45,2,541.0,135,98.2,5,Completed,DOCK-3,5,8
2026-05-03 14:00:00,OP017,Liam Girard,B,Afternoon,44,2,606.5,132,96.51,9,Completed,DOCK-1,1,1
2026-05-03 15:00:00,OP008,Lea Durand,C,Afternoon,47,0,421.6,141,99.53,3,Completed,DOCK-8,1,1
2026-05-03 15:00:00,OP004,Chloe Thomas,D,Afternoon,46,0,482.8,138,98.66,6,Completed,DOCK-4,2,6
2026-05-03 15:00:00,OP007,Nathan Petit,B,Afternoon,50,0,721.2,100,98.23,7,Completed,DOCK-7,0,5
2026-05-03 15:00:00,OP013,Raphael Lefebvre,C,Afternoon,56,1,608.6,56,97.69,4,Completed,DOCK-5,7,5
2026-05-03 15:00:00,OP012,Camille Michel,B,Afternoon,47,0,442.5,141,96.16,1,Completed,DOCK-4,5,9
2026-05-03 15:00:00,OP001,Lucas Martin,A,Afternoon,40,0,515.5,80,98.15,8,Completed,DOCK-1,4,1
2026-05-03 15:00:00,OP011,Adam Simon,A,Afternoon,47,0,493.2,47,98.48,3,Completed,DOCK-3,8,1
2026-05-03 15:00:00,OP002,Emma Bernard,B,Afternoon,57,1,717.9,114,99.9,2,Completed,DOCK-2,9,6
2026-05-03 15:00:00,OP019,Noah Lambert,D,Afternoon,45,1,506.4,45,97.1,3,Completed,DOCK-3,9,11
2026-05-03 15:00:00,OP015,Tom Roux,E,Afternoon,51,0,719.0,153,98.55,4,Completed,DOCK-7,2,7
2026-05-03 15:00:00,OP018,Lina Bonnet,C,Afternoon,59,0,758.9,118,97.71,3,Completed,DOCK-2,2,10
2026-05-03 16:00:00,OP018,Lina Bonnet,C,Afternoon,59,1,667.6,118,98.99,5,Completed,DOCK-2,6,11
2026-05-03 16:00:00,OP014,Ines Leroy,D,Afternoon,40,1,411.3,80,97.45,1,Completed,DOCK-6,5,6
2026-05-03 16:00:00,OP017,Liam Girard,B,Afternoon,49,0,495.1,98,96.74,4,Completed,DOCK-1,1,3
2026-05-03 16:00:00,OP004,Chloe Thomas,D,Afternoon,47,0,439.5,94,98.39,4,Completed,DOCK-4,10,8
2026-05-03 16:00:00,OP007,Nathan Petit,B,Afternoon,58,0,758.4,174,98.7,4,Completed,DOCK-7,11,10
2026-05-03 16:00:00,OP016,Jade Fournier,A,Afternoon,46,0,457.0,138,97.3,2,Completed,DOCK-8,10,10
2026-05-03 16:00:00,OP006,Manon Richard,A,Afternoon,40,0,564.2,40,98.03,3,Completed,DOCK-6,3,7
2026-05-03 16:00:00,OP013,Raphael Lefebvre,C,Afternoon,47,0,434.1,141,99.35,2,Completed,DOCK-5,7,3
2026-05-03 16:00:00,OP012,Camille Michel,B,Afternoon,46,1,446.0,46,96.56,3,Delayed,DOCK-4,0,11
2026-05-03 16:00:00,OP020,Mila Faure,E,Afternoon,40,1,422.1,40,98.37,9,Completed,DOCK-4,4,5
2026-05-03 16:00:00,OP003,Hugo Dubois,C,Afternoon,51,2,524.9,51,97.8,9,Completed,DOCK-3,9,7
2026-05-03 16:00:00,OP019,Noah Lambert,D,Afternoon,59,1,807.5,59,98.1,5,Completed,DOCK-3,0,4
2026-05-03 17:00:00,OP016,Jade Fournier,A,Afternoon,46,0,551.6,46,96.9,4,Completed,DOCK-8,3,9
2026-05-03 17:00:00,OP005,Louis Robert,E,Afternoon,41,0,369.5,41,97.94,3,Completed,DOCK-5,7,6
2026-05-03 17:00:00,OP020,Mila Faure,E,Afternoon,51,0,713.8,51,97.68,5,Completed,DOCK-4,5,11
2026-05-03 17:00:00,OP001,Lucas Martin,A,Afternoon,40,0,352.9,120,98.2,4,Completed,DOCK-1,7,4
2026-05-03 17:00:00,OP004,Chloe Thomas,D,Afternoon,48,0,683.0,96,98.39,3,Delayed,DOCK-4,6,0
2026-05-03 17:00:00,OP014,Ines Leroy,D,Afternoon,43,1,611.9,86,97.11,4,Completed,DOCK-6,5,11
2026-05-03 17:00:00,OP006,Manon Richard,A,Afternoon,48,0,607.7,96,96.8,5,Completed,DOCK-6,11,7
2026-05-03 17:00:00,OP002,Emma Bernard,B,Afternoon,40,0,538.6,80,98.09,3,Completed,DOCK-2,1,1
2026-05-03 17:00:00,OP009,Jules Moreau,D,Afternoon,55,1,677.9,55,98.42,5,Completed,DOCK-1,9,9
2026-05-03 17:00:00,OP010,Sarah Laurent,E,Afternoon,53,0,629.3,106,99.43,3,Completed,DOCK-2,6,5
2026-05-03 17:00:00,OP018,Lina Bonnet,C,Afternoon,40,0,353.4,40,98.15,2,Completed,DOCK-2,5,7
2026-05-03 18:00:00,OP013,Raphael Lefebvre,C,Afternoon,40,1,491.1,40,98.75,3,Completed,DOCK-5,9,7
2026-05-03 18:00:00,OP003,Hugo Dubois,C,Afternoon,49,0,480.9,98,97.85,3,Completed,DOCK-3,9,11
2026-05-03 18:00:00,OP017,Liam Girard,B,Afternoon,40,0,352.2,40,98.44,2,Completed,DOCK-1,3,6
2026-05-03 18:00:00,OP015,Tom Roux,E,Afternoon,46,1,488.8,92,99.48,7,Completed,DOCK-7,7,0
2026-05-03 18:00:00,OP009,Jules Moreau,D,Afternoon,44,0,397.6,88,97.25,6,Completed,DOCK-1,0,7
2026-05-03 18:00:00,OP002,Emma Bernard,B,Afternoon,53,1,742.0,159,95.46,5,Completed,DOCK-2,3,11
2026-05-03 18:00:00,OP011,Adam Simon,A,Afternoon,49,1,432.6,49,97.5,4,Completed,DOCK-3,2,0
2026-05-03 18:00:00,OP020,Mila Faure,E,Afternoon,40,0,516.3,80,97.55,8,Completed,DOCK-4,6,1
2026-05-03 18:00:00,OP014,Ines Leroy,D,Afternoon,47,1,500.1,141,97.44,5,Completed,DOCK-6,10,7
2026-05-03 18:00:00,OP016,Jade Fournier,A,Afternoon,40,1,407.1,120,97.47,3,Completed,DOCK-8,3,10
2026-05-03 19:00:00,OP015,Tom Roux,E,Afternoon,55,2,515.8,110,98.25,2,Completed,DOCK-7,8,2
2026-05-03 19:00:00,OP009,Jules Moreau,D,Afternoon,40,0,460.5,80,97.59,2,Completed,DOCK-1,5,7
2026-05-03 19:00:00,OP014,Ines Leroy,D,Afternoon,51,2,536.1,153,96.26,4,Completed,DOCK-6,6,1
2026-05-03 19:00:00,OP006,Manon Richard,A,Afternoon,40,1,350.1,80,97.84,3,Completed,DOCK-6,11,11
2026-05-03 19:00:00,OP004,Chloe Thomas,D,Afternoon,56,0,674.5,56,98.43,6,Completed,DOCK-4,5,8
2026-05-03 19:00:00,OP005,Louis Robert,E,Afternoon,54,2,690.0,162,97.48,5,Completed,DOCK-5,10,8
2026-05-03 19:00:00,OP008,Lea Durand,C,Afternoon,48,2,608.6,48,97.42,1,Completed,DOCK-8,0,11
2026-05-03 19:00:00,OP003,Hugo Dubois,C,Afternoon,40,1,511.2,120,98.06,2,Completed,DOCK-3,1,3
2026-05-03 19:00:00,OP019,Noah Lambert,D,Afternoon,49,0,560.1,147,99.09,3,Completed,DOCK-3,8,11
2026-05-03 19:00:00,OP007,Nathan Petit,B,Afternoon,53,1,698.1,106,98.47,4,Completed,DOCK-7,6,0
2026-05-03 19:00:00,OP013,Raphael Lefebvre,C,Afternoon,53,0,637.3,106,97.87,4,Completed,DOCK-5,2,8
2026-05-03 20:00:00,OP010,Sarah Laurent,E,Afternoon,46,0,579.1,92,98.65,4,Completed,DOCK-2,6,11
2026-05-03 20:00:00,OP003,Hugo Dubois,C,Afternoon,49,1,529.2,49,97.32,3,Completed,DOCK-3,3,6
2026-05-03 20:00:00,OP017,Liam Girard,B,Afternoon,40,1,382.7,120,97.78,3,Completed,DOCK-1,5,3
2026-05-03 20:00:00,OP020,Mila Faure,E,Afternoon,43,0,444.8,43,97.8,3,Delayed,DOCK-4,7,1
2026-05-03 20:00:00,OP012,Camille Michel,B,Afternoon,42,2,363.1,42,97.93,2,Completed,DOCK-4,10,6
2026-05-03 20:00:00,OP005,Louis Robert,E,Afternoon,51,2,529.3,102,97.46,3,Cancelled,DOCK-5,6,6
2026-05-03 20:00:00,OP013,Raphael Lefebvre,C,Afternoon,48,0,562.7,96,96.97,6,Completed,DOCK-5,11,11
2026-05-03 20:00:00,OP019,Noah Lambert,D,Afternoon,47,0,506.6,94,97.95,2,Completed,DOCK-3,9,11
2026-05-03 20:00:00,OP006,Manon Richard,A,Afternoon,41,0,543.8,82,97.38,1,Delayed,DOCK-6,4,1
2026-05-03 21:00:00,OP015,Tom Roux,E,Afternoon,48,0,499.8,144,99.9,3,Completed,DOCK-7,7,3
2026-05-03 21:00:00,OP004,Chloe Thomas,D,Afternoon,54,0,541.8,54,98.86,5,Completed,DOCK-4,5,4
2026-05-03 21:00:00,OP006,Manon Richard,A,Afternoon,45,1,395.2,90,98.01,2,Completed,DOCK-6,9,8
2026-05-03 21:00:00,OP007,Nathan Petit,B,Afternoon,49,0,699.9,98,99.05,9,Completed,DOCK-7,8,1
2026-05-03 21:00:00,OP002,Emma Bernard,B,Afternoon,44,0,394.1,88,98.27,4,Completed,DOCK-2,8,6
2026-05-03 21:00:00,OP017,Liam Girard,B,Afternoon,40,0,377.1,120,98.2,7,Completed,DOCK-1,6,10
2026-05-03 21:00:00,OP013,Raphael Lefebvre,C,Afternoon,47,0,486.9,47,97.5,6,Completed,DOCK-5,4,8
2026-05-03 21:00:00,OP008,Lea Durand,C,Afternoon,47,1,422.2,94,98.29,4,Completed,DOCK-8,11,3
2026-05-03 21:00:00,OP016,Jade Fournier,A,Afternoon,53,0,619.4,159,98.21,5,Completed,DOCK-8,9,1
2026-05-03 22:00:00,OP017,Liam Girard,B,Night,37,0,460.0,111,97.87,2,Completed,DOCK-1,9,7
2026-05-03 22:00:00,OP002,Emma Bernard,B,Night,36,0,444.4,72,96.46,3,Delayed,DOCK-2,11,2
2026-05-03 22:00:00,OP018,Lina Bonnet,C,Night,41,1,379.0,123,99.9,3,Completed,DOCK-2,1,5
2026-05-03 22:00:00,OP007,Nathan Petit,B,Night,41,0,355.4,41,98.99,3,Completed,DOCK-7,1,1
2026-05-03 22:00:00,OP013,Raphael Lefebvre,C,Night,41,1,579.8,41,97.33,2,Completed,DOCK-5,9,2
2026-05-03 22:00:00,OP003,Hugo Dubois,C,Night,31,0,420.0,62,98.48,3,Completed,DOCK-3,5,11
2026-05-03 22:00:00,OP001,Lucas Martin,A,Night,27,0,383.2,27,96.84,2,Completed,DOCK-1,5,5
2026-05-03 22:00:00,OP004,Chloe Thomas,D,Night,43,1,522.1,86,97.69,2,Completed,DOCK-4,9,11
2026-05-03 22:00:00,OP016,Jade Fournier,A,Night,31,0,439.5,62,97.19,5,Completed,DOCK-8,11,2
2026-05-03 22:00:00,OP014,Ines Leroy,D,Night,34,0,333.2,34,98.51,1,Completed,DOCK-6,0,5
2026-05-03 22:00:00,OP020,Mila Faure,E,Night,34,0,291.4,34,97.85,1,Completed,DOCK-4,9,0
2026-05-03 22:00:00,OP012,Camille Michel,B,Night,35,1,325.8,70,96.67,1,Completed,DOCK-4,5,6
2026-05-03 22:00:00,OP008,Lea Durand,C,Night,42,0,552.9,42,99.9,2,Completed,DOCK-8,2,9
2026-05-03 22:00:00,OP006,Manon Richard,A,Night,26,0,322.7,26,98.26,1,Completed,DOCK-6,10,8
2026-05-03 22:00:00,OP011,Adam Simon,A,Night,29,0,387.8,29,97.29,1,Completed,DOCK-3,1,0
2026-05-03 23:00:00,OP015,Tom Roux,E,Night,33,0,458.6,99,98.0,5,Completed,DOCK-7,3,0
2026-05-03 23:00:00,OP018,Lina Bonnet,C,Night,40,2,429.1,120,98.69,1,Delayed,DOCK-2,0,7
2026-05-03 23:00:00,OP003,Hugo Dubois,C,Night,29,0,264.5,58,98.34,1,Completed,DOCK-3,2,3
2026-05-03 23:00:00,OP011,Adam Simon,A,Night,38,0,331.2,114,98.93,2,Completed,DOCK-3,10,0
2026-05-03 23:00:00,OP014,Ines Leroy,D,Night,31,0,426.1,62,96.12,4,Completed,DOCK-6,7,0
2026-05-03 23:00:00,OP016,Jade Fournier,A,Night,38,1,358.1,76,96.89,2,Completed,DOCK-8,0,5
2026-05-03 23:00:00,OP007,Nathan Petit,B,Night,31,0,403.3,31,98.78,1,Cancelled,DOCK-7,10,11
2026-05-03 23:00:00,OP005,Louis Robert,E,Night,42,0,525.4,126,97.48,3,Delayed,DOCK-5,5,11
2026-05-03 23:00:00,OP010,Sarah Laurent,E,Night,41,0,488.2,82,97.51,2,Completed,DOCK-2,4,2
2026-05-03 23:00:00,OP013,Raphael Lefebvre,C,Night,37,0,349.7,37,97.62,5,Completed,DOCK-5,4,3
2026-05-04 00:00:00,OP013,Raphael Lefebvre,C,Night,40,0,549.3,120,98.5,3,Completed,DOCK-5,7,4
2026-05-04 00:00:00,OP001,Lucas Martin,A,Night,36,0,381.2,108,97.39,7,Completed,DOCK-1,8,9
2026-05-04 00:00:00,OP006,Manon Richard,A,Night,40,1,455.1,80,98.57,5,Delayed,DOCK-6,7,9
2026-05-04 00:00:00,OP009,Jules Moreau,D,Night,27,0,366.0,81,97.17,1,Completed,DOCK-1,2,1
2026-05-04 00:00:00,OP015,Tom Roux,E,Night,46,0,522.1,92,99.19,2,Completed,DOCK-7,2,8
2026-05-04 00:00:00,OP004,Chloe Thomas,D,Night,42,0,357.6,126,98.72,1,Completed,DOCK-4,6,4
2026-05-04 00:00:00,OP014,Ines Leroy,D,Night,26,0,297.3,78,97.49,3,Completed,DOCK-6,9,5
2026-05-04 00:00:00,OP018,Lina Bonnet,C,Night,40,0,442.9,40,99.42,3,Completed,DOCK-2,11,0
2026-05-04 01:00:00,OP002,Emma Bernard,B,Night,44,0,547.0,44,98.91,3,Completed,DOCK-2,10,11
2026-05-04 01:00:00,OP001,Lucas Martin,A,Night,29,0,343.6,58,96.76,1,Completed,DOCK-1,10,9
2026-05-04 01:00:00,OP012,Camille Michel,B,Night,45,0,566.7,90,98.49,7,Completed,DOCK-4,0,6
2026-05-04 01:00:00,OP005,Louis Robert,E,Night,45,0,594.9,90,98.65,5,Completed,DOCK-5,1,6
2026-05-04 01:00:00,OP007,Nathan Petit,B,Night,44,0,429.5,88,98.64,3,Completed,DOCK-7,5,4
2026-05-04 01:00:00,OP019,Noah Lambert,D,Night,36,0,392.4,108,96.62,3,Completed,DOCK-3,9,1
2026-05-04 01:00:00,OP017,Liam Girard,B,Night,32,1,298.8,96,97.64,1,Completed,DOCK-1,4,2
2026-05-04 01:00:00,OP004,Chloe Thomas,D,Night,36,0,325.4,72,98.42,3,Completed,DOCK-4,4,5
2026-05-04 01:00:00,OP018,Lina Bonnet,C,Night,47,0,676.3,47,99.12,3,Completed,DOCK-2,11,11
2026-05-04 01:00:00,OP008,Lea Durand,C,Night,34,1,323.9,34,97.58,1,Completed,DOCK-8,2,8
2026-05-04 01:00:00,OP011,Adam Simon,A,Night,41,0,386.7,41,98.64,2,Cancelled,DOCK-3,0,5
2026-05-04 02:00:00,OP017,Liam Girard,B,Night,44,0,395.5,88,97.7,7,Completed,DOCK-1,4,2
2026-05-04 02:00:00,OP012,Camille Michel,B,Night,39,3,362.0,39,97.47,7,Completed,DOCK-4,0,1
2026-05-04 02:00:00,OP006,Manon Richard,A,Night,40,0,359.4,120,97.19,6,Completed,DOCK-6,7,11
2026-05-04 02:00:00,OP010,Sarah Laurent,E,Night,49,0,651.1,147,98.72,4,Completed,DOCK-2,8,11
2026-05-04 02:00:00,OP001,Lucas Martin,A,Night,30,0,347.0,60,98.27,5,Completed,DOCK-1,1,3
2026-05-04 02:00:00,OP014,Ines Leroy,D,Night,33,1,369.9,33,98.56,4,Completed,DOCK-6,1,8
2026-05-04 02:00:00,OP013,Raphael Lefebvre,C,Night,53,0,651.9,53,98.44,5,Cancelled,DOCK-5,7,7
2026-05-04 02:00:00,OP002,Emma Bernard,B,Night,44,0,463.7,132,97.16,2,Completed,DOCK-2,1,3
2026-05-04 02:00:00,OP018,Lina Bonnet,C,Night,49,0,606.0,49,99.35,3,Completed,DOCK-2,8,3
2026-05-04 02:00:00,OP015,Tom Roux,E,Night,42,0,372.0,42,99.18,9,Completed,DOCK-7,2,7
2026-05-04 02:00:00,OP007,Nathan Petit,B,Night,37,1,473.6,37,99.26,1,Completed,DOCK-7,9,1
2026-05-04 02:00:00,OP008,Lea Durand,C,Night,38,0,512.9,114,97.37,3,Completed,DOCK-8,11,6
2026-05-04 03:00:00,OP016,Jade Fournier,A,Night,44,0,469.9,88,99.52,4,Completed,DOCK-8,5,0
2026-05-04 03:00:00,OP020,Mila Faure,E,Night,32,0,362.2,64,97.76,4,Completed,DOCK-4,2,2
2026-05-04 03:00:00,OP009,Jules Moreau,D,Night,35,1,405.6,70,98.87,3,Completed,DOCK-1,11,11
2026-05-04 03:00:00,OP006,Manon Richard,A,Night,37,0,466.5,74,98.93,1,Completed,DOCK-6,2,0
2026-05-04 03:00:00,OP008,Lea Durand,C,Night,34,0,380.2,34,96.87,6,Completed,DOCK-8,8,10
2026-05-04 03:00:00,OP017,Liam Girard,B,Night,34,0,309.8,68,98.96,3,Completed,DOCK-1,4,9
2026-05-04 03:00:00,OP004,Chloe Thomas,D,Night,48,0,483.2,144,96.96,3,Completed,DOCK-4,8,1
2026-05-04 03:00:00,OP003,Hugo Dubois,C,Night,34,1,372.1,34,97.4,2,Completed,DOCK-3,4,9
2026-05-04 03:00:00,OP014,Ines Leroy,D,Night,31,0,346.6,62,97.84,3,Completed,DOCK-6,4,5
2026-05-04 03:00:00,OP001,Lucas Martin,A,Night,42,0,531.9,42,97.93,3,Completed,DOCK-1,5,1
2026-05-04 03:00:00,OP015,Tom Roux,E,Night,45,0,394.1,45,98.62,7,Completed,DOCK-7,7,10
2026-05-04 03:00:00,OP002,Emma Bernard,B,Night,39,0,377.1,78,99.6,1,Completed,DOCK-2,4,7
2026-05-04 03:00:00,OP011,Adam Simon,A,Night,35,0,350.6,105,97.75,2,Completed,DOCK-3,8,2
2026-05-04 04:00:00,OP014,Ines Leroy,D,Night,43,0,598.8,129,95.78,4,Completed,DOCK-6,11,7
2026-05-04 04:00:00,OP018,Lina Bonnet,C,Night,41,0,498.5,82,98.22,2,Completed,DOCK-2,10,7
2026-05-04 04:00:00,OP017,Liam Girard,B,Night,35,0,401.8,35,98.02,2,Completed,DOCK-1,9,2
2026-05-04 04:00:00,OP013,Raphael Lefebvre,C,Night,40,0,455.5,80,98.77,5,Completed,DOCK-5,9,4
2026-05-04 04:00:00,OP005,Louis Robert,E,Night,32,0,306.1,32,98.26,2,Completed,DOCK-5,0,6
2026-05-04 04:00:00,OP001,Lucas Martin,A,Night,25,0,282.3,75,97.87,2,Completed,DOCK-1,10,4
2026-05-04 04:00:00,OP009,Jules Moreau,D,Night,38,0,540.3,76,97.17,2,Completed,DOCK-1,1,1
2026-05-04 04:00:00,OP004,Chloe Thomas,D,Night,43,0,554.2,43,97.71,3,Completed,DOCK-4,10,1
2026-05-04 04:00:00,OP012,Camille Michel,B,Night,32,1,282.8,96,97.36,3,Completed,DOCK-4,10,1
2026-05-04 04:00:00,OP010,Sarah Laurent,E,Night,44,1,635.4,44,98.12,1,Completed,DOCK-2,9,8
2026-05-04 04:00:00,OP019,Noah Lambert,D,Night,40,1,462.6,40,97.2,1,Completed,DOCK-3,1,3
2026-05-04 04:00:00,OP006,Manon Richard,A,Night,52,0,725.3,104,98.36,1,Completed,DOCK-6,2,4
2026-05-04 04:00:00,OP016,Jade Fournier,A,Night,30,1,420.4,60,98.04,1,Completed,DOCK-8,7,11
2026-05-04 04:00:00,OP011,Adam Simon,A,Night,31,0,357.3,93,97.46,1,Delayed,DOCK-3,9,6
2026-05-04 04:00:00,OP003,Hugo Dubois,C,Night,40,3,459.4,80,98.04,2,Completed,DOCK-3,0,4
2026-05-04 05:00:00,OP014,Ines Leroy,D,Night,39,0,454.0,78,97.93,5,Delayed,DOCK-6,2,1
2026-05-04 05:00:00,OP002,Emma Bernard,B,Night,38,1,453.7,38,97.69,5,Completed,DOCK-2,1,2
2026-05-04 05:00:00,OP020,Mila Faure,E,Night,39,0,468.6,39,97.59,1,Cancelled,DOCK-4,8,1
2026-05-04 05:00:00,OP018,Lina Bonnet,C,Night,42,0,389.8,42,96.76,2,Completed,DOCK-2,0,6
2026-05-04 05:00:00,OP013,Raphael Lefebvre,C,Night,41,0,432.6,123,97.72,4,Completed,DOCK-5,5,3
2026-05-04 05:00:00,OP009,Jules Moreau,D,Night,28,0,382.1,28,99.39,4,Completed,DOCK-1,3,5
2026-05-04 05:00:00,OP007,Nathan Petit,B,Night,49,1,557.2,98,98.57,4,Completed,DOCK-7,5,2
2026-05-04 05:00:00,OP015,Tom Roux,E,Night,43,1,530.6,43,98.93,5,Completed,DOCK-7,5,3
2026-05-04 05:00:00,OP019,Noah Lambert,D,Night,33,0,415.2,33,97.98,1,Completed,DOCK-3,4,4
2026-05-04 05:00:00,OP004,Chloe Thomas,D,Night,44,0,430.0,132,98.23,4,Completed,DOCK-4,7,8
2026-05-04 05:00:00,OP003,Hugo Dubois,C,Night,35,1,408.6,105,98.51,3,Completed,DOCK-3,1,9
2026-05-04 06:00:00,OP008,Lea Durand,C,Morning,79,0,746.1,79,98.85,4,Completed,DOCK-8,7,9
2026-05-04 06:00:00,OP007,Nathan Petit,B,Morning,79,1,971.2,158,97.57,7,Delayed,DOCK-7,2,4
2026-05-04 06:00:00,OP006,Manon Richard,A,Morning,66,0,584.0,66,96.95,6,Delayed,DOCK-6,9,10
2026-05-04 06:00:00,OP019,Noah Lambert,D,Morning,75,1,695.7,150,98.29,9,Completed,DOCK-3,2,2
2026-05-04 06:00:00,OP010,Sarah Laurent,E,Morning,73,1,842.1,73,97.35,7,Completed,DOCK-2,3,0
2026-05-04 06:00:00,OP009,Jules Moreau,D,Morning,71,0,629.6,71,97.84,10,Completed,DOCK-1,10,5
2026-05-04 06:00:00,OP001,Lucas Martin,A,Morning,68,2,929.4,68,97.39,7,Completed,DOCK-1,8,4
2026-05-04 06:00:00,OP016,Jade Fournier,A,Morning,75,0,984.1,150,97.6,12,Completed,DOCK-8,3,0
2026-05-04 07:00:00,OP004,Chloe Thomas,D,Morning,79,0,806.3,237,99.78,6,Completed,DOCK-4,9,3
2026-05-04 07:00:00,OP001,Lucas Martin,A,Morning,67,1,894.3,201,98.08,7,Delayed,DOCK-1,11,9
2026-05-04 07:00:00,OP006,Manon Richard,A,Morning,74,0,808.2,148,98.54,5,Completed,DOCK-6,10,10
2026-05-04 07:00:00,OP018,Lina Bonnet,C,Morning,78,5,873.1,78,99.1,12,Completed,DOCK-2,0,0
2026-05-04 07:00:00,OP010,Sarah Laurent,E,Morning,77,0,785.7,231,98.0,8,Completed,DOCK-2,10,0
2026-05-04 07:00:00,OP017,Liam Girard,B,Morning,69,0,891.9,207,97.36,6,Completed,DOCK-1,6,0
2026-05-04 07:00:00,OP015,Tom Roux,E,Morning,78,0,857.0,234,98.29,8,Completed,DOCK-7,4,8
2026-05-04 07:00:00,OP008,Lea Durand,C,Morning,75,1,876.1,150,96.89,6,Completed,DOCK-8,5,7
2026-05-04 07:00:00,OP005,Louis Robert,E,Morning,69,0,838.4,207,98.04,2,Completed,DOCK-5,9,7
2026-05-04 07:00:00,OP014,Ines Leroy,D,Morning,67,0,844.2,67,96.57,1,Completed,DOCK-6,6,3
2026-05-04 07:00:00,OP013,Raphael Lefebvre,C,Morning,71,1,699.0,213,96.35,6,Completed,DOCK-5,7,3
2026-05-04 07:00:00,OP016,Jade Fournier,A,Morning,72,1,808.9,144,99.14,12,Completed,DOCK-8,8,5
2026-05-04 08:00:00,OP003,Hugo Dubois,C,Morning,66,0,794.1,198,99.9,7,Completed,DOCK-3,7,5
2026-05-04 08:00:00,OP013,Raphael Lefebvre,C,Morning,79,2,681.7,79,99.9,5,Completed,DOCK-5,8,7
2026-05-04 08:00:00,OP004,Chloe Thomas,D,Morning,83,1,872.2,83,99.29,8,Completed,DOCK-4,2,11
2026-05-04 08:00:00,OP019,Noah Lambert,D,Morning,67,1,736.1,134,98.11,9,Cancelled,DOCK-3,3,1
2026-05-04 08:00:00,OP009,Jules Moreau,D,Morning,63,2,717.3,126,96.11,2,Delayed,DOCK-1,3,0
2026-05-04 08:00:00,OP017,Liam Girard,B,Morning,72,2,803.6,144,98.33,7,Completed,DOCK-1,9,2
2026-05-04 08:00:00,OP010,Sarah Laurent,E,Morning,83,1,1078.2,83,98.17,8,Completed,DOCK-2,3,5
2026-05-04 08:00:00,OP016,Jade Fournier,A,Morning,72,1,836.9,144,98.81,6,Completed,DOCK-8,7,1
2026-05-04 08:00:00,OP015,Tom Roux,E,Morning,70,0,609.4,140,97.35,8,Delayed,DOCK-7,7,7
2026-05-04 08:00:00,OP008,Lea Durand,C,Morning,76,0,673.2,76,97.64,8,Delayed,DOCK-8,5,3
2026-05-04 08:00:00,OP006,Manon Richard,A,Morning,67,0,776.1,67,97.16,11,Completed,DOCK-6,11,11
2026-05-04 08:00:00,OP014,Ines Leroy,D,Morning,65,1,849.7,130,98.94,7,Completed,DOCK-6,1,4
2026-05-04 08:00:00,OP007,Nathan Petit,B,Morning,67,1,680.7,134,99.26,3,Completed,DOCK-7,1,6
2026-05-04 09:00:00,OP014,Ines Leroy,D,Morning,67,0,854.0,67,97.81,6,Completed,DOCK-6,8,3
2026-05-04 09:00:00,OP001,Lucas Martin,A,Morning,63,1,768.3,126,97.04,5,Delayed,DOCK-1,9,7
2026-05-04 09:00:00,OP020,Mila Faure,E,Morning,70,2,915.8,140,96.64,8,Completed,DOCK-4,5,0
2026-05-04 09:00:00,OP016,Jade Fournier,A,Morning,67,0,701.4,67,97.37,3,Delayed,DOCK-8,7,10
2026-05-04 09:00:00,OP004,Chloe Thomas,D,Morning,78,0,1077.6,156,99.23,7,Completed,DOCK-4,1,2
2026-05-04 09:00:00,OP010,Sarah Laurent,E,Morning,66,0,670.5,198,98.45,9,Completed,DOCK-2,1,6
2026-05-04 09:00:00,OP011,Adam Simon,A,Morning,71,1,814.2,213,97.69,8,Completed,DOCK-3,0,7
2026-05-04 09:00:00,OP005,Louis Robert,E,Morning,75,1,977.6,75,99.85,9,Completed,DOCK-5,2,10
2026-05-04 09:00:00,OP008,Lea Durand,C,Morning,69,0,835.5,69,98.94,5,Completed,DOCK-8,4,6
2026-05-04 09:00:00,OP003,Hugo Dubois,C,Morning,66,1,747.0,66,97.69,6,Completed,DOCK-3,10,9
2026-05-04 09:00:00,OP019,Noah Lambert,D,Morning,64,0,874.6,192,98.04,1,Completed,DOCK-3,2,9
2026-05-04 09:00:00,OP015,Tom Roux,E,Morning,73,0,723.9,73,99.78,2,Completed,DOCK-7,8,5
2026-05-04 10:00:00,OP019,Noah Lambert,D,Morning,66,1,928.0,66,98.57,7,Completed,DOCK-3,7,5
2026-05-04 10:00:00,OP008,Lea Durand,C,Morning,69,1,698.5,69,97.03,5,Completed,DOCK-8,2,3
2026-05-04 10:00:00,OP009,Jules Moreau,D,Morning,63,3,616.9,189,97.18,4,Completed,DOCK-1,9,9
2026-05-04 10:00:00,OP018,Lina Bonnet,C,Morning,67,0,895.2,134,97.26,9,Completed,DOCK-2,1,7
2026-05-04 10:00:00,OP020,Mila Faure,E,Morning,63,1,601.7,63,96.85,8,Completed,DOCK-4,1,2
2026-05-04 10:00:00,OP002,Emma Bernard,B,Morning,71,1,800.3,142,97.47,6,Delayed,DOCK-2,0,10
2026-05-04 10:00:00,OP003,Hugo Dubois,C,Morning,60,0,512.9,60,98.43,2,Delayed,DOCK-3,2,4
2026-05-04 10:00:00,OP011,Adam Simon,A,Morning,71,1,931.1,71,96.46,3,Completed,DOCK-3,8,0
2026-05-04 10:00:00,OP016,Jade Fournier,A,Morning,67,0,694.1,67,97.7,6,Completed,DOCK-8,9,7
2026-05-04 10:00:00,OP007,Nathan Petit,B,Morning,76,0,881.8,152,98.07,5,Completed,DOCK-7,6,0
2026-05-04 10:00:00,OP006,Manon Richard,A,Morning,65,0,689.9,195,98.09,5,Completed,DOCK-6,0,0
2026-05-04 11:00:00,OP011,Adam Simon,A,Morning,65,1,766.2,195,98.36,3,Completed,DOCK-3,2,2
2026-05-04 11:00:00,OP019,Noah Lambert,D,Morning,61,0,655.3,183,97.56,10,Completed,DOCK-3,2,8
2026-05-04 11:00:00,OP010,Sarah Laurent,E,Morning,72,0,937.9,216,97.63,6,Cancelled,DOCK-2,0,3
2026-05-04 11:00:00,OP018,Lina Bonnet,C,Morning,73,1,921.6,219,98.25,2,Completed,DOCK-2,1,3
2026-05-04 11:00:00,OP016,Jade Fournier,A,Morning,78,2,848.9,78,98.61,2,Completed,DOCK-8,4,1
2026-05-04 11:00:00,OP006,Manon Richard,A,Morning,66,1,701.5,132,99.14,3,Completed,DOCK-6,6,0
2026-05-04 11:00:00,OP015,Tom Roux,E,Morning,74,1,865.1,74,97.76,11,Completed,DOCK-7,7,2
2026-05-04 11:00:00,OP012,Camille Michel,B,Morning,60,1,682.6,120,97.72,6,Completed,DOCK-4,8,1
2026-05-04 11:00:00,OP014,Ines Leroy,D,Morning,68,2,697.4,204,98.92,4,Completed,DOCK-6,9,11
2026-05-04 11:00:00,OP008,Lea Durand,C,Morning,68,0,668.9,136,98.08,7,Completed,DOCK-8,9,0
2026-05-04 11:00:00,OP009,Jules Moreau,D,Morning,63,0,584.1,189,98.38,4,Completed,DOCK-1,9,11
2026-05-04 11:00:00,OP004,Chloe Thomas,D,Morning,73,0,730.8,219,97.93,4,Delayed,DOCK-4,5,2
2026-05-04 11:00:00,OP007,Nathan Petit,B,Morning,75,1,692.7,75,98.32,12,Completed,DOCK-7,11,8
2026-05-04 11:00:00,OP002,Emma Bernard,B,Morning,75,0,1073.3,75,98.59,10,Completed,DOCK-2,2,10
2026-05-04 12:00:00,OP010,Sarah Laurent,E,Morning,69,0,872.6,69,96.85,12,Completed,DOCK-2,3,8
2026-05-04 12:00:00,OP001,Lucas Martin,A,Morning,56,1,580.5,56,98.36,6,Completed,DOCK-1,1,0
2026-05-04 12:00:00,OP016,Jade Fournier,A,Morning,76,1,952.0,76,97.32,9,Completed,DOCK-8,5,0
2026-05-04 12:00:00,OP014,Ines Leroy,D,Morning,63,1,792.0,189,98.02,3,Completed,DOCK-6,10,2
2026-05-04 12:00:00,OP006,Manon Richard,A,Morning,62,0,611.6,186,97.55,6,Completed,DOCK-6,5,11
2026-05-04 12:00:00,OP007,Nathan Petit,B,Morning,75,0,725.4,75,99.69,8,Completed,DOCK-7,8,2
2026-05-04 12:00:00,OP015,Tom Roux,E,Morning,83,0,737.8,166,99.49,8,Completed,DOCK-7,10,7
2026-05-04 12:00:00,OP003,Hugo Dubois,C,Morning,70,2,799.9,140,96.49,9,Completed,DOCK-3,10,7
2026-05-04 12:00:00,OP002,Emma Bernard,B,Morning,65,0,592.0,130,98.57,8,Completed,DOCK-2,7,3
2026-05-04 12:00:00,OP004,Chloe Thomas,D,Morning,68,1,895.1,136,98.89,7,Completed,DOCK-4,8,11
2026-05-04 12:00:00,OP005,Louis Robert,E,Morning,64,1,692.1,192,97.43,7,Completed,DOCK-5,5,1
2026-05-04 12:00:00,OP018,Lina Bonnet,C,Morning,80,1,977.1,160,99.08,9,Completed,DOCK-2,8,5
2026-05-04 12:00:00,OP009,Jules Moreau,D,Morning,58,0,728.1,174,98.17,4,Completed,DOCK-1,6,8
2026-05-04 12:00:00,OP017,Liam Girard,B,Morning,56,0,767.4,168,96.97,6,Completed,DOCK-1,0,7
2026-05-04 12:00:00,OP012,Camille Michel,B,Morning,55,1,477.1,110,96.76,4,Completed,DOCK-4,3,2
2026-05-04 13:00:00,OP014,Ines Leroy,D,Morning,63,1,725.5,126,98.49,5,Completed,DOCK-6,10,2
2026-05-04 13:00:00,OP004,Chloe Thomas,D,Morning,74,0,956.6,222,98.22,5,Completed,DOCK-4,1,11
2026-05-04 13:00:00,OP010,Sarah Laurent,E,Morning,78,0,1049.2,156,95.75,3,Completed,DOCK-2,11,11
2026-05-04 13:00:00,OP017,Liam Girard,B,Morning,65,1,928.7,195,96.02,5,Completed,DOCK-1,5,1
2026-05-04 13:00:00,OP020,Mila Faure,E,Morning,64,0,775.0,64,96.78,12,Completed,DOCK-4,11,11
2026-05-04 13:00:00,OP003,Hugo Dubois,C,Morning,61,1,628.3,122,97.65,5,Completed,DOCK-3,10,8
2026-05-04 13:00:00,OP016,Jade Fournier,A,Morning,61,1,556.9,61,97.1,7,Completed,DOCK-8,8,2
2026-05-04 13:00:00,OP008,Lea Durand,C,Morning,59,1,769.3,59,97.52,8,Completed,DOCK-8,5,6
2026-05-04 13:00:00,OP018,Lina Bonnet,C,Morning,72,0,636.7,144,99.07,5,Completed,DOCK-2,11,4
2026-05-04 13:00:00,OP001,Lucas Martin,A,Morning,60,1,594.1,120,98.55,8,Completed,DOCK-1,7,4
2026-05-04 13:00:00,OP007,Nathan Petit,B,Morning,64,0,654.8,128,97.53,1,Completed,DOCK-7,7,5
2026-05-04 13:00:00,OP006,Manon Richard,A,Morning,57,1,676.3,57,99.9,4,Completed,DOCK-6,7,11
2026-05-04 13:00:00,OP015,Tom Roux,E,Morning,75,0,1023.0,75,98.25,7,Completed,DOCK-7,5,2
2026-05-04 13:00:00,OP012,Camille Michel,B,Morning,61,1,615.3,183,97.42,6,Completed,DOCK-4,4,4
2026-05-04 14:00:00,OP003,Hugo Dubois,C,Afternoon,57,0,574.1,171,97.41,7,Completed,DOCK-3,3,0
2026-05-04 14:00:00,OP018,Lina Bonnet,C,Afternoon,60,1,631.7,120,97.18,8,Completed,DOCK-2,10,11
2026-05-04 14:00:00,OP020,Mila Faure,E,Afternoon,58,2,548.7,58,97.58,2,Completed,DOCK-4,11,3
2026-05-04 14:00:00,OP013,Raphael Lefebvre,C,Afternoon,62,0,842.6,62,96.81,4,Completed,DOCK-5,4,7
2026-05-04 14:00:00,OP001,Lucas Martin,A,Afternoon,52,0,727.7,52,97.45,2,Completed,DOCK-1,10,6
2026-05-04 14:00:00,OP004,Chloe Thomas,D,Afternoon,62,0,566.4,62,98.85,6,Completed,DOCK-4,5,7
2026-05-04 14:00:00,OP017,Liam Girard,B,Afternoon,52,0,663.0,104,97.14,9,Completed,DOCK-1,0,9
2026-05-04 14:00:00,OP012,Camille Michel,B,Afternoon,40,0,375.5,80,97.55,4,Delayed,DOCK-4,8,8
2026-05-04 15:00:00,OP002,Emma Bernard,B,Afternoon,57,1,607.0,114,97.87,2,Completed,DOCK-2,0,10
2026-05-04 15:00:00,OP020,Mila Faure,E,Afternoon,49,1,433.4,98,97.99,4,Completed,DOCK-4,9,6
2026-05-04 15:00:00,OP011,Adam Simon,A,Afternoon,60,1,684.9,180,97.27,4,Completed,DOCK-3,9,5
2026-05-04 15:00:00,OP015,Tom Roux,E,Afternoon,68,0,798.0,68,97.87,5,Completed,DOCK-7,1,11
2026-05-04 15:00:00,OP019,Noah Lambert,D,Afternoon,61,0,803.3,61,98.36,4,Completed,DOCK-3,11,2
2026-05-04 15:00:00,OP004,Chloe Thomas,D,Afternoon,59,0,688.5,118,98.05,5,Completed,DOCK-4,5,10
2026-05-04 15:00:00,OP016,Jade Fournier,A,Afternoon,59,0,663.7,177,97.21,4,Completed,DOCK-8,4,9
2026-05-04 15:00:00,OP008,Lea Durand,C,Afternoon,63,1,579.2,189,97.53,3,Completed,DOCK-8,2,6
2026-05-04 15:00:00,OP013,Raphael Lefebvre,C,Afternoon,66,0,570.8,66,98.42,5,Completed,DOCK-5,2,10
2026-05-04 15:00:00,OP012,Camille Michel,B,Afternoon,49,0,474.4,98,97.59,2,Completed,DOCK-4,1,6
2026-05-04 15:00:00,OP003,Hugo Dubois,C,Afternoon,59,0,529.9,177,97.34,9,Completed,DOCK-3,6,10
2026-05-04 15:00:00,OP009,Jules Moreau,D,Afternoon,57,2,638.8,171,98.17,8,Completed,DOCK-1,2,11
2026-05-04 16:00:00,OP007,Nathan Petit,B,Afternoon,59,3,778.4,59,98.56,2,Completed,DOCK-7,6,5
2026-05-04 16:00:00,OP008,Lea Durand,C,Afternoon,52,1,590.0,156,97.84,4,Completed,DOCK-8,2,8
2026-05-04 16:00:00,OP001,Lucas Martin,A,Afternoon,56,2,553.8,168,99.43,4,Completed,DOCK-1,4,8
2026-05-04 16:00:00,OP003,Hugo Dubois,C,Afternoon,64,0,916.5,128,97.02,4,Completed,DOCK-3,9,3
2026-05-04 16:00:00,OP010,Sarah Laurent,E,Afternoon,24,0,338.9,72,99.0,1,Completed,DOCK-2,10,2
2026-05-04 16:00:00,OP016,Jade Fournier,A,Afternoon,68,0,630.2,136,97.52,2,Completed,DOCK-8,7,4
2026-05-04 16:00:00,OP012,Camille Michel,B,Afternoon,40,2,482.6,40,97.86,3,Completed,DOCK-4,11,6
2026-05-04 16:00:00,OP015,Tom Roux,E,Afternoon,61,1,543.8,61,98.16,6,Delayed,DOCK-7,6,6
2026-05-04 16:00:00,OP005,Louis Robert,E,Afternoon,62,1,807.2,62,99.28,5,Completed,DOCK-5,7,6
2026-05-04 16:00:00,OP002,Emma Bernard,B,Afternoon,54,0,661.9,54,99.04,6,Completed,DOCK-2,0,3
2026-05-04 16:00:00,OP020,Mila Faure,E,Afternoon,43,0,561.2,129,98.64,4,Completed,DOCK-4,3,10
2026-05-04 16:00:00,OP019,Noah Lambert,D,Afternoon,45,0,426.7,45,99.9,1,Completed,DOCK-3,9,4
2026-05-04 16:00:00,OP013,Raphael Lefebvre,C,Afternoon,58,1,758.7,174,98.08,4,Delayed,DOCK-5,0,11
2026-05-04 17:00:00,OP014,Ines Leroy,D,Afternoon,47,0,509.9,94,97.58,3,Completed,DOCK-6,5,8
2026-05-04 17:00:00,OP018,Lina Bonnet,C,Afternoon,59,0,726.7,177,99.03,1,Completed,DOCK-2,7,9
2026-05-04 17:00:00,OP007,Nathan Petit,B,Afternoon,58,0,515.8,58,97.46,5,Completed,DOCK-7,0,5
2026-05-04 17:00:00,OP008,Lea Durand,C,Afternoon,53,0,545.3,53,97.0,8,Completed,DOCK-8,3,8
2026-05-04 17:00:00,OP001,Lucas Martin,A,Afternoon,47,0,475.9,94,97.49,1,Completed,DOCK-1,7,0
2026-05-04 17:00:00,OP003,Hugo Dubois,C,Afternoon,61,1,733.4,122,97.9,6,Completed,DOCK-3,2,2
2026-05-04 17:00:00,OP010,Sarah Laurent,E,Afternoon,47,0,525.4,94,98.79,5,Completed,DOCK-2,9,4
2026-05-04 17:00:00,OP011,Adam Simon,A,Afternoon,53,0,745.0,53,97.45,2,Completed,DOCK-3,1,1
2026-05-04 17:00:00,OP002,Emma Bernard,B,Afternoon,58,0,714.4,116,97.53,4,Completed,DOCK-2,5,0
2026-05-04 17:00:00,OP005,Louis Robert,E,Afternoon,52,0,666.9,104,99.2,2,Completed,DOCK-5,7,10
2026-05-04 17:00:00,OP016,Jade Fournier,A,Afternoon,64,1,825.4,128,97.68,6,Completed,DOCK-8,10,3
2026-05-04 18:00:00,OP020,Mila Faure,E,Afternoon,52,0,674.3,52,96.91,7,Completed,DOCK-4,3,10
2026-05-04 18:00:00,OP019,Noah Lambert,D,Afternoon,51,1,552.5,102,98.03,6,Completed,DOCK-3,5,11
2026-05-04 18:00:00,OP018,Lina Bonnet,C,Afternoon,54,3,746.7,54,99.9,5,Completed,DOCK-2,11,10
2026-05-04 18:00:00,OP001,Lucas Martin,A,Afternoon,46,1,537.2,92,97.13,6,Cancelled,DOCK-1,3,9
2026-05-04 18:00:00,OP003,Hugo Dubois,C,Afternoon,58,3,526.8,116,98.12,4,Completed,DOCK-3,10,1
2026-05-04 18:00:00,OP012,Camille Michel,B,Afternoon,45,1,438.9,135,97.14,7,Completed,DOCK-4,5,8
2026-05-04 18:00:00,OP014,Ines Leroy,D,Afternoon,51,2,660.4,51,98.45,2,Completed,DOCK-6,8,7
2026-05-04 18:00:00,OP016,Jade Fournier,A,Afternoon,53,1,507.9,106,98.45,5,Completed,DOCK-8,6,11
2026-05-04 18:00:00,OP007,Nathan Petit,B,Afternoon,61,0,770.9,183,98.38,6,Completed,DOCK-7,6,3
2026-05-04 18:00:00,OP015,Tom Roux,E,Afternoon,62,0,548.1,124,99.84,6,Completed,DOCK-7,10,11
2026-05-04 18:00:00,OP006,Manon Richard,A,Afternoon,57,1,825.3,171,98.1,1,Completed,DOCK-6,1,0
2026-05-04 18:00:00,OP004,Chloe Thomas,D,Afternoon,58,0,682.9,116,98.67,2,Completed,DOCK-4,10,7
2026-05-04 19:00:00,OP015,Tom Roux,E,Afternoon,66,1,800.9,66,98.55,1,Completed,DOCK-7,2,11
2026-05-04 19:00:00,OP013,Raphael Lefebvre,C,Afternoon,55,0,587.4,55,98.31,3,Completed,DOCK-5,3,5
2026-05-04 19:00:00,OP007,Nathan Petit,B,Afternoon,23,0,198.2,23,97.63,3,Cancelled,DOCK-7,1,2
2026-05-04 19:00:00,OP005,Louis Robert,E,Afternoon,49,1,438.6,49,97.41,3,Completed,DOCK-5,9,8
2026-05-04 19:00:00,OP018,Lina Bonnet,C,Afternoon,59,0,802.8,59,97.18,3,Completed,DOCK-2,7,1
2026-05-04 19:00:00,OP001,Lucas Martin,A,Afternoon,40,1,486.5,40,96.68,5,Delayed,DOCK-1,2,11
2026-05-04 19:00:00,OP006,Manon Richard,A,Afternoon,49,0,461.6,98,97.0,6,Completed,DOCK-6,7,6
2026-05-04 19:00:00,OP014,Ines Leroy,D,Afternoon,44,2,416.4,132,98.27,5,Completed,DOCK-6,11,6
2026-05-04 19:00:00,OP003,Hugo Dubois,C,Afternoon,47,1,480.3,141,97.18,3,Completed,DOCK-3,7,5
2026-05-04 19:00:00,OP002,Emma Bernard,B,Afternoon,61,2,655.1,183,98.16,4,Completed,DOCK-2,8,6
2026-05-04 20:00:00,OP015,Tom Roux,E,Afternoon,63,0,598.0,63,98.22,4,Completed,DOCK-7,5,1
2026-05-04 20:00:00,OP011,Adam Simon,A,Afternoon,48,1,612.9,96,98.38,2,Completed,DOCK-3,3,6
2026-05-04 20:00:00,OP020,Mila Faure,E,Afternoon,53,1,762.0,53,98.36,5,Completed,DOCK-4,6,7
2026-05-04 20:00:00,OP002,Emma Bernard,B,Afternoon,57,0,790.0,114,97.2,2,Completed,DOCK-2,3,1
2026-05-04 20:00:00,OP004,Chloe Thomas,D,Afternoon,64,0,661.8,128,97.19,5,Completed,DOCK-4,8,9
2026-05-04 20:00:00,OP007,Nathan Petit,B,Afternoon,23,0,287.2,69,97.89,1,Completed,DOCK-7,6,4
2026-05-04 20:00:00,OP005,Louis Robert,E,Afternoon,59,1,624.9,177,98.33,5,Completed,DOCK-5,3,7
2026-05-04 20:00:00,OP017,Liam Girard,B,Afternoon,50,2,578.8,150,98.27,3,Completed,DOCK-1,10,7
2026-05-04 20:00:00,OP008,Lea Durand,C,Afternoon,63,0,632.5,189,97.55,6,Completed,DOCK-8,5,8
2026-05-04 20:00:00,OP012,Camille Michel,B,Afternoon,48,3,571.2,48,98.38,5,Completed,DOCK-4,8,9
2026-05-04 20:00:00,OP016,Jade Fournier,A,Afternoon,56,1,648.2,56,98.03,8,Completed,DOCK-8,10,8
2026-05-04 21:00:00,OP018,Lina Bonnet,C,Afternoon,60,1,637.6,120,98.23,3,Completed,DOCK-2,4,10
2026-05-04 21:00:00,OP017,Liam Girard,B,Afternoon,51,1,565.9,153,98.84,7,Completed,DOCK-1,2,6
2026-05-04 21:00:00,OP010,Sarah Laurent,E,Afternoon,59,0,690.9,59,97.14,7,Cancelled,DOCK-2,10,10
2026-05-04 21:00:00,OP019,Noah Lambert,D,Afternoon,56,0,581.6,168,98.13,10,Completed,DOCK-3,8,11
2026-05-04 21:00:00,OP009,Jules Moreau,D,Afternoon,44,2,405.9,88,97.9,4,Completed,DOCK-1,6,5
2026-05-04 21:00:00,OP001,Lucas Martin,A,Afternoon,53,0,740.6,106,97.68,2,Completed,DOCK-1,8,1
2026-05-04 21:00:00,OP004,Chloe Thomas,D,Afternoon,68,0,891.6,68,98.57,11,Completed,DOCK-4,9,9
2026-05-04 21:00:00,OP008,Lea Durand,C,Afternoon,49,1,471.8,98,98.69,4,Completed,DOCK-8,1,11
2026-05-04 21:00:00,OP006,Manon Richard,A,Afternoon,48,0,468.7,48,97.98,6,Delayed,DOCK-6,9,9
2026-05-04 21:00:00,OP005,Louis Robert,E,Afternoon,54,1,641.5,162,97.78,5,Completed,DOCK-5,5,2
2026-05-04 21:00:00,OP011,Adam Simon,A,Afternoon,62,2,841.3,62,98.53,4,Cancelled,DOCK-3,0,11
2026-05-04 22:00:00,OP005,Louis Robert,E,Night,37,1,520.6,37,98.27,5,Completed,DOCK-5,6,10
2026-05-04 22:00:00,OP007,Nathan Petit,B,Night,48,0,513.3,144,99.9,4,Completed,DOCK-7,0,8
2026-05-04 22:00:00,OP017,Liam Girard,B,Night,32,0,435.2,32,98.42,1,Completed,DOCK-1,10,1
2026-05-04 22:00:00,OP004,Chloe Thomas,D,Night,50,1,517.7,150,99.16,6,Completed,DOCK-4,7,6
2026-05-04 22:00:00,OP001,Lucas Martin,A,Night,39,1,484.7,117,97.45,3,Completed,DOCK-1,4,3
2026-05-04 22:00:00,OP020,Mila Faure,E,Night,34,0,416.4,68,96.52,5,Completed,DOCK-4,0,11
2026-05-04 22:00:00,OP008,Lea Durand,C,Night,38,0,542.7,76,99.04,2,Completed,DOCK-8,8,7
2026-05-04 22:00:00,OP009,Jules Moreau,D,Night,35,1,439.2,105,96.28,3,Completed,DOCK-1,9,7
2026-05-04 22:00:00,OP019,Noah Lambert,D,Night,35,2,418.8,70,97.49,4,Completed,DOCK-3,10,4
2026-05-04 23:00:00,OP006,Manon Richard,A,Night,43,0,428.5,43,97.69,3,Completed,DOCK-6,9,5
2026-05-04 23:00:00,OP015,Tom Roux,E,Night,53,0,486.0,53,97.42,4,Completed,DOCK-7,10,2
2026-05-04 23:00:00,OP013,Raphael Lefebvre,C,Night,43,0,426.5,86,98.83,5,Completed,DOCK-5,1,5
2026-05-04 23:00:00,OP018,Lina Bonnet,C,Night,39,0,455.6,117,99.15,3,Completed,DOCK-2,1,10
2026-05-04 23:00:00,OP017,Liam Girard,B,Night,35,1,308.9,70,97.49,4,Completed,DOCK-1,4,1
2026-05-04 23:00:00,OP012,Camille Michel,B,Night,32,1,460.2,32,97.76,2,Completed,DOCK-4,6,10
2026-05-04 23:00:00,OP005,Louis Robert,E,Night,40,1,377.0,40,98.15,3,Completed,DOCK-5,4,7
2026-05-04 23:00:00,OP009,Jules Moreau,D,Night,41,0,492.8,41,97.57,3,Completed,DOCK-1,7,11
2026-05-04 23:00:00,OP016,Jade Fournier,A,Night,40,1,503.9,40,98.98,3,Completed,DOCK-8,5,6
2026-05-04 23:00:00,OP007,Nathan Petit,B,Night,41,1,407.4,41,98.69,1,Completed,DOCK-7,9,4
2026-05-04 23:00:00,OP003,Hugo Dubois,C,Night,33,0,365.0,66,96.38,1,Completed,DOCK-3,0,1
2026-05-04 23:00:00,OP008,Lea Durand,C,Night,43,0,365.6,43,96.79,2,Completed,DOCK-8,0,1
2026-05-05 00:00:00,OP014,Ines Leroy,D,Night,37,0,434.2,74,96.91,5,Completed,DOCK-6,8,9
2026-05-05 00:00:00,OP015,Tom Roux,E,Night,38,0,453.0,76,99.23,4,Completed,DOCK-7,11,0
2026-05-05 00:00:00,OP013,Raphael Lefebvre,C,Night,41,1,377.7,41,98.2,4,Delayed,DOCK-5,2,2
2026-05-05 00:00:00,OP008,Lea Durand,C,Night,39,0,443.1,39,98.04,2,Delayed,DOCK-8,9,0
2026-05-05 00:00:00,OP009,Jules Moreau,D,Night,32,0,379.5,96,98.12,2,Completed,DOCK-1,5,1
2026-05-05 00:00:00,OP017,Liam Girard,B,Night,31,0,395.3,31,97.77,2,Completed,DOCK-1,0,3
2026-05-05 00:00:00,OP011,Adam Simon,A,Night,34,2,387.0,102,98.58,2,Completed,DOCK-3,6,6
2026-05-05 00:00:00,OP019,Noah Lambert,D,Night,34,1,392.2,68,97.79,3,Completed,DOCK-3,2,0
2026-05-05 01:00:00,OP009,Jules Moreau,D,Night,27,0,390.0,81,98.05,4,Delayed,DOCK-1,6,8
2026-05-05 01:00:00,OP019,Noah Lambert,D,Night,36,1,344.4,108,98.07,6,Completed,DOCK-3,1,2
2026-05-05 01:00:00,OP016,Jade Fournier,A,Night,38,0,459.8,38,98.24,3,Completed,DOCK-8,6,7
2026-05-05 01:00:00,OP002,Emma Bernard,B,Night,37,1,356.5,74,96.89,5,Completed,DOCK-2,2,10
2026-05-05 01:00:00,OP010,Sarah Laurent,E,Night,36,1,326.7,108,98.46,2,Completed,DOCK-2,8,2
2026-05-05 01:00:00,OP014,Ines Leroy,D,Night,25,0,264.4,25,96.1,4,Completed,DOCK-6,9,8
2026-05-05 01:00:00,OP013,Raphael Lefebvre,C,Night,37,1,431.9,74,98.23,3,Completed,DOCK-5,11,1
2026-05-05 01:00:00,OP003,Hugo Dubois,C,Night,30,0,338.7,30,96.16,4,Completed,DOCK-3,3,8
2026-05-05 01:00:00,OP008,Lea Durand,C,Night,37,0,456.0,111,98.3,4,Completed,DOCK-8,0,8
2026-05-05 02:00:00,OP003,Hugo Dubois,C,Night,38,0,434.9,38,98.43,3,Completed,DOCK-3,10,10
2026-05-05 02:00:00,OP007,Nathan Petit,B,Night,41,1,438.3,123,97.98,6,Cancelled,DOCK-7,8,3
2026-05-05 02:00:00,OP006,Manon Richard,A,Night,30,0,298.1,30,98.86,1,Completed,DOCK-6,4,6
2026-05-05 02:00:00,OP016,Jade Fournier,A,Night,39,1,484.4,117,97.5,1,Completed,DOCK-8,4,1
2026-05-05 02:00:00,OP009,Jules Moreau,D,Night,25,0,249.3,50,98.42,1,Completed,DOCK-1,9,10
2026-05-05 02:00:00,OP012,Camille Michel,B,Night,32,2,279.1,96,97.98,1,Completed,DOCK-4,0,2
2026-05-05 02:00:00,OP020,Mila Faure,E,Night,25,0,343.9,25,96.37,2,Completed,DOCK-4,5,11
2026-05-05 02:00:00,OP015,Tom Roux,E,Night,37,0,416.1,37,98.17,1,Delayed,DOCK-7,3,9
2026-05-05 03:00:00,OP014,Ines Leroy,D,Night,39,0,356.5,78,96.76,2,Completed,DOCK-6,7,11
2026-05-05 03:00:00,OP004,Chloe Thomas,D,Night,48,0,548.1,144,98.99,3,Completed,DOCK-4,4,7
2026-05-05 03:00:00,OP020,Mila Faure,E,Night,25,1,224.1,25,96.96,1,Completed,DOCK-4,1,6
2026-05-05 03:00:00,OP007,Nathan Petit,B,Night,41,0,390.3,82,98.23,2,Completed,DOCK-7,0,4
2026-05-05 03:00:00,OP015,Tom Roux,E,Night,39,0,492.5,39,98.36,2,Completed,DOCK-7,10,7
2026-05-05 03:00:00,OP012,Camille Michel,B,Night,32,0,357.2,32,97.42,3,Completed,DOCK-4,5,1
2026-05-05 03:00:00,OP001,Lucas Martin,A,Night,35,1,368.2,70,97.07,3,Completed,DOCK-1,9,0
2026-05-05 03:00:00,OP006,Manon Richard,A,Night,26,0,250.7,26,97.12,1,Cancelled,DOCK-6,7,3
2026-05-05 03:00:00,OP008,Lea Durand,C,Night,35,1,453.9,35,97.8,2,Completed,DOCK-8,10,2
2026-05-05 04:00:00,OP009,Jules Moreau,D,Night,26,1,333.0,26,98.18,7,Completed,DOCK-1,11,0
2026-05-05 04:00:00,OP006,Manon Richard,A,Night,32,0,354.9,96,96.98,3,Completed,DOCK-6,5,3
2026-05-05 04:00:00,OP020,Mila Faure,E,Night,27,1,364.5,81,96.12,5,Completed,DOCK-4,6,6
2026-05-05 04:00:00,OP017,Liam Girard,B,Night,31,0,379.3,62,96.24,5,Delayed,DOCK-1,9,8
2026-05-05 04:00:00,OP014,Ines Leroy,D,Night,36,0,325.4,36,97.78,2,Completed,DOCK-6,4,1
2026-05-05 04:00:00,OP001,Lucas Martin,A,Night,27,0,246.7,54,97.39,3,Completed,DOCK-1,7,2
2026-05-05 04:00:00,OP010,Sarah Laurent,E,Night,39,0,450.5,117,98.25,7,Delayed,DOCK-2,7,6
2026-05-05 04:00:00,OP005,Louis Robert,E,Night,39,1,554.8,39,98.03,2,Completed,DOCK-5,2,0
2026-05-05 04:00:00,OP007,Nathan Petit,B,Night,45,0,648.3,90,98.18,7,Delayed,DOCK-7,7,1
2026-05-05 05:00:00,OP010,Sarah Laurent,E,Night,31,0,376.8,93,97.95,2,Completed,DOCK-2,10,6
2026-05-05 05:00:00,OP005,Louis Robert,E,Night,28,0,391.8,56,98.73,1,Completed,DOCK-5,11,11
2026-05-05 05:00:00,OP002,Emma Bernard,B,Night,33,0,419.1,66,97.71,9,Completed,DOCK-2,8,8
2026-05-05 05:00:00,OP015,Tom Roux,E,Night,31,1,378.4,31,98.36,2,Cancelled,DOCK-7,6,9
2026-05-05 05:00:00,OP001,Lucas Martin,A,Night,25,0,255.6,25,98.45,5,Completed,DOCK-1,11,3
2026-05-05 05:00:00,OP009,Jules Moreau,D,Night,25,0,298.1,25,96.04,2,Completed,DOCK-1,10,6
2026-05-05 05:00:00,OP019,Noah Lambert,D,Night,32,0,291.8,32,96.42,4,Completed,DOCK-3,2,6
2026-05-05 05:00:00,OP014,Ines Leroy,D,Night,25,0,301.0,50,98.24,2,Completed,DOCK-6,10,0
2026-05-05 05:00:00,OP004,Chloe Thomas,D,Night,40,0,530.4,80,98.56,5,Delayed,DOCK-4,4,11
2026-05-05 05:00:00,OP007,Nathan Petit,B,Night,37,0,317.0,74,98.46,2,Completed,DOCK-7,3,8
2026-05-05 06:00:00,OP004,Chloe Thomas,D,Morning,64,0,617.7,192,97.64,9,Completed,DOCK-4,7,7
2026-05-05 06:00:00,OP017,Liam Girard,B,Morning,57,1,748.7,114,97.55,4,Completed,DOCK-1,0,2
2026-05-05 06:00:00,OP001,Lucas Martin,A,Morning,54,2,522.5,54,98.63,7,Completed,DOCK-1,9,1
2026-05-05 06:00:00,OP002,Emma Bernard,B,Morning,60,1,652.2,60,97.08,2,Completed,DOCK-2,3,5
2026-05-05 06:00:00,OP003,Hugo Dubois,C,Morning,69,1,633.0,207,97.18,5,Completed,DOCK-3,1,5
2026-05-05 06:00:00,OP009,Jules Moreau,D,Morning,62,1,573.0,62,99.62,1,Cancelled,DOCK-1,5,3
2026-05-05 06:00:00,OP013,Raphael Lefebvre,C,Morning,68,0,720.8,68,97.33,13,Completed,DOCK-5,6,3
2026-05-05 06:00:00,OP008,Lea Durand,C,Morning,61,1,697.1,183,98.55,5,Completed,DOCK-8,6,3
2026-05-05 06:00:00,OP012,Camille Michel,B,Morning,62,1,611.5,62,97.83,5,Completed,DOCK-4,11,6
2026-05-05 06:00:00,OP007,Nathan Petit,B,Morning,61,0,835.1,122,96.84,3,Completed,DOCK-7,0,8
2026-05-05 06:00:00,OP015,Tom Roux,E,Morning,71,0,684.0,142,98.65,5,Completed,DOCK-7,11,0
2026-05-05 06:00:00,OP018,Lina Bonnet,C,Morning,75,1,1045.4,75,97.9,11,Completed,DOCK-2,4,4
2026-05-05 06:00:00,OP011,Adam Simon,A,Morning,57,0,492.1,171,98.5,6,Completed,DOCK-3,0,4
2026-05-05 07:00:00,OP016,Jade Fournier,A,Morning,63,2,817.1,63,98.72,4,Completed,DOCK-8,11,3
2026-05-05 07:00:00,OP011,Adam Simon,A,Morning,61,0,615.6,122,99.12,3,Completed,DOCK-3,0,5
2026-05-05 07:00:00,OP018,Lina Bonnet,C,Morning,65,0,814.5,65,97.74,2,Completed,DOCK-2,5,2
2026-05-05 07:00:00,OP015,Tom Roux,E,Morning,66,2,815.0,66,98.69,8,Completed,DOCK-7,10,2
2026-05-05 07:00:00,OP017,Liam Girard,B,Morning,56,0,757.3,168,97.34,4,Completed,DOCK-1,7,6
2026-05-05 07:00:00,OP013,Raphael Lefebvre,C,Morning,69,0,686.7,69,97.21,9,Completed,DOCK-5,9,7
2026-05-05 07:00:00,OP004,Chloe Thomas,D,Morning,68,1,855.4,68,98.5,1,Completed,DOCK-4,0,0
2026-05-05 07:00:00,OP014,Ines Leroy,D,Morning,61,0,878.3,122,97.39,7,Completed,DOCK-6,9,1
2026-05-05 07:00:00,OP001,Lucas Martin,A,Morning,65,0,766.5,65,97.88,4,Completed,DOCK-1,3,0
2026-05-05 07:00:00,OP005,Louis Robert,E,Morning,66,2,898.9,132,97.61,6,Completed,DOCK-5,6,9
2026-05-05 07:00:00,OP008,Lea Durand,C,Morning,64,1,860.8,64,97.6,4,Completed,DOCK-8,6,1
2026-05-05 08:00:00,OP004,Chloe Thomas,D,Morning,69,0,592.4,138,98.78,7,Completed,DOCK-4,2,1
2026-05-05 08:00:00,OP008,Lea Durand,C,Morning,65,1,865.1,65,99.67,3,Completed,DOCK-8,7,5
2026-05-05 08:00:00,OP007,Nathan Petit,B,Morning,73,0,1032.9,219,98.29,7,Delayed,DOCK-7,7,5
2026-05-05 08:00:00,OP010,Sarah Laurent,E,Morning,66,0,817.4,66,97.96,7,Completed,DOCK-2,6,3
2026-05-05 08:00:00,OP012,Camille Michel,B,Morning,50,1,533.8,100,98.05,1,Completed,DOCK-4,5,1
2026-05-05 08:00:00,OP018,Lina Bonnet,C,Morning,68,0,914.8,68,99.35,5,Completed,DOCK-2,9,7
2026-05-05 08:00:00,OP013,Raphael Lefebvre,C,Morning,67,0,730.6,67,97.17,7,Completed,DOCK-5,4,10
2026-05-05 08:00:00,OP016,Jade Fournier,A,Morning,60,0,694.0,180,97.65,4,Completed,DOCK-8,0,1
2026-05-05 09:00:00,OP012,Camille Michel,B,Morning,64,0,863.2,128,97.06,6,Completed,DOCK-4,9,4
2026-05-05 09:00:00,OP020,Mila Faure,E,Morning,67,2,586.7,201,98.36,3,Delayed,DOCK-4,11,6
2026-05-05 09:00:00,OP019,Noah Lambert,D,Morning,61,1,842.4,122,97.38,4,Delayed,DOCK-3,8,5
2026-05-05 09:00:00,OP004,Chloe Thomas,D,Morning,74,2,1010.9,148,98.0,9,Completed,DOCK-4,11,6
2026-05-05 09:00:00,OP007,Nathan Petit,B,Morning,63,1,745.5,63,98.47,6,Completed,DOCK-7,7,11
2026-05-05 09:00:00,OP005,Louis Robert,E,Morning,61,0,839.5,61,98.69,5,Completed,DOCK-5,6,5
2026-05-05 09:00:00,OP018,Lina Bonnet,C,Morning,66,0,649.5,66,98.24,4,Completed,DOCK-2,5,0
2026-05-05 09:00:00,OP014,Ines Leroy,D,Morning,52,1,578.2,104,97.05,2,Completed,DOCK-6,9,4
2026-05-05 09:00:00,OP013,Raphael Lefebvre,C,Morning,67,4,855.9,134,99.12,5,Completed,DOCK-5,11,5
2026-05-05 10:00:00,OP019,Noah Lambert,D,Morning,68,1,894.0,136,98.0,3,Completed,DOCK-3,11,11
2026-05-05 10:00:00,OP005,Louis Robert,E,Morning,62,2,773.7,186,97.84,6,Cancelled,DOCK-5,6,10
2026-05-05 10:00:00,OP004,Chloe Thomas,D,Morning,83,3,1198.3,83,97.45,8,Completed,DOCK-4,0,11
2026-05-05 10:00:00,OP013,Raphael Lefebvre,C,Morning,70,1,699.8,70,99.41,8,Completed,DOCK-5,11,10
2026-05-05 10:00:00,OP014,Ines Leroy,D,Morning,57,0,695.7,57,96.34,11,Completed,DOCK-6,5,0
2026-05-05 10:00:00,OP015,Tom Roux,E,Morning,64,0,802.4,128,98.03,2,Completed,DOCK-7,6,9
2026-05-05 10:00:00,OP009,Jules Moreau,D,Morning,61,1,857.2,61,97.88,6,Completed,DOCK-1,8,11
2026-05-05 10:00:00,OP016,Jade Fournier,A,Morning,68,1,716.4,68,97.73,4,Completed,DOCK-8,6,5
2026-05-05 10:00:00,OP018,Lina Bonnet,C,Morning,70,1,641.5,210,98.14,9,Completed,DOCK-2,5,3
2026-05-05 11:00:00,OP017,Liam Girard,B,Morning,70,2,740.2,70,98.57,7,Completed,DOCK-1,9,5
2026-05-05 11:00:00,OP009,Jules Moreau,D,Morning,50,1,640.6,100,95.44,3,Completed,DOCK-1,5,10
2026-05-05 11:00:00,OP020,Mila Faure,E,Morning,59,1,763.5,177,97.79,3,Completed,DOCK-4,4,9
2026-05-05 11:00:00,OP007,Nathan Petit,B,Morning,67,0,602.7,134,96.9,2,Completed,DOCK-7,6,3
2026-05-05 11:00:00,OP015,Tom Roux,E,Morning,68,0,769.2,136,97.97,7,Completed,DOCK-7,11,3
2026-05-05 11:00:00,OP005,Louis Robert,E,Morning,63,2,646.3,63,97.65,7,Completed,DOCK-5,8,11
2026-05-05 11:00:00,OP006,Manon Richard,A,Morning,50,0,654.2,50,98.44,3,Completed,DOCK-6,3,4
2026-05-05 11:00:00,OP001,Lucas Martin,A,Morning,59,0,735.9,118,98.83,2,Cancelled,DOCK-1,4,5
2026-05-05 12:00:00,OP009,Jules Moreau,D,Morning,59,1,650.3,177,97.86,11,Completed,DOCK-1,10,7
2026-05-05 12:00:00,OP001,Lucas Martin,A,Morning,63,1,680.9,126,97.44,5,Delayed,DOCK-1,0,11
2026-05-05 12:00:00,OP018,Lina Bonnet,C,Morning,62,1,738.7,124,97.99,8,Completed,DOCK-2,2,0
2026-05-05 12:00:00,OP017,Liam Girard,B,Morning,55,2,643.2,165,97.97,10,Completed,DOCK-1,7,1
2026-05-05 12:00:00,OP003,Hugo Dubois,C,Morning,58,0,763.7,116,97.73,7,Cancelled,DOCK-3,1,4
2026-05-05 12:00:00,OP019,Noah Lambert,D,Morning,64,0,681.4,64,98.28,2,Completed,DOCK-3,2,0
2026-05-05 12:00:00,OP014,Ines Leroy,D,Morning,59,0,766.2,177,98.71,1,Completed,DOCK-6,2,6
2026-05-05 12:00:00,OP011,Adam Simon,A,Morning,74,0,851.8,148,97.05,5,Completed,DOCK-3,5,2
2026-05-05 12:00:00,OP012,Camille Michel,B,Morning,62,0,882.3,186,97.23,6,Completed,DOCK-4,7,2
2026-05-05 12:00:00,OP008,Lea Durand,C,Morning,66,0,811.7,198,97.14,7,Completed,DOCK-8,2,9
2026-05-05 13:00:00,OP010,Sarah Laurent,E,Morning,67,0,829.8,201,99.28,4,Completed,DOCK-2,4,2
2026-05-05 13:00:00,OP008,Lea Durand,C,Morning,68,0,713.8,204,97.73,4,Completed,DOCK-8,5,6
2026-05-05 13:00:00,OP005,Louis Robert,E,Morning,58,1,508.7,116,97.69,5,Completed,DOCK-5,4,2
2026-05-05 13:00:00,OP020,Mila Faure,E,Morning,59,1,795.3,118,97.93,6,Completed,DOCK-4,9,3
2026-05-05 13:00:00,OP004,Chloe Thomas,D,Morning,64,0,647.7,128,99.9,2,Completed,DOCK-4,4,3
2026-05-05 13:00:00,OP013,Raphael Lefebvre,C,Morning,57,0,801.7,114,99.53,7,Completed,DOCK-5,9,1
2026-05-05 13:00:00,OP012,Camille Michel,B,Morning,60,1,827.3,120,97.63,7,Completed,DOCK-4,9,4
2026-05-05 13:00:00,OP015,Tom Roux,E,Morning,65,0,795.6,195,98.51,4,Completed,DOCK-7,3,2
2026-05-05 13:00:00,OP019,Noah Lambert,D,Morning,58,2,582.2,58,98.27,2,Completed,DOCK-3,8,4
2026-05-05 13:00:00,OP001,Lucas Martin,A,Morning,53,0,726.5,106,97.06,4,Completed,DOCK-1,9,9
2026-05-05 13:00:00,OP002,Emma Bernard,B,Morning,63,0,902.7,126,99.42,8,Completed,DOCK-2,7,3
2026-05-05 13:00:00,OP017,Liam Girard,B,Morning,61,2,833.7,61,97.48,8,Completed,DOCK-1,4,10
2026-05-05 13:00:00,OP018,Lina Bonnet,C,Morning,73,0,700.2,146,98.47,5,Completed,DOCK-2,3,11
2026-05-05 13:00:00,OP014,Ines Leroy,D,Morning,63,0,575.0,63,97.15,10,Completed,DOCK-6,0,1
2026-05-05 13:00:00,OP011,Adam Simon,A,Morning,62,1,835.3,124,97.62,4,Completed,DOCK-3,0,4
2026-05-05 14:00:00,OP017,Liam Girard,B,Afternoon,40,0,478.8,80,99.25,3,Completed,DOCK-1,7,0
2026-05-05 14:00:00,OP010,Sarah Laurent,E,Afternoon,58,0,796.1,116,98.53,5,Completed,DOCK-2,7,3
2026-05-05 14:00:00,OP007,Nathan Petit,B,Afternoon,57,1,663.4,171,99.15,8,Completed,DOCK-7,7,8
2026-05-05 14:00:00,OP005,Louis Robert,E,Afternoon,58,2,692.1,116,97.82,2,Completed,DOCK-5,3,9
2026-05-05 14:00:00,OP015,Tom Roux,E,Afternoon,58,0,590.1,174,99.07,5,Completed,DOCK-7,11,5
2026-05-05 14:00:00,OP001,Lucas Martin,A,Afternoon,47,1,518.3,141,96.88,3,Completed,DOCK-1,3,9
2026-05-05 14:00:00,OP008,Lea Durand,C,Afternoon,40,0,455.6,120,97.64,3,Completed,DOCK-8,11,2
2026-05-05 14:00:00,OP009,Jules Moreau,D,Afternoon,52,1,579.9,52,98.06,7,Completed,DOCK-1,6,6
2026-05-05 14:00:00,OP016,Jade Fournier,A,Afternoon,46,0,478.8,138,98.38,1,Completed,DOCK-8,2,0
2026-05-05 14:00:00,OP003,Hugo Dubois,C,Afternoon,55,0,607.2,110,97.24,3,Delayed,DOCK-3,0,9
2026-05-05 14:00:00,OP014,Ines Leroy,D,Afternoon,48,1,558.3,48,97.99,1,Completed,DOCK-6,10,11
2026-05-05 14:00:00,OP013,Raphael Lefebvre,C,Afternoon,53,0,509.5,53,96.25,4,Completed,DOCK-5,4,1
2026-05-05 14:00:00,OP002,Emma Bernard,B,Afternoon,56,0,532.0,56,96.68,5,Completed,DOCK-2,7,7
2026-05-05 14:00:00,OP006,Manon Richard,A,Afternoon,45,1,399.4,90,97.34,3,Completed,DOCK-6,4,8
2026-05-05 15:00:00,OP003,Hugo Dubois,C,Afternoon,49,0,522.9,49,96.97,3,Completed,DOCK-3,0,3
2026-05-05 15:00:00,OP013,Raphael Lefebvre,C,Afternoon,56,2,773.1,56,97.95,4,Completed,DOCK-5,11,4
2026-05-05 15:00:00,OP004,Chloe Thomas,D,Afternoon,61,2,583.1,122,98.72,5,Completed,DOCK-4,0,10
2026-05-05 15:00:00,OP014,Ines Leroy,D,Afternoon,53,2,728.9,106,97.92,4,Completed,DOCK-6,1,4
2026-05-05 15:00:00,OP002,Emma Bernard,B,Afternoon,63,0,855.8,63,97.8,7,Completed,DOCK-2,3,7
2026-05-05 15:00:00,OP019,Noah Lambert,D,Afternoon,62,0,626.0,186,98.54,6,Completed,DOCK-3,4,3
2026-05-05 15:00:00,OP009,Jules Moreau,D,Afternoon,51,1,672.9,102,98.39,5,Completed,DOCK-1,9,7
2026-05-05 15:00:00,OP005,Louis Robert,E,Afternoon,49,3,638.8,49,98.43,4,Completed,DOCK-5,11,4
2026-05-05 15:00:00,OP001,Lucas Martin,A,Afternoon,49,1,442.6,98,97.61,4,Completed,DOCK-1,2,7
2026-05-05 15:00:00,OP017,Liam Girard,B,Afternoon,40,1,576.2,120,98.73,2,Completed,DOCK-1,2,8
2026-05-05 15:00:00,OP015,Tom Roux,E,Afternoon,60,0,727.6,120,98.36,10,Completed,DOCK-7,2,11
2026-05-05 15:00:00,OP012,Camille Michel,B,Afternoon,40,0,347.7,80,98.96,1,Completed,DOCK-4,9,3
2026-05-05 15:00:00,OP016,Jade Fournier,A,Afternoon,53,1,616.4,159,98.91,4,Completed,DOCK-8,10,0
2026-05-05 15:00:00,OP020,Mila Faure,E,Afternoon,40,0,424.8,40,97.31,6,Completed,DOCK-4,5,4
2026-05-05 15:00:00,OP008,Lea Durand,C,Afternoon,49,0,579.0,147,97.59,4,Completed,DOCK-8,8,5
2026-05-05 16:00:00,OP009,Jules Moreau,D,Afternoon,41,0,411.1,41,96.18,3,Delayed,DOCK-1,10,9
2026-05-05 16:00:00,OP012,Camille Michel,B,Afternoon,48,5,465.7,96,99.13,3,Completed,DOCK-4,5,4
2026-05-05 16:00:00,OP013,Raphael Lefebvre,C,Afternoon,57,2,758.3,57,97.29,3,Completed,DOCK-5,5,11
2026-05-05 16:00:00,OP020,Mila Faure,E,Afternoon,46,0,484.8,46,98.99,1,Completed,DOCK-4,10,1
2026-05-05 16:00:00,OP018,Lina Bonnet,C,Afternoon,55,1,648.7,55,97.82,5,Completed,DOCK-2,9,4
2026-05-05 16:00:00,OP017,Liam Girard,B,Afternoon,50,1,568.3,100,98.48,4,Cancelled,DOCK-1,1,1
2026-05-05 16:00:00,OP011,Adam Simon,A,Afternoon,43,0,514.9,129,97.09,3,Delayed,DOCK-3,7,4
2026-05-05 16:00:00,OP001,Lucas Martin,A,Afternoon,41,1,444.2,41,98.33,3,Completed,DOCK-1,3,6
2026-05-05 16:00:00,OP016,Jade Fournier,A,Afternoon,55,0,667.6,110,97.56,2,Completed,DOCK-8,2,7
2026-05-05 17:00:00,OP018,Lina Bonnet,C,Afternoon,55,0,481.3,55,99.17,3,Completed,DOCK-2,0,10
2026-05-05 17:00:00,OP004,Chloe Thomas,D,Afternoon,53,1,712.4,106,98.42,5,Cancelled,DOCK-4,5,0
2026-05-05 17:00:00,OP007,Nathan Petit,B,Afternoon,60,1,839.2,180,97.37,6,Completed,DOCK-7,9,7
2026-05-05 17:00:00,OP008,Lea Durand,C,Afternoon,50,0,628.7,100,98.12,6,Completed,DOCK-8,6,5
2026-05-05 17:00:00,OP017,Liam Girard,B,Afternoon,57,0,661.5,57,98.29,4,Completed,DOCK-1,6,4
2026-05-05 17:00:00,OP001,Lucas Martin,A,Afternoon,42,1,492.5,42,97.97,1,Completed,DOCK-1,7,3
2026-05-05 17:00:00,OP011,Adam Simon,A,Afternoon,51,2,673.6,153,98.35,2,Completed,DOCK-3,0,9
2026-05-05 17:00:00,OP003,Hugo Dubois,C,Afternoon,44,0,494.0,44,98.55,3,Completed,DOCK-3,1,5
2026-05-05 17:00:00,OP014,Ines Leroy,D,Afternoon,50,2,573.2,150,97.17,5,Completed,DOCK-6,0,2
2026-05-05 18:00:00,OP019,Noah Lambert,D,Afternoon,47,0,465.7,141,97.92,7,Completed,DOCK-3,2,9
2026-05-05 18:00:00,OP002,Emma Bernard,B,Afternoon,51,0,593.8,51,97.64,9,Completed,DOCK-2,11,0
2026-05-05 18:00:00,OP013,Raphael Lefebvre,C,Afternoon,51,0,515.6,102,98.76,8,Completed,DOCK-5,10,10
2026-05-05 18:00:00,OP017,Liam Girard,B,Afternoon,48,1,545.9,144,97.24,7,Completed,DOCK-1,6,8
2026-05-05 18:00:00,OP015,Tom Roux,E,Afternoon,57,1,803.1,114,99.52,5,Completed,DOCK-7,2,4
2026-05-05 18:00:00,OP011,Adam Simon,A,Afternoon,41,0,551.3,123,98.73,3,Completed,DOCK-3,1,5
2026-05-05 18:00:00,OP005,Louis Robert,E,Afternoon,54,0,725.3,162,96.13,5,Delayed,DOCK-5,1,0
2026-05-05 18:00:00,OP009,Jules Moreau,D,Afternoon,40,0,358.3,120,99.0,1,Completed,DOCK-1,0,11
2026-05-05 18:00:00,OP003,Hugo Dubois,C,Afternoon,42,1,519.4,126,98.17,3,Completed,DOCK-3,10,7
2026-05-05 19:00:00,OP008,Lea Durand,C,Afternoon,47,0,445.0,47,98.72,4,Delayed,DOCK-8,5,9
2026-05-05 19:00:00,OP020,Mila Faure,E,Afternoon,44,1,399.7,88,97.61,4,Completed,DOCK-4,4,8
2026-05-05 19:00:00,OP002,Emma Bernard,B,Afternoon,57,0,794.2,57,98.08,6,Completed,DOCK-2,10,6
2026-05-05 19:00:00,OP004,Chloe Thomas,D,Afternoon,52,1,707.9,104,99.89,6,Completed,DOCK-4,5,10
2026-05-05 19:00:00,OP017,Liam Girard,B,Afternoon,41,0,542.0,41,97.23,4,Completed,DOCK-1,5,2
2026-05-05 19:00:00,OP019,Noah Lambert,D,Afternoon,49,0,650.7,49,96.6,2,Completed,DOCK-3,8,6
2026-05-05 19:00:00,OP018,Lina Bonnet,C,Afternoon,61,0,518.7,183,97.79,5,Completed,DOCK-2,6,3
2026-05-05 19:00:00,OP009,Jules Moreau,D,Afternoon,42,1,570.8,42,98.67,5,Completed,DOCK-1,7,10
2026-05-05 19:00:00,OP014,Ines Leroy,D,Afternoon,45,0,625.1,45,96.74,2,Completed,DOCK-6,3,6
2026-05-05 19:00:00,OP005,Louis Robert,E,Afternoon,44,0,468.2,88,98.66,2,Delayed,DOCK-5,8,6
2026-05-05 19:00:00,OP001,Lucas Martin,A,Afternoon,49,1,666.7,147,96.75,5,Completed,DOCK-1,0,5
2026-05-05 19:00:00,OP016,Jade Fournier,A,Afternoon,46,1,599.3,46,98.3,2,Completed,DOCK-8,9,8
2026-05-05 19:00:00,OP015,Tom Roux,E,Afternoon,57,0,643.9,171,99.03,5,Completed,DOCK-7,4,8
2026-05-05 19:00:00,OP003,Hugo Dubois,C,Afternoon,48,0,455.8,144,98.81,5,Completed,DOCK-3,6,0
2026-05-05 20:00:00,OP016,Jade Fournier,A,Afternoon,56,2,728.0,168,97.96,3,Completed,DOCK-8,7,1
2026-05-05 20:00:00,OP017,Liam Girard,B,Afternoon,40,1,434.9,80,97.6,8,Completed,DOCK-1,1,7
2026-05-05 20:00:00,OP020,Mila Faure,E,Afternoon,40,0,490.6,40,96.26,5,Completed,DOCK-4,8,9
2026-05-05 20:00:00,OP008,Lea Durand,C,Afternoon,44,0,600.8,132,97.66,7,Completed,DOCK-8,10,11
2026-05-05 20:00:00,OP001,Lucas Martin,A,Afternoon,40,0,392.2,40,97.59,1,Completed,DOCK-1,5,11
2026-05-05 20:00:00,OP018,Lina Bonnet,C,Afternoon,54,0,557.6,162,99.42,7,Completed,DOCK-2,5,0
2026-05-05 20:00:00,OP004,Chloe Thomas,D,Afternoon,60,2,581.7,180,99.42,4,Completed,DOCK-4,1,0
2026-05-05 20:00:00,OP002,Emma Bernard,B,Afternoon,54,0,588.3,162,99.11,7,Completed,DOCK-2,3,5
2026-05-05 20:00:00,OP009,Jules Moreau,D,Afternoon,40,0,400.9,40,97.27,5,Completed,DOCK-1,5,8
2026-05-05 20:00:00,OP003,Hugo Dubois,C,Afternoon,40,1,517.8,40,97.67,3,Completed,DOCK-3,6,8
2026-05-05 20:00:00,OP006,Manon Richard,A,Afternoon,50,0,668.6,100,97.71,10,Completed,DOCK-6,2,2
2026-05-05 20:00:00,OP019,Noah Lambert,D,Afternoon,58,0,506.8,174,98.85,4,Completed,DOCK-3,3,10
2026-05-05 20:00:00,OP010,Sarah Laurent,E,Afternoon,24,0,293.1,24,97.93,3,Completed,DOCK-2,7,5
2026-05-05 20:00:00,OP013,Raphael Lefebvre,C,Afternoon,58,0,614.6,58,97.69,5,Completed,DOCK-5,6,11
2026-05-05 21:00:00,OP005,Louis Robert,E,Afternoon,47,1,417.8,94,99.06,3,Completed,DOCK-5,7,0
2026-05-05 21:00:00,OP016,Jade Fournier,A,Afternoon,51,1,655.8,102,97.44,5,Completed,DOCK-8,8,7
2026-05-05 21:00:00,OP019,Noah Lambert,D,Afternoon,43,1,463.2,86,97.36,2,Completed,DOCK-3,9,0
2026-05-05 21:00:00,OP011,Adam Simon,A,Afternoon,49,1,698.2,147,97.66,4,Cancelled,DOCK-3,10,5
2026-05-05 21:00:00,OP015,Tom Roux,E,Afternoon,58,0,623.0,58,99.08,7,Completed,DOCK-7,9,1
2026-05-05 21:00:00,OP006,Manon Richard,A,Afternoon,50,1,655.3,50,97.97,3,Completed,DOCK-6,6,1
2026-05-05 21:00:00,OP007,Nathan Petit,B,Afternoon,59,0,701.7,59,98.75,3,Completed,DOCK-7,2,11
2026-05-05 21:00:00,OP014,Ines Leroy,D,Afternoon,50,1,621.2,150,96.09,8,Completed,DOCK-6,3,6
2026-05-05 21:00:00,OP008,Lea Durand,C,Afternoon,54,0,600.1,108,96.7,3,Completed,DOCK-8,6,2
2026-05-05 21:00:00,OP017,Liam Girard,B,Afternoon,44,0,525.5,88,99.2,7,Completed,DOCK-1,11,0
2026-05-05 21:00:00,OP010,Sarah Laurent,E,Afternoon,46,1,531.6,138,97.79,1,Completed,DOCK-2,11,1
2026-05-05 22:00:00,OP012,Camille Michel,B,Night,31,1,378.4,62,96.5,5,Completed,DOCK-4,5,0
2026-05-05 22:00:00,OP005,Louis Robert,E,Night,34,0,462.1,68,98.79,5,Completed,DOCK-5,2,4
2026-05-05 22:00:00,OP009,Jules Moreau,D,Night,26,0,319.0,78,97.82,1,Completed,DOCK-1,7,4
2026-05-05 22:00:00,OP014,Ines Leroy,D,Night,34,0,346.8,102,97.6,1,Completed,DOCK-6,4,7
2026-05-05 22:00:00,OP011,Adam Simon,A,Night,45,1,468.6,135,98.23,1,Completed,DOCK-3,5,5
2026-05-05 22:00:00,OP013,Raphael Lefebvre,C,Night,31,0,323.1,93,97.43,6,Completed,DOCK-5,0,2
2026-05-05 22:00:00,OP016,Jade Fournier,A,Night,37,1,404.9,111,97.75,2,Completed,DOCK-8,4,3
2026-05-05 22:00:00,OP001,Lucas Martin,A,Night,30,1,388.3,30,98.54,3,Delayed,DOCK-1,5,11
2026-05-05 22:00:00,OP018,Lina Bonnet,C,Night,49,0,510.1,98,97.98,8,Completed,DOCK-2,7,11
2026-05-05 22:00:00,OP017,Liam Girard,B,Night,38,0,425.2,114,96.47,4,Completed,DOCK-1,0,5
2026-05-05 22:00:00,OP020,Mila Faure,E,Night,35,0,313.1,35,96.84,4,Completed,DOCK-4,11,0
2026-05-05 22:00:00,OP004,Chloe Thomas,D,Night,44,0,380.2,132,98.06,2,Completed,DOCK-4,5,7
2026-05-05 22:00:00,OP002,Emma Bernard,B,Night,42,1,430.8,84,97.33,9,Completed,DOCK-2,9,3
2026-05-05 22:00:00,OP015,Tom Roux,E,Night,42,1,489.0,84,99.9,2,Completed,DOCK-7,9,7
2026-05-05 22:00:00,OP010,Sarah Laurent,E,Night,40,0,341.8,40,98.84,3,Completed,DOCK-2,8,4
2026-05-05 23:00:00,OP011,Adam Simon,A,Night,34,0,349.4,34,97.07,3,Completed,DOCK-3,1,10
2026-05-05 23:00:00,OP012,Camille Michel,B,Night,38,0,433.6,76,97.75,2,Completed,DOCK-4,2,4
2026-05-05 23:00:00,OP017,Liam Girard,B,Night,37,0,360.8,111,98.02,3,Completed,DOCK-1,2,10
2026-05-05 23:00:00,OP007,Nathan Petit,B,Night,40,0,380.6,120,99.6,2,Completed,DOCK-7,11,4
2026-05-05 23:00:00,OP008,Lea Durand,C,Night,33,0,470.4,33,97.54,1,Delayed,DOCK-8,4,9
2026-05-05 23:00:00,OP020,Mila Faure,E,Night,28,0,396.9,84,97.46,1,Delayed,DOCK-4,1,5
2026-05-05 23:00:00,OP013,Raphael Lefebvre,C,Night,36,0,519.8,72,98.33,5,Completed,DOCK-5,8,1
2026-05-05 23:00:00,OP018,Lina Bonnet,C,Night,45,0,614.3,90,97.87,4,Completed,DOCK-2,0,5
2026-05-05 23:00:00,OP003,Hugo Dubois,C,Night,30,1,383.7,90,97.74,7,Completed,DOCK-3,5,1
2026-05-05 23:00:00,OP009,Jules Moreau,D,Night,34,1,330.8,34,98.71,2,Completed,DOCK-1,4,8
2026-05-05 23:00:00,OP015,Tom Roux,E,Night,40,1,457.8,80,98.86,3,Completed,DOCK-7,8,7
2026-05-06 00:00:00,OP011,Adam Simon,A,Night,25,0,330.6,50,99.08,3,Completed,DOCK-3,0,0
2026-05-06 00:00:00,OP015,Tom Roux,E,Night,34,0,457.4,68,99.9,2,Delayed,DOCK-7,10,8
2026-05-06 00:00:00,OP006,Manon Richard,A,Night,35,0,313.1,70,98.12,2,Completed,DOCK-6,3,0
2026-05-06 00:00:00,OP002,Emma Bernard,B,Night,37,0,358.6,37,98.58,3,Completed,DOCK-2,11,4
2026-05-06 00:00:00,OP013,Raphael Lefebvre,C,Night,48,1,603.7,96,98.27,2,Completed,DOCK-5,4,0
2026-05-06 00:00:00,OP016,Jade Fournier,A,Night,35,0,303.3,35,97.31,4,Completed,DOCK-8,3,4
2026-05-06 00:00:00,OP010,Sarah Laurent,E,Night,48,0,557.3,96,97.68,3,Completed,DOCK-2,11,3
2026-05-06 00:00:00,OP012,Camille Michel,B,Night,26,1,260.0,52,97.22,3,Completed,DOCK-4,10,5
2026-05-06 00:00:00,OP003,Hugo Dubois,C,Night,25,1,262.7,25,98.41,3,Completed,DOCK-3,10,10
2026-05-06 00:00:00,OP004,Chloe Thomas,D,Night,40,1,413.8,80,98.68,3,Completed,DOCK-4,5,1
2026-05-06 00:00:00,OP008,Lea Durand,C,Night,36,4,368.7,36,97.81,5,Completed,DOCK-8,10,11
2026-05-06 00:00:00,OP020,Mila Faure,E,Night,32,0,336.8,64,97.59,1,Cancelled,DOCK-4,0,4
2026-05-06 01:00:00,OP008,Lea Durand,C,Night,39,1,448.6,39,97.16,4,Completed,DOCK-8,8,3
2026-05-06 01:00:00,OP009,Jules Moreau,D,Night,32,0,335.6,64,97.46,1,Completed,DOCK-1,8,10
2026-05-06 01:00:00,OP015,Tom Roux,E,Night,40,0,566.3,120,97.73,4,Completed,DOCK-7,11,7
2026-05-06 01:00:00,OP018,Lina Bonnet,C,Night,46,0,628.2,46,99.13,2,Completed,DOCK-2,11,2
2026-05-06 01:00:00,OP016,Jade Fournier,A,Night,37,0,508.9,37,98.65,3,Completed,DOCK-8,10,1
2026-05-06 01:00:00,OP013,Raphael Lefebvre,C,Night,32,1,376.4,64,99.62,5,Delayed,DOCK-5,6,2
2026-05-06 01:00:00,OP019,Noah Lambert,D,Night,38,0,524.5,38,98.72,2,Completed,DOCK-3,10,0
2026-05-06 01:00:00,OP005,Louis Robert,E,Night,43,0,408.1,129,98.27,3,Delayed,DOCK-5,5,2
2026-05-06 01:00:00,OP001,Lucas Martin,A,Night,30,0,331.1,90,98.3,1,Delayed,DOCK-1,4,0
2026-05-06 01:00:00,OP004,Chloe Thomas,D,Night,28,0,260.4,56,99.01,1,Completed,DOCK-4,7,2
2026-05-06 01:00:00,OP012,Camille Michel,B,Night,30,1,298.7,60,97.12,2,Completed,DOCK-4,3,8
2026-05-06 01:00:00,OP007,Nathan Petit,B,Night,39,0,371.6,117,97.47,1,Completed,DOCK-7,1,1
2026-05-06 01:00:00,OP003,Hugo Dubois,C,Night,28,1,246.3,56,97.74,3,Completed,DOCK-3,9,4
2026-05-06 01:00:00,OP002,Emma Bernard,B,Night,36,0,444.1,72,97.42,1,Completed,DOCK-2,11,11
2026-05-06 02:00:00,OP010,Sarah Laurent,E,Night,41,1,379.0,41,99.07,2,Completed,DOCK-2,4,1
2026-05-06 02:00:00,OP002,Emma Bernard,B,Night,39,0,554.4,39,97.02,8,Cancelled,DOCK-2,9,9
2026-05-06 02:00:00,OP018,Lina Bonnet,C,Night,43,0,592.8,86,98.27,7,Completed,DOCK-2,7,10
2026-05-06 02:00:00,OP019,Noah Lambert,D,Night,37,0,337.5,111,97.47,3,Completed,DOCK-3,5,11
2026-05-06 02:00:00,OP011,Adam Simon,A,Night,30,0,289.7,30,96.56,3,Completed,DOCK-3,7,3
2026-05-06 02:00:00,OP008,Lea Durand,C,Night,33,1,369.5,33,97.49,5,Completed,DOCK-8,11,1
2026-05-06 02:00:00,OP004,Chloe Thomas,D,Night,28,0,344.7,56,98.62,2,Completed,DOCK-4,0,7
2026-05-06 02:00:00,OP003,Hugo Dubois,C,Night,25,0,272.4,25,97.82,1,Completed,DOCK-3,4,1
2026-05-06 02:00:00,OP020,Mila Faure,E,Night,29,0,304.4,87,97.99,3,Completed,DOCK-4,6,6
2026-05-06 02:00:00,OP015,Tom Roux,E,Night,46,0,560.9,46,98.68,3,Delayed,DOCK-7,11,3
2026-05-06 02:00:00,OP009,Jules Moreau,D,Night,25,2,250.9,75,96.69,4,Cancelled,DOCK-1,10,8
2026-05-06 02:00:00,OP007,Nathan Petit,B,Night,34,0,401.7,102,99.12,2,Delayed,DOCK-7,2,0
2026-05-06 03:00:00,OP016,Jade Fournier,A,Night,42,0,364.6,126,98.82,2,Completed,DOCK-8,0,8
2026-05-06 03:00:00,OP020,Mila Faure,E,Night,28,0,392.8,28,97.23,1,Delayed,DOCK-4,6,2
2026-05-06 03:00:00,OP008,Lea Durand,C,Night,32,0,373.4,96,99.01,5,Delayed,DOCK-8,3,3
2026-05-06 03:00:00,OP011,Adam Simon,A,Night,31,0,397.7,31,98.5,1,Completed,DOCK-3,0,0
2026-05-06 03:00:00,OP010,Sarah Laurent,E,Night,31,1,398.8,93,97.98,2,Completed,DOCK-2,1,6
2026-05-06 03:00:00,OP003,Hugo Dubois,C,Night,33,0,432.6,66,97.41,2,Delayed,DOCK-3,10,5
2026-05-06 03:00:00,OP009,Jules Moreau,D,Night,29,1,399.6,29,98.69,2,Completed,DOCK-1,10,5
2026-05-06 03:00:00,OP019,Noah Lambert,D,Night,34,0,365.4,34,98.61,5,Completed,DOCK-3,4,11
2026-05-06 03:00:00,OP001,Lucas Martin,A,Night,32,1,329.2,64,98.52,8,Completed,DOCK-1,7,2
2026-05-06 03:00:00,OP014,Ines Leroy,D,Night,41,1,491.2,41,98.27,3,Completed,DOCK-6,5,5
2026-05-06 03:00:00,OP017,Liam Girard,B,Night,37,0,518.3,111,97.44,3,Completed,DOCK-1,8,2
2026-05-06 03:00:00,OP015,Tom Roux,E,Night,46,0,428.6,138,98.19,4,Completed,DOCK-7,6,9
2026-05-06 04:00:00,OP001,Lucas Martin,A,Night,29,0,275.7,87,98.42,5,Completed,DOCK-1,7,6
2026-05-06 04:00:00,OP012,Camille Michel,B,Night,27,0,260.6,81,98.18,3,Completed,DOCK-4,11,11
2026-05-06 04:00:00,OP006,Manon Richard,A,Night,37,0,520.6,37,98.25,5,Completed,DOCK-6,4,10
2026-05-06 04:00:00,OP020,Mila Faure,E,Night,28,0,306.7,28,98.08,1,Completed,DOCK-4,3,11
2026-05-06 04:00:00,OP002,Emma Bernard,B,Night,32,0,276.2,96,98.13,1,Completed,DOCK-2,6,5
2026-05-06 04:00:00,OP008,Lea Durand,C,Night,28,0,252.9,56,97.83,1,Completed,DOCK-8,1,7
2026-05-06 04:00:00,OP018,Lina Bonnet,C,Night,37,0,353.2,111,98.38,4,Delayed,DOCK-2,6,11
2026-05-06 04:00:00,OP007,Nathan Petit,B,Night,43,1,557.5,43,98.22,4,Completed,DOCK-7,3,6
2026-05-06 04:00:00,OP003,Hugo Dubois,C,Night,26,0,248.1,52,98.0,2,Completed,DOCK-3,4,2
2026-05-06 04:00:00,OP010,Sarah Laurent,E,Night,42,1,404.6,42,99.13,2,Completed,DOCK-2,7,6
2026-05-06 04:00:00,OP013,Raphael Lefebvre,C,Night,20,0,287.3,40,98.14,2,Completed,DOCK-5,10,6
2026-05-06 04:00:00,OP004,Chloe Thomas,D,Night,38,1,471.4,38,97.99,2,Completed,DOCK-4,4,5
2026-05-06 05:00:00,OP006,Manon Richard,A,Night,35,0,409.6,105,97.27,1,Completed,DOCK-6,8,11
2026-05-06 05:00:00,OP016,Jade Fournier,A,Night,34,1,310.0,34,98.57,6,Completed,DOCK-8,5,1
2026-05-06 05:00:00,OP007,Nathan Petit,B,Night,42,1,493.3,42,97.8,2,Completed,DOCK-7,9,2
2026-05-06 05:00:00,OP008,Lea Durand,C,Night,37,0,413.4,37,97.34,4,Completed,DOCK-8,2,2
2026-05-06 05:00:00,OP001,Lucas Martin,A,Night,25,0,356.4,75,97.44,2,Cancelled,DOCK-1,1,1
2026-05-06 05:00:00,OP014,Ines Leroy,D,Night,35,0,346.2,70,97.9,3,Completed,DOCK-6,8,9
2026-05-06 05:00:00,OP019,Noah Lambert,D,Night,37,0,389.8,111,96.54,4,Cancelled,DOCK-3,8,3
2026-05-06 05:00:00,OP003,Hugo Dubois,C,Night,36,1,383.0,36,98.32,1,Cancelled,DOCK-3,3,4
2026-05-06 06:00:00,OP008,Lea Durand,C,Morning,69,0,651.7,207,99.24,6,Completed,DOCK-8,4,7
2026-05-06 06:00:00,OP002,Emma Bernard,B,Morning,71,0,847.3,213,98.61,4,Delayed,DOCK-2,6,8
2026-05-06 06:00:00,OP007,Nathan Petit,B,Morning,69,0,773.7,69,99.22,3,Completed,DOCK-7,5,4
2026-05-06 06:00:00,OP013,Raphael Lefebvre,C,Morning,56,0,477.5,168,98.0,3,Completed,DOCK-5,5,4
2026-05-06 06:00:00,OP009,Jules Moreau,D,Morning,50,1,610.4,150,97.46,8,Completed,DOCK-1,0,2
2026-05-06 06:00:00,OP004,Chloe Thomas,D,Morning,66,0,595.8,198,99.9,13,Completed,DOCK-4,6,0
2026-05-06 06:00:00,OP016,Jade Fournier,A,Morning,67,0,927.9,134,98.88,4,Completed,DOCK-8,9,10
2026-05-06 06:00:00,OP020,Mila Faure,E,Morning,59,0,726.6,59,98.49,5,Completed,DOCK-4,10,4
2026-05-06 06:00:00,OP011,Adam Simon,A,Morning,72,0,1034.3,72,97.18,4,Delayed,DOCK-3,8,7
2026-05-06 06:00:00,OP017,Liam Girard,B,Morning,51,1,638.0,102,98.58,3,Completed,DOCK-1,7,10
2026-05-06 06:00:00,OP006,Manon Richard,A,Morning,69,1,804.0,138,97.15,2,Completed,DOCK-6,5,4
2026-05-06 06:00:00,OP003,Hugo Dubois,C,Morning,66,1,841.3,198,99.63,7,Completed,DOCK-3,9,1
2026-05-06 06:00:00,OP012,Camille Michel,B,Morning,65,0,749.9,130,97.36,5,Completed,DOCK-4,4,9
2026-05-06 07:00:00,OP018,Lina Bonnet,C,Morning,63,1,869.5,126,98.18,5,Completed,DOCK-2,3,0
2026-05-06 07:00:00,OP013,Raphael Lefebvre,C,Morning,69,0,784.2,207,98.61,2,Completed,DOCK-5,8,3
2026-05-06 07:00:00,OP009,Jules Moreau,D,Morning,59,1,668.3,177,97.1,6,Completed,DOCK-1,7,8
2026-05-06 07:00:00,OP016,Jade Fournier,A,Morning,65,2,634.8,65,96.27,10,Completed,DOCK-8,7,1
2026-05-06 07:00:00,OP008,Lea Durand,C,Morning,58,1,728.2,174,97.97,7,Delayed,DOCK-8,4,4
2026-05-06 07:00:00,OP020,Mila Faure,E,Morning,67,1,969.7,201,97.67,5,Completed,DOCK-4,10,4
2026-05-06 07:00:00,OP003,Hugo Dubois,C,Morning,67,2,721.2,67,98.47,6,Completed,DOCK-3,5,7
2026-05-06 07:00:00,OP017,Liam Girard,B,Morning,58,0,780.7,58,98.47,6,Completed,DOCK-1,3,4
2026-05-06 07:00:00,OP007,Nathan Petit,B,Morning,76,0,1028.0,152,98.25,3,Delayed,DOCK-7,2,0
2026-05-06 07:00:00,OP010,Sarah Laurent,E,Morning,62,1,830.7,186,98.39,6,Completed,DOCK-2,3,4
2026-05-06 07:00:00,OP014,Ines Leroy,D,Morning,57,4,783.1,57,97.07,2,Completed,DOCK-6,3,8
2026-05-06 07:00:00,OP011,Adam Simon,A,Morning,65,0,789.2,65,97.85,4,Delayed,DOCK-3,3,11
2026-05-06 07:00:00,OP001,Lucas Martin,A,Morning,65,1,726.7,130,97.93,8,Completed,DOCK-1,8,6
2026-05-06 07:00:00,OP005,Louis Robert,E,Morning,62,0,716.4,124,98.31,1,Completed,DOCK-5,7,0
2026-05-06 07:00:00,OP006,Manon Richard,A,Morning,57,0,708.3,171,97.21,4,Completed,DOCK-6,10,0
2026-05-06 08:00:00,OP007,Nathan Petit,B,Morning,70,1,837.9,70,98.44,9,Completed,DOCK-7,7,11
2026-05-06 08:00:00,OP003,Hugo Dubois,C,Morning,55,1,597.9,110,98.02,5,Completed,DOCK-3,0,4
2026-05-06 08:00:00,OP020,Mila Faure,E,Morning,55,3,683.1,165,97.1,5,Completed,DOCK-4,9,8
2026-05-06 08:00:00,OP018,Lina Bonnet,C,Morning,79,0,949.8,237,97.66,7,Completed,DOCK-2,1,2
2026-05-06 08:00:00,OP015,Tom Roux,E,Morning,70,0,821.1,70,98.78,9,Completed,DOCK-7,4,3
2026-05-06 08:00:00,OP009,Jules Moreau,D,Morning,58,2,692.9,174,98.36,6,Completed,DOCK-1,1,1
2026-05-06 08:00:00,OP019,Noah Lambert,D,Morning,62,1,559.1,62,97.2,4,Completed,DOCK-3,11,6
2026-05-06 08:00:00,OP011,Adam Simon,A,Morning,68,1,779.6,136,98.94,6,Delayed,DOCK-3,2,6
2026-05-06 09:00:00,OP009,Jules Moreau,D,Morning,57,0,824.4,57,99.71,2,Completed,DOCK-1,5,8
2026-05-06 09:00:00,OP018,Lina Bonnet,C,Morning,72,2,680.9,216,98.0,7,Completed,DOCK-2,1,9
2026-05-06 09:00:00,OP003,Hugo Dubois,C,Morning,63,1,870.5,63,97.7,1,Completed,DOCK-3,11,5
2026-05-06 09:00:00,OP015,Tom Roux,E,Morning,77,1,1097.9,154,99.15,8,Completed,DOCK-7,1,11
2026-05-06 09:00:00,OP017,Liam Girard,B,Morning,66,0,764.0,66,96.72,5,Completed,DOCK-1,2,5
2026-05-06 09:00:00,OP013,Raphael Lefebvre,C,Morning,72,0,832.0,72,97.97,4,Completed,DOCK-5,0,0
2026-05-06 09:00:00,OP016,Jade Fournier,A,Morning,65,0,650.5,65,97.78,6,Completed,DOCK-8,1,0
2026-05-06 09:00:00,OP011,Adam Simon,A,Morning,57,3,630.9,171,97.11,6,Completed,DOCK-3,2,7
2026-05-06 09:00:00,OP001,Lucas Martin,A,Morning,61,0,559.9,61,97.38,7,Completed,DOCK-1,3,6
2026-05-06 09:00:00,OP014,Ines Leroy,D,Morning,60,1,746.3,120,98.22,9,Completed,DOCK-6,9,10
2026-05-06 09:00:00,OP007,Nathan Petit,B,Morning,74,2,948.5,222,98.89,3,Completed,DOCK-7,2,5
2026-05-06 10:00:00,OP006,Manon Richard,A,Morning,57,1,655.9,114,97.48,3,Completed,DOCK-6,10,11
2026-05-06 10:00:00,OP018,Lina Bonnet,C,Morning,71,0,780.0,142,99.23,7,Completed,DOCK-2,0,8
2026-05-06 10:00:00,OP019,Noah Lambert,D,Morning,62,2,809.5,186,97.54,7,Completed,DOCK-3,7,6
2026-05-06 10:00:00,OP014,Ines Leroy,D,Morning,66,0,686.0,66,97.28,5,Completed,DOCK-6,5,7
2026-05-06 10:00:00,OP010,Sarah Laurent,E,Morning,55,0,618.5,165,99.28,1,Cancelled,DOCK-2,4,6
2026-05-06 10:00:00,OP013,Raphael Lefebvre,C,Morning,71,1,908.2,213,97.46,5,Completed,DOCK-5,1,10
2026-05-06 10:00:00,OP003,Hugo Dubois,C,Morning,66,1,648.6,66,96.55,12,Completed,DOCK-3,10,2
2026-05-06 10:00:00,OP011,Adam Simon,A,Morning,64,2,915.2,128,98.47,9,Completed,DOCK-3,3,9
2026-05-06 10:00:00,OP001,Lucas Martin,A,Morning,56,0,591.0,168,96.51,6,Completed,DOCK-1,0,4
2026-05-06 10:00:00,OP017,Liam Girard,B,Morning,60,0,675.9,60,96.21,7,Completed,DOCK-1,5,5
2026-05-06 10:00:00,OP009,Jules Moreau,D,Morning,62,0,774.8,186,97.26,5,Completed,DOCK-1,4,9
2026-05-06 10:00:00,OP012,Camille Michel,B,Morning,52,0,736.7,156,98.11,4,Completed,DOCK-4,5,2
2026-05-06 10:00:00,OP002,Emma Bernard,B,Morning,58,0,623.3,58,96.07,6,Completed,DOCK-2,11,8
2026-05-06 10:00:00,OP016,Jade Fournier,A,Morning,61,1,820.9,61,99.01,1,Completed,DOCK-8,1,6
2026-05-06 10:00:00,OP020,Mila Faure,E,Morning,54,1,476.5,108,97.67,3,Completed,DOCK-4,8,4
2026-05-06 11:00:00,OP007,Nathan Petit,B,Morning,68,0,630.2,68,98.35,5,Completed,DOCK-7,6,6
2026-05-06 11:00:00,OP016,Jade Fournier,A,Morning,60,0,556.6,60,97.03,4,Completed,DOCK-8,11,0
2026-05-06 11:00:00,OP013,Raphael Lefebvre,C,Morning,66,1,644.0,66,98.05,3,Completed,DOCK-5,9,9
2026-05-06 11:00:00,OP019,Noah Lambert,D,Morning,72,0,687.7,72,99.9,13,Completed,DOCK-3,8,7
2026-05-06 11:00:00,OP012,Camille Michel,B,Morning,56,0,640.4,56,99.01,2,Delayed,DOCK-4,2,1
2026-05-06 11:00:00,OP017,Liam Girard,B,Morning,56,1,675.4,56,97.49,7,Completed,DOCK-1,5,10
2026-05-06 11:00:00,OP020,Mila Faure,E,Morning,56,1,491.8,168,99.77,6,Completed,DOCK-4,0,5
2026-05-06 11:00:00,OP015,Tom Roux,E,Morning,76,0,948.4,228,96.9,6,Completed,DOCK-7,1,9
2026-05-06 11:00:00,OP011,Adam Simon,A,Morning,62,2,823.9,62,96.4,4,Completed,DOCK-3,10,4
2026-05-06 11:00:00,OP002,Emma Bernard,B,Morning,66,0,852.1,132,98.56,2,Completed,DOCK-2,10,6
2026-05-06 11:00:00,OP008,Lea Durand,C,Morning,66,1,798.0,132,97.25,10,Delayed,DOCK-8,0,7
2026-05-06 11:00:00,OP001,Lucas Martin,A,Morning,59,1,797.4,177,98.43,7,Completed,DOCK-1,10,2
2026-05-06 12:00:00,OP007,Nathan Petit,B,Morning,72,1,639.2,72,98.68,4,Completed,DOCK-7,1,4
2026-05-06 12:00:00,OP010,Sarah Laurent,E,Morning,59,0,838.8,177,98.41,8,Completed,DOCK-2,8,5
2026-05-06 12:00:00,OP004,Chloe Thomas,D,Morning,74,0,795.4,148,97.05,10,Completed,DOCK-4,3,11
2026-05-06 12:00:00,OP020,Mila Faure,E,Morning,57,2,767.3,57,98.73,7,Completed,DOCK-4,9,0
2026-05-06 12:00:00,OP001,Lucas Martin,A,Morning,61,0,576.4,122,96.66,4,Completed,DOCK-1,2,11
2026-05-06 12:00:00,OP006,Manon Richard,A,Morning,58,0,587.9,174,96.83,3,Completed,DOCK-6,6,11
2026-05-06 12:00:00,OP008,Lea Durand,C,Morning,64,0,801.0,192,96.97,5,Completed,DOCK-8,2,11
2026-05-06 12:00:00,OP015,Tom Roux,E,Morning,67,0,646.0,67,99.9,2,Completed,DOCK-7,1,7
2026-05-06 13:00:00,OP006,Manon Richard,A,Morning,57,0,718.9,114,97.09,5,Completed,DOCK-6,2,10
2026-05-06 13:00:00,OP014,Ines Leroy,D,Morning,54,0,698.4,162,97.53,6,Completed,DOCK-6,3,10
2026-05-06 13:00:00,OP001,Lucas Martin,A,Morning,55,0,655.4,110,97.63,4,Completed,DOCK-1,3,3
2026-05-06 13:00:00,OP010,Sarah Laurent,E,Morning,67,1,843.7,201,98.16,3,Cancelled,DOCK-2,5,8
2026-05-06 13:00:00,OP011,Adam Simon,A,Morning,56,0,799.1,56,96.97,4,Completed,DOCK-3,9,2
2026-05-06 13:00:00,OP015,Tom Roux,E,Morning,63,0,631.6,189,99.09,4,Completed,DOCK-7,9,4
2026-05-06 13:00:00,OP012,Camille Michel,B,Morning,50,1,564.3,50,98.39,4,Completed,DOCK-4,7,1
2026-05-06 13:00:00,OP017,Liam Girard,B,Morning,60,1,832.8,120,97.36,5,Cancelled,DOCK-1,3,3
2026-05-06 13:00:00,OP004,Chloe Thomas,D,Morning,67,2,791.4,134,98.68,3,Completed,DOCK-4,4,1
2026-05-06 13:00:00,OP005,Louis Robert,E,Morning,59,0,589.6,59,98.61,1,Completed,DOCK-5,11,8
2026-05-06 13:00:00,OP008,Lea Durand,C,Morning,57,0,791.7,57,96.8,4,Completed,DOCK-8,8,3
2026-05-06 13:00:00,OP009,Jules Moreau,D,Morning,54,0,659.3,108,97.78,8,Completed,DOCK-1,0,3
2026-05-06 13:00:00,OP002,Emma Bernard,B,Morning,66,1,847.3,132,98.1,5,Completed,DOCK-2,2,2
2026-05-06 14:00:00,OP005,Louis Robert,E,Afternoon,52,1,530.3,52,98.37,4,Completed,DOCK-5,6,9
2026-05-06 14:00:00,OP004,Chloe Thomas,D,Afternoon,67,0,802.5,134,98.5,8,Completed,DOCK-4,5,7
2026-05-06 14:00:00,OP002,Emma Bernard,B,Afternoon,50,1,591.7,100,98.61,1,Completed,DOCK-2,5,3
2026-05-06 14:00:00,OP003,Hugo Dubois,C,Afternoon,55,0,527.5,110,98.61,6,Completed,DOCK-3,9,6
2026-05-06 14:00:00,OP009,Jules Moreau,D,Afternoon,41,0,585.6,41,96.99,2,Completed,DOCK-1,0,0
2026-05-06 14:00:00,OP015,Tom Roux,E,Afternoon,55,1,676.8,110,99.08,3,Completed,DOCK-7,8,3
2026-05-06 14:00:00,OP008,Lea Durand,C,Afternoon,54,0,726.7,54,98.71,6,Completed,DOCK-8,11,1
2026-05-06 14:00:00,OP019,Noah Lambert,D,Afternoon,58,2,617.2,174,98.96,3,Delayed,DOCK-3,1,4
2026-05-06 15:00:00,OP015,Tom Roux,E,Afternoon,63,0,780.2,126,97.5,4,Completed,DOCK-7,10,3
2026-05-06 15:00:00,OP002,Emma Bernard,B,Afternoon,51,2,656.0,51,98.6,3,Completed,DOCK-2,10,10
2026-05-06 15:00:00,OP007,Nathan Petit,B,Afternoon,60,2,688.7,120,98.73,5,Completed,DOCK-7,0,3
2026-05-06 15:00:00,OP020,Mila Faure,E,Afternoon,40,2,381.7,80,98.77,4,Delayed,DOCK-4,3,0
2026-05-06 15:00:00,OP012,Camille Michel,B,Afternoon,45,1,449.5,45,98.98,1,Completed,DOCK-4,4,1
2026-05-06 15:00:00,OP004,Chloe Thomas,D,Afternoon,63,2,869.1,126,97.72,7,Completed,DOCK-4,6,3
2026-05-06 15:00:00,OP013,Raphael Lefebvre,C,Afternoon,24,0,300.0,48,97.4,2,Completed,DOCK-5,8,5
2026-05-06 15:00:00,OP005,Louis Robert,E,Afternoon,55,0,609.6,165,96.83,2,Completed,DOCK-5,7,7
2026-05-06 15:00:00,OP019,Noah Lambert,D,Afternoon,47,1,527.3,47,96.56,6,Completed,DOCK-3,10,6
2026-05-06 16:00:00,OP012,Camille Michel,B,Afternoon,48,1,629.6,144,97.57,3,Completed,DOCK-4,3,0
2026-05-06 16:00:00,OP002,Emma Bernard,B,Afternoon,66,1,596.7,66,96.88,3,Completed,DOCK-2,1,0
2026-05-06 16:00:00,OP005,Louis Robert,E,Afternoon,47,0,618.5,47,97.82,1,Completed,DOCK-5,2,7
2026-05-06 16:00:00,OP018,Lina Bonnet,C,Afternoon,55,0,764.6,165,98.26,5,Completed,DOCK-2,2,7
2026-05-06 16:00:00,OP007,Nathan Petit,B,Afternoon,63,1,688.7,126,98.49,7,Completed,DOCK-7,5,8
2026-05-06 16:00:00,OP017,Liam Girard,B,Afternoon,40,1,432.3,120,96.59,2,Completed,DOCK-1,8,6
2026-05-06 16:00:00,OP010,Sarah Laurent,E,Afternoon,52,0,597.8,52,98.81,5,Completed,DOCK-2,7,7
2026-05-06 16:00:00,OP013,Raphael Lefebvre,C,Afternoon,57,1,686.3,57,97.59,5,Completed,DOCK-5,8,8
2026-05-06 16:00:00,OP001,Lucas Martin,A,Afternoon,47,1,459.2,141,97.66,3,Cancelled,DOCK-1,2,9
2026-05-06 17:00:00,OP005,Louis Robert,E,Afternoon,63,1,615.1,126,97.38,7,Completed,DOCK-5,10,10
2026-05-06 17:00:00,OP016,Jade Fournier,A,Afternoon,51,0,524.5,153,98.5,5,Completed,DOCK-8,3,9
2026-05-06 17:00:00,OP007,Nathan Petit,B,Afternoon,53,1,562.5,106,97.83,7,Completed,DOCK-7,6,0
2026-05-06 17:00:00,OP006,Manon Richard,A,Afternoon,48,0,490.3,144,98.7,5,Completed,DOCK-6,10,10
2026-05-06 17:00:00,OP001,Lucas Martin,A,Afternoon,40,0,469.1,120,96.42,1,Completed,DOCK-1,7,10
2026-05-06 17:00:00,OP009,Jules Moreau,D,Afternoon,47,2,679.6,47,98.12,7,Completed,DOCK-1,11,3
2026-05-06 17:00:00,OP014,Ines Leroy,D,Afternoon,54,0,460.9,54,98.35,6,Completed,DOCK-6,0,5
2026-05-06 17:00:00,OP020,Mila Faure,E,Afternoon,40,0,549.0,40,98.5,5,Completed,DOCK-4,6,7
2026-05-06 17:00:00,OP013,Raphael Lefebvre,C,Afternoon,54,0,582.7,54,96.85,6,Completed,DOCK-5,0,0
2026-05-06 17:00:00,OP019,Noah Lambert,D,Afternoon,43,0,531.3,86,99.15,1,Completed,DOCK-3,3,5
2026-05-06 17:00:00,OP018,Lina Bonnet,C,Afternoon,56,0,803.7,112,99.82,8,Completed,DOCK-2,3,7
2026-05-06 17:00:00,OP010,Sarah Laurent,E,Afternoon,56,1,656.9,56,99.23,3,Delayed,DOCK-2,9,11
2026-05-06 17:00:00,OP017,Liam Girard,B,Afternoon,48,1,668.6,144,97.26,3,Delayed,DOCK-1,10,6
2026-05-06 17:00:00,OP015,Tom Roux,E,Afternoon,51,1,615.1,153,98.68,5,Completed,DOCK-7,8,10
2026-05-06 17:00:00,OP008,Lea Durand,C,Afternoon,57,0,597.5,114,97.91,1,Completed,DOCK-8,7,1
2026-05-06 18:00:00,OP018,Lina Bonnet,C,Afternoon,54,1,494.2,162,97.82,5,Completed,DOCK-2,7,0
2026-05-06 18:00:00,OP013,Raphael Lefebvre,C,Afternoon,47,0,634.8,94,97.18,1,Completed,DOCK-5,6,0
2026-05-06 18:00:00,OP008,Lea Durand,C,Afternoon,48,1,493.9,144,97.4,5,Completed,DOCK-8,3,2
2026-05-06 18:00:00,OP005,Louis Robert,E,Afternoon,50,1,549.4,150,97.71,2,Completed,DOCK-5,5,1
2026-05-06 18:00:00,OP010,Sarah Laurent,E,Afternoon,62,1,888.5,186,98.36,9,Delayed,DOCK-2,11,0
2026-05-06 18:00:00,OP001,Lucas Martin,A,Afternoon,40,1,371.6,40,96.31,1,Completed,DOCK-1,1,9
2026-05-06 18:00:00,OP011,Adam Simon,A,Afternoon,45,1,390.6,90,99.07,5,Completed,DOCK-3,3,6
2026-05-06 18:00:00,OP015,Tom Roux,E,Afternoon,64,1,786.1,192,98.26,4,Completed,DOCK-7,10,0
2026-05-06 18:00:00,OP009,Jules Moreau,D,Afternoon,40,0,473.0,40,97.75,1,Completed,DOCK-1,4,6
2026-05-06 18:00:00,OP019,Noah Lambert,D,Afternoon,50,0,706.8,50,96.21,6,Completed,DOCK-3,1,10
2026-05-06 18:00:00,OP020,Mila Faure,E,Afternoon,51,1,609.4,51,99.5,6,Completed,DOCK-4,5,4
2026-05-06 19:00:00,OP002,Emma Bernard,B,Afternoon,48,0,488.6,144,98.47,1,Completed,DOCK-2,6,2
2026-05-06 19:00:00,OP007,Nathan Petit,B,Afternoon,57,0,658.0,114,98.07,2,Completed,DOCK-7,1,2
2026-05-06 19:00:00,OP017,Liam Girard,B,Afternoon,56,1,705.9,56,97.26,2,Completed,DOCK-1,6,2
2026-05-06 19:00:00,OP010,Sarah Laurent,E,Afternoon,48,0,538.7,144,97.47,2,Completed,DOCK-2,11,10
2026-05-06 19:00:00,OP009,Jules Moreau,D,Afternoon,49,1,594.4,147,98.17,4,Completed,DOCK-1,5,9
2026-05-06 19:00:00,OP019,Noah Lambert,D,Afternoon,47,3,600.9,47,97.61,3,Completed,DOCK-3,7,8
2026-05-06 19:00:00,OP003,Hugo Dubois,C,Afternoon,55,1,737.6,165,97.54,6,Completed,DOCK-3,2,0
2026-05-06 19:00:00,OP008,Lea Durand,C,Afternoon,41,0,402.6,41,96.94,3,Completed,DOCK-8,6,8
2026-05-06 19:00:00,OP016,Jade Fournier,A,Afternoon,50,1,594.6,50,97.39,5,Completed,DOCK-8,8,7
2026-05-06 19:00:00,OP011,Adam Simon,A,Afternoon,50,1,697.9,100,97.52,6,Completed,DOCK-3,4,0
2026-05-06 19:00:00,OP012,Camille Michel,B,Afternoon,45,0,604.1,90,95.77,3,Completed,DOCK-4,10,0
2026-05-06 20:00:00,OP015,Tom Roux,E,Afternoon,55,0,735.3,110,98.59,6,Completed,DOCK-7,4,6
2026-05-06 20:00:00,OP006,Manon Richard,A,Afternoon,49,1,465.1,49,99.69,3,Completed,DOCK-6,1,10
2026-05-06 20:00:00,OP010,Sarah Laurent,E,Afternoon,45,0,551.1,45,98.29,3,Delayed,DOCK-2,2,7
2026-05-06 20:00:00,OP014,Ines Leroy,D,Afternoon,46,0,559.5,46,98.08,1,Completed,DOCK-6,8,6
2026-05-06 20:00:00,OP008,Lea Durand,C,Afternoon,57,0,626.9,114,97.2,3,Completed,DOCK-8,5,3
2026-05-06 20:00:00,OP004,Chloe Thomas,D,Afternoon,55,1,578.8,165,98.41,3,Completed,DOCK-4,11,10
2026-05-06 20:00:00,OP002,Emma Bernard,B,Afternoon,55,1,684.9,110,98.58,4,Delayed,DOCK-2,0,11
2026-05-06 20:00:00,OP007,Nathan Petit,B,Afternoon,51,0,587.3,51,98.54,4,Completed,DOCK-7,9,7
2026-05-06 20:00:00,OP017,Liam Girard,B,Afternoon,46,0,424.4,46,98.54,9,Completed,DOCK-1,11,3
2026-05-06 21:00:00,OP012,Camille Michel,B,Afternoon,51,3,707.6,102,97.84,6,Completed,DOCK-4,0,3
2026-05-06 21:00:00,OP003,Hugo Dubois,C,Afternoon,40,1,399.9,120,98.78,4,Completed,DOCK-3,1,0
2026-05-06 21:00:00,OP006,Manon Richard,A,Afternoon,45,2,500.6,45,97.92,3,Completed,DOCK-6,2,11
2026-05-06 21:00:00,OP014,Ines Leroy,D,Afternoon,40,1,566.8,40,96.89,3,Completed,DOCK-6,2,0
2026-05-06 21:00:00,OP005,Louis Robert,E,Afternoon,42,0,494.3,84,97.15,1,Completed,DOCK-5,0,5
2026-05-06 21:00:00,OP008,Lea Durand,C,Afternoon,53,1,644.0,159,97.9,5,Completed,DOCK-8,6,4
2026-05-06 21:00:00,OP010,Sarah Laurent,E,Afternoon,48,0,532.1,96,98.24,6,Completed,DOCK-2,2,3
2026-05-06 21:00:00,OP007,Nathan Petit,B,Afternoon,57,1,773.6,57,98.71,9,Completed,DOCK-7,4,5
2026-05-06 21:00:00,OP013,Raphael Lefebvre,C,Afternoon,47,1,560.1,47,98.0,4,Delayed,DOCK-5,11,6
2026-05-06 22:00:00,OP016,Jade Fournier,A,Night,36,2,450.8,72,98.7,4,Completed,DOCK-8,4,0
2026-05-06 22:00:00,OP007,Nathan Petit,B,Night,47,0,607.7,94,99.33,5,Completed,DOCK-7,8,1
2026-05-06 22:00:00,OP020,Mila Faure,E,Night,28,2,291.4,84,97.78,4,Delayed,DOCK-4,5,8
2026-05-06 22:00:00,OP012,Camille Michel,B,Night,35,0,465.4,105,97.28,3,Completed,DOCK-4,4,9
2026-05-06 22:00:00,OP006,Manon Richard,A,Night,37,0,377.2,37,96.94,3,Completed,DOCK-6,6,8
2026-05-06 22:00:00,OP005,Louis Robert,E,Night,41,1,564.7,41,98.47,3,Completed,DOCK-5,0,6
2026-05-06 22:00:00,OP017,Liam Girard,B,Night,25,1,345.2,25,98.55,4,Completed,DOCK-1,7,1
2026-05-06 22:00:00,OP019,Noah Lambert,D,Night,32,0,427.1,32,98.43,4,Completed,DOCK-3,1,2
2026-05-06 22:00:00,OP013,Raphael Lefebvre,C,Night,31,0,408.5,31,97.08,1,Completed,DOCK-5,7,4
2026-05-06 22:00:00,OP004,Chloe Thomas,D,Night,45,0,565.4,135,98.64,4,Completed,DOCK-4,8,3
2026-05-06 22:00:00,OP003,Hugo Dubois,C,Night,40,0,371.5,80,98.33,1,Delayed,DOCK-3,11,4
2026-05-06 22:00:00,OP008,Lea Durand,C,Night,32,0,284.7,32,98.01,3,Completed,DOCK-8,1,3
2026-05-06 23:00:00,OP011,Adam Simon,A,Night,39,0,480.5,39,98.4,4,Delayed,DOCK-3,6,1
2026-05-06 23:00:00,OP014,Ines Leroy,D,Night,32,0,436.5,96,97.45,5,Completed,DOCK-6,8,11
2026-05-06 23:00:00,OP002,Emma Bernard,B,Night,44,2,593.6,132,98.11,6,Completed,DOCK-2,4,7
2026-05-06 23:00:00,OP001,Lucas Martin,A,Night,29,0,354.8,29,97.02,1,Completed,DOCK-1,8,11
2026-05-06 23:00:00,OP015,Tom Roux,E,Night,45,1,566.0,135,98.33,6,Cancelled,DOCK-7,5,5
2026-05-06 23:00:00,OP009,Jules Moreau,D,Night,25,0,244.0,25,96.75,1,Completed,DOCK-1,3,5
2026-05-06 23:00:00,OP016,Jade Fournier,A,Night,37,1,535.6,74,97.54,1,Completed,DOCK-8,9,10
2026-05-06 23:00:00,OP004,Chloe Thomas,D,Night,41,1,445.8,123,98.8,2,Delayed,DOCK-4,0,5
2026-05-06 23:00:00,OP003,Hugo Dubois,C,Night,35,0,398.2,70,98.55,3,Completed,DOCK-3,3,6
2026-05-06 23:00:00,OP019,Noah Lambert,D,Night,43,0,560.0,43,98.71,5,Completed,DOCK-3,7,2
2026-05-06 23:00:00,OP008,Lea Durand,C,Night,42,0,387.4,42,97.68,2,Delayed,DOCK-8,9,3
2026-05-06 23:00:00,OP017,Liam Girard,B,Night,36,1,505.7,108,96.49,1,Completed,DOCK-1,8,4
2026-05-06 23:00:00,OP007,Nathan Petit,B,Night,41,1,353.5,82,98.48,3,Completed,DOCK-7,9,8
2026-05-06 23:00:00,OP005,Louis Robert,E,Night,42,0,382.4,84,96.83,7,Completed,DOCK-5,11,5
2026-05-06 23:00:00,OP013,Raphael Lefebvre,C,Night,42,2,547.4,126,98.71,1,Completed,DOCK-5,4,1
2026-05-07 00:00:00,OP016,Jade Fournier,A,Night,22,0,248.7,22,98.7,1,Completed,DOCK-8,9,1
2026-05-07 00:00:00,OP015,Tom Roux,E,Night,38,0,531.5,76,98.2,2,Completed,DOCK-7,1,3
2026-05-07 00:00:00,OP010,Sarah Laurent,E,Night,48,2,512.4,48,99.39,4,Completed,DOCK-2,7,4
2026-05-07 00:00:00,OP006,Manon Richard,A,Night,38,1,383.0,38,97.77,2,Completed,DOCK-6,2,7
2026-05-07 00:00:00,OP013,Raphael Lefebvre,C,Night,40,2,416.3,80,97.02,2,Completed,DOCK-5,7,6
2026-05-07 00:00:00,OP004,Chloe Thomas,D,Night,40,1,402.0,40,98.67,4,Completed,DOCK-4,9,2
2026-05-07 00:00:00,OP011,Adam Simon,A,Night,35,1,411.8,35,97.77,3,Completed,DOCK-3,5,1
2026-05-07 00:00:00,OP017,Liam Girard,B,Night,26,0,235.9,78,97.22,2,Completed,DOCK-1,6,10
2026-05-07 00:00:00,OP018,Lina Bonnet,C,Night,37,1,398.8,74,96.9,2,Completed,DOCK-2,3,2
2026-05-07 00:00:00,OP002,Emma Bernard,B,Night,47,1,544.6,141,97.75,1,Completed,DOCK-2,1,10
2026-05-07 00:00:00,OP007,Nathan Petit,B,Night,40,0,394.3,80,98.82,1,Completed,DOCK-7,3,9
2026-05-07 00:00:00,OP012,Camille Michel,B,Night,34,0,345.3,34,98.81,2,Completed,DOCK-4,5,6
2026-05-07 01:00:00,OP020,Mila Faure,E,Night,31,0,307.7,93,97.68,2,Completed,DOCK-4,6,5
2026-05-07 01:00:00,OP007,Nathan Petit,B,Night,47,1,556.8,141,99.19,1,Delayed,DOCK-7,9,8
2026-05-07 01:00:00,OP011,Adam Simon,A,Night,34,0,318.0,34,97.21,4,Completed,DOCK-3,9,3
2026-05-07 01:00:00,OP015,Tom Roux,E,Night,47,0,452.9,94,98.39,4,Completed,DOCK-7,9,3
2026-05-07 01:00:00,OP012,Camille Michel,B,Night,32,1,373.9,96,96.56,2,Delayed,DOCK-4,9,0
2026-05-07 01:00:00,OP013,Raphael Lefebvre,C,Night,38,0,497.0,38,97.72,3,Completed,DOCK-5,5,11
2026-05-07 01:00:00,OP006,Manon Richard,A,Night,27,0,276.9,81,96.74,4,Cancelled,DOCK-6,7,5
2026-05-07 01:00:00,OP002,Emma Bernard,B,Night,45,0,457.3,45,97.4,2,Completed,DOCK-2,8,6
2026-05-07 01:00:00,OP009,Jules Moreau,D,Night,46,0,413.3,46,97.57,6,Completed,DOCK-1,6,10
2026-05-07 01:00:00,OP014,Ines Leroy,D,Night,35,0,446.5,70,96.94,1,Completed,DOCK-6,11,2
2026-05-07 01:00:00,OP018,Lina Bonnet,C,Night,39,0,444.5,78,99.4,5,Completed,DOCK-2,2,0
2026-05-07 01:00:00,OP010,Sarah Laurent,E,Night,49,0,574.8,147,98.34,5,Completed,DOCK-2,11,2
2026-05-07 01:00:00,OP005,Louis Robert,E,Night,39,0,556.6,78,99.49,4,Completed,DOCK-5,10,2
2026-05-07 01:00:00,OP019,Noah Lambert,D,Night,39,1,360.6,39,97.22,6,Completed,DOCK-3,8,10
2026-05-07 01:00:00,OP008,Lea Durand,C,Night,35,0,470.9,105,97.65,2,Delayed,DOCK-8,5,8
2026-05-07 02:00:00,OP005,Louis Robert,E,Night,41,1,487.8,82,98.48,5,Delayed,DOCK-5,7,9
2026-05-07 02:00:00,OP003,Hugo Dubois,C,Night,36,0,342.7,108,97.65,3,Completed,DOCK-3,2,4
2026-05-07 02:00:00,OP011,Adam Simon,A,Night,35,0,500.7,70,98.22,1,Completed,DOCK-3,6,4
2026-05-07 02:00:00,OP014,Ines Leroy,D,Night,29,0,277.5,58,98.18,4,Completed,DOCK-6,2,5
2026-05-07 02:00:00,OP018,Lina Bonnet,C,Night,38,0,419.0,38,99.09,2,Completed,DOCK-2,3,4
2026-05-07 02:00:00,OP007,Nathan Petit,B,Night,32,1,305.4,64,96.79,6,Completed,DOCK-7,4,4
2026-05-07 02:00:00,OP016,Jade Fournier,A,Night,35,0,465.8,105,97.21,4,Completed,DOCK-8,4,1
2026-05-07 02:00:00,OP002,Emma Bernard,B,Night,38,0,546.6,38,99.44,5,Completed,DOCK-2,5,3
2026-05-07 02:00:00,OP017,Liam Girard,B,Night,29,0,371.0,29,99.03,3,Completed,DOCK-1,9,11
2026-05-07 02:00:00,OP015,Tom Roux,E,Night,32,0,410.8,64,98.02,3,Completed,DOCK-7,5,1
2026-05-07 02:00:00,OP004,Chloe Thomas,D,Night,43,0,399.2,129,99.34,4,Completed,DOCK-4,6,7
2026-05-07 02:00:00,OP001,Lucas Martin,A,Night,33,0,375.4,33,97.59,1,Completed,DOCK-1,3,7
2026-05-07 03:00:00,OP011,Adam Simon,A,Night,33,0,399.7,99,97.74,3,Completed,DOCK-3,0,9
2026-05-07 03:00:00,OP008,Lea Durand,C,Night,34,0,476.5,34,98.7,2,Completed,DOCK-8,11,4
2026-05-07 03:00:00,OP014,Ines Leroy,D,Night,30,0,293.5,30,98.15,4,Completed,DOCK-6,5,6
2026-05-07 03:00:00,OP004,Chloe Thomas,D,Night,45,0,510.4,135,99.74,6,Completed,DOCK-4,1,8
2026-05-07 03:00:00,OP015,Tom Roux,E,Night,34,0,477.1,34,99.11,3,Completed,DOCK-7,8,10
2026-05-07 03:00:00,OP010,Sarah Laurent,E,Night,33,1,314.0,99,98.12,4,Completed,DOCK-2,0,2
2026-05-07 03:00:00,OP019,Noah Lambert,D,Night,38,0,432.1,76,97.24,4,Completed,DOCK-3,7,2
2026-05-07 03:00:00,OP001,Lucas Martin,A,Night,34,1,412.0,102,97.02,1,Delayed,DOCK-1,8,8
2026-05-07 03:00:00,OP007,Nathan Petit,B,Night,28,0,364.1,28,97.96,5,Completed,DOCK-7,6,11
2026-05-07 03:00:00,OP009,Jules Moreau,D,Night,25,0,268.7,25,98.15,3,Completed,DOCK-1,9,3
2026-05-07 03:00:00,OP016,Jade Fournier,A,Night,38,1,478.1,38,98.95,4,Completed,DOCK-8,0,11
2026-05-07 04:00:00,OP010,Sarah Laurent,E,Night,40,1,554.7,40,99.21,5,Completed,DOCK-2,7,9
2026-05-07 04:00:00,OP005,Louis Robert,E,Night,38,2,483.4,114,96.78,2,Completed,DOCK-5,8,8
2026-05-07 04:00:00,OP014,Ines Leroy,D,Night,31,0,280.4,62,97.96,4,Cancelled,DOCK-6,11,0
2026-05-07 04:00:00,OP008,Lea Durand,C,Night,33,0,370.5,99,98.78,3,Completed,DOCK-8,10,6
2026-05-07 04:00:00,OP015,Tom Roux,E,Night,32,0,304.3,32,99.01,6,Completed,DOCK-7,8,9
2026-05-07 04:00:00,OP016,Jade Fournier,A,Night,29,0,409.1,87,98.8,4,Completed,DOCK-8,7,1
2026-05-07 04:00:00,OP002,Emma Bernard,B,Night,44,0,611.0,132,98.62,2,Completed,DOCK-2,10,3
2026-05-07 04:00:00,OP006,Manon Richard,A,Night,32,0,339.6,64,97.69,3,Completed,DOCK-6,0,7
2026-05-07 05:00:00,OP009,Jules Moreau,D,Night,25,1,326.8,25,98.01,2,Completed,DOCK-1,1,4
2026-05-07 05:00:00,OP017,Liam Girard,B,Night,32,0,397.7,96,97.0,5,Delayed,DOCK-1,8,8
2026-05-07 05:00:00,OP018,Lina Bonnet,C,Night,39,0,364.7,39,98.53,4,Completed,DOCK-2,9,6
2026-05-07 05:00:00,OP011,Adam Simon,A,Night,33,1,458.6,33,98.67,3,Completed,DOCK-3,2,4
2026-05-07 05:00:00,OP007,Nathan Petit,B,Night,36,0,517.0,36,97.51,7,Completed,DOCK-7,9,8
2026-05-07 05:00:00,OP019,Noah Lambert,D,Night,34,0,308.3,34,98.84,6,Completed,DOCK-3,11,6
2026-05-07 05:00:00,OP005,Louis Robert,E,Night,28,0,288.0,56,98.38,1,Delayed,DOCK-5,4,8
2026-05-07 05:00:00,OP013,Raphael Lefebvre,C,Night,38,2,386.4,76,99.1,4,Completed,DOCK-5,5,7
2026-05-07 05:00:00,OP015,Tom Roux,E,Night,35,1,330.5,105,98.45,6,Completed,DOCK-7,6,11
2026-05-07 05:00:00,OP008,Lea Durand,C,Night,44,0,623.0,44,98.71,6,Completed,DOCK-8,1,4
2026-05-07 05:00:00,OP002,Emma Bernard,B,Night,35,0,445.3,105,97.95,3,Completed,DOCK-2,0,8
2026-05-07 05:00:00,OP016,Jade Fournier,A,Night,33,0,302.6,66,98.88,6,Completed,DOCK-8,0,9
2026-05-07 05:00:00,OP020,Mila Faure,E,Night,33,1,410.2,99,97.33,6,Completed,DOCK-4,11,5
2026-05-07 05:00:00,OP006,Manon Richard,A,Night,30,1,314.5,90,97.8,2,Completed,DOCK-6,0,8
2026-05-07 06:00:00,OP009,Jules Moreau,D,Morning,65,1,923.1,130,97.99,6,Completed,DOCK-1,3,2
2026-05-07 06:00:00,OP004,Chloe Thomas,D,Morning,68,0,941.9,68,99.37,9,Delayed,DOCK-4,5,4
2026-05-07 06:00:00,OP010,Sarah Laurent,E,Morning,72,2,1027.4,216,98.27,8,Completed,DOCK-2,5,9
2026-05-07 06:00:00,OP011,Adam Simon,A,Morning,58,1,678.1,116,97.48,4,Completed,DOCK-3,10,10
2026-05-07 06:00:00,OP001,Lucas Martin,A,Morning,55,0,612.0,165,97.39,5,Completed,DOCK-1,11,6
2026-05-07 06:00:00,OP020,Mila Faure,E,Morning,62,1,722.9,124,96.37,3,Completed,DOCK-4,5,9
2026-05-07 06:00:00,OP017,Liam Girard,B,Morning,57,0,658.7,171,97.53,2,Cancelled,DOCK-1,7,5
2026-05-07 06:00:00,OP013,Raphael Lefebvre,C,Morning,64,0,681.8,64,97.09,8,Completed,DOCK-5,4,2
2026-05-07 06:00:00,OP014,Ines Leroy,D,Morning,71,0,735.9,71,98.02,9,Completed,DOCK-6,3,4
2026-05-07 06:00:00,OP012,Camille Michel,B,Morning,58,0,622.4,174,96.3,4,Completed,DOCK-4,5,8
2026-05-07 06:00:00,OP006,Manon Richard,A,Morning,53,0,768.2,106,98.24,6,Completed,DOCK-6,2,6
2026-05-07 07:00:00,OP006,Manon Richard,A,Morning,50,0,491.8,150,97.79,3,Completed,DOCK-6,7,7
2026-05-07 07:00:00,OP013,Raphael Lefebvre,C,Morning,69,1,764.5,207,99.86,5,Completed,DOCK-5,6,3
2026-05-07 07:00:00,OP012,Camille Michel,B,Morning,57,2,666.2,57,97.9,2,Completed,DOCK-4,10,8
2026-05-07 07:00:00,OP002,Emma Bernard,B,Morning,73,0,698.8,219,98.84,6,Completed,DOCK-2,3,11
2026-05-07 07:00:00,OP015,Tom Roux,E,Morning,63,0,902.0,189,98.08,8,Completed,DOCK-7,1,7
2026-05-07 07:00:00,OP016,Jade Fournier,A,Morning,68,0,843.1,136,98.44,11,Completed,DOCK-8,10,3
2026-05-07 07:00:00,OP007,Nathan Petit,B,Morning,69,1,976.2,207,99.07,8,Cancelled,DOCK-7,4,6
2026-05-07 07:00:00,OP008,Lea Durand,C,Morning,70,0,883.4,70,99.13,5,Completed,DOCK-8,8,8
2026-05-07 08:00:00,OP014,Ines Leroy,D,Morning,56,0,531.6,168,97.62,7,Cancelled,DOCK-6,2,2
2026-05-07 08:00:00,OP020,Mila Faure,E,Morning,65,0,560.2,195,98.42,8,Completed,DOCK-4,11,0
2026-05-07 08:00:00,OP001,Lucas Martin,A,Morning,52,0,504.1,52,97.67,6,Completed,DOCK-1,3,10
2026-05-07 08:00:00,OP009,Jules Moreau,D,Morning,60,0,615.1,120,97.27,3,Completed,DOCK-1,2,10
2026-05-07 08:00:00,OP019,Noah Lambert,D,Morning,65,0,579.9,65,98.06,9,Completed,DOCK-3,11,5
2026-05-07 08:00:00,OP006,Manon Richard,A,Morning,57,1,618.0,57,98.53,4,Completed,DOCK-6,0,8
2026-05-07 08:00:00,OP017,Liam Girard,B,Morning,61,1,682.8,122,98.96,2,Completed,DOCK-1,0,2
2026-05-07 08:00:00,OP015,Tom Roux,E,Morning,69,1,768.3,69,97.66,6,Completed,DOCK-7,2,1
2026-05-07 09:00:00,OP017,Liam Girard,B,Morning,55,1,725.4,110,97.72,4,Completed,DOCK-1,0,7
2026-05-07 09:00:00,OP003,Hugo Dubois,C,Morning,57,0,697.9,171,97.71,6,Completed,DOCK-3,2,5
2026-05-07 09:00:00,OP009,Jules Moreau,D,Morning,54,2,576.1,108,96.9,8,Completed,DOCK-1,1,6
2026-05-07 09:00:00,OP008,Lea Durand,C,Morning,55,0,602.4,110,97.57,5,Completed,DOCK-8,2,9
2026-05-07 09:00:00,OP016,Jade Fournier,A,Morning,60,1,706.4,180,98.06,2,Completed,DOCK-8,0,0
2026-05-07 09:00:00,OP005,Louis Robert,E,Morning,69,0,949.8,207,97.78,6,Completed,DOCK-5,6,3
2026-05-07 09:00:00,OP018,Lina Bonnet,C,Morning,72,1,734.1,72,98.32,9,Completed,DOCK-2,3,8
2026-05-07 09:00:00,OP001,Lucas Martin,A,Morning,50,2,491.8,150,97.91,3,Completed,DOCK-1,9,4
2026-05-07 09:00:00,OP006,Manon Richard,A,Morning,64,1,790.0,64,98.61,4,Completed,DOCK-6,9,3
2026-05-07 09:00:00,OP010,Sarah Laurent,E,Morning,67,0,837.3,201,96.48,6,Completed,DOCK-2,1,9
2026-05-07 10:00:00,OP009,Jules Moreau,D,Morning,50,1,443.9,100,97.94,1,Completed,DOCK-1,8,9
2026-05-07 10:00:00,OP010,Sarah Laurent,E,Morning,69,0,590.9,138,97.17,8,Completed,DOCK-2,5,10
2026-05-07 10:00:00,OP019,Noah Lambert,D,Morning,65,0,571.3,195,98.08,5,Cancelled,DOCK-3,3,7
2026-05-07 10:00:00,OP012,Camille Michel,B,Morning,53,1,587.9,159,97.43,5,Completed,DOCK-4,3,9
2026-05-07 10:00:00,OP004,Chloe Thomas,D,Morning,71,2,667.6,71,97.43,6,Completed,DOCK-4,2,9
2026-05-07 10:00:00,OP007,Nathan Petit,B,Morning,57,3,575.1,114,97.46,5,Completed,DOCK-7,8,5
2026-05-07 10:00:00,OP013,Raphael Lefebvre,C,Morning,64,0,648.1,64,96.71,7,Completed,DOCK-5,3,3
2026-05-07 10:00:00,OP003,Hugo Dubois,C,Morning,50,0,654.5,150,98.21,2,Completed,DOCK-3,2,8
2026-05-07 10:00:00,OP017,Liam Girard,B,Morning,61,0,756.9,122,97.11,5,Completed,DOCK-1,7,11
2026-05-07 10:00:00,OP014,Ines Leroy,D,Morning,65,0,805.5,195,97.73,8,Delayed,DOCK-6,6,7
2026-05-07 10:00:00,OP020,Mila Faure,E,Morning,68,0,842.8,68,97.67,5,Completed,DOCK-4,1,10
2026-05-07 10:00:00,OP016,Jade Fournier,A,Morning,56,0,634.4,56,98.75,4,Completed,DOCK-8,1,10
2026-05-07 10:00:00,OP011,Adam Simon,A,Morning,58,0,617.7,116,98.45,4,Completed,DOCK-3,8,7
2026-05-07 10:00:00,OP008,Lea Durand,C,Morning,60,2,542.8,180,98.17,3,Completed,DOCK-8,2,11
2026-05-07 11:00:00,OP012,Camille Michel,B,Morning,52,0,725.5,52,98.9,3,Completed,DOCK-4,11,1
2026-05-07 11:00:00,OP009,Jules Moreau,D,Morning,55,2,775.4,55,98.48,1,Completed,DOCK-1,6,2
2026-05-07 11:00:00,OP019,Noah Lambert,D,Morning,61,0,879.9,61,97.05,5,Completed,DOCK-3,1,10
2026-05-07 11:00:00,OP017,Liam Girard,B,Morning,60,1,556.9,180,98.26,7,Completed,DOCK-1,7,0
2026-05-07 11:00:00,OP010,Sarah Laurent,E,Morning,64,1,549.5,192,98.7,5,Completed,DOCK-2,9,8
2026-05-07 11:00:00,OP013,Raphael Lefebvre,C,Morning,71,0,707.9,142,97.6,5,Completed,DOCK-5,7,7
2026-05-07 11:00:00,OP020,Mila Faure,E,Morning,55,0,493.9,110,97.33,3,Completed,DOCK-4,7,5
2026-05-07 11:00:00,OP008,Lea Durand,C,Morning,61,0,567.2,183,99.33,2,Completed,DOCK-8,9,1
2026-05-07 11:00:00,OP015,Tom Roux,E,Morning,72,0,955.3,216,98.6,12,Delayed,DOCK-7,10,8
2026-05-07 11:00:00,OP003,Hugo Dubois,C,Morning,61,0,731.5,122,98.22,9,Completed,DOCK-3,6,1
2026-05-07 11:00:00,OP001,Lucas Martin,A,Morning,55,1,523.0,55,96.19,6,Completed,DOCK-1,8,5
2026-05-07 11:00:00,OP011,Adam Simon,A,Morning,65,1,873.1,65,99.28,5,Completed,DOCK-3,5,5
2026-05-07 12:00:00,OP020,Mila Faure,E,Morning,61,1,747.4,183,96.26,12,Completed,DOCK-4,8,2
2026-05-07 12:00:00,OP006,Manon Richard,A,Morning,61,2,637.6,183,97.81,5,Completed,DOCK-6,3,8
2026-05-07 12:00:00,OP012,Camille Michel,B,Morning,59,2,624.0,59,96.77,3,Completed,DOCK-4,3,9
2026-05-07 12:00:00,OP003,Hugo Dubois,C,Morning,59,1,635.8,177,98.86,6,Completed,DOCK-3,10,8
2026-05-07 12:00:00,OP002,Emma Bernard,B,Morning,62,1,821.0,62,97.98,9,Completed,DOCK-2,6,2
2026-05-07 12:00:00,OP009,Jules Moreau,D,Morning,59,1,704.7,118,96.6,4,Completed,DOCK-1,8,6
2026-05-07 12:00:00,OP008,Lea Durand,C,Morning,73,0,642.5,219,97.19,10,Completed,DOCK-8,1,0
2026-05-07 12:00:00,OP013,Raphael Lefebvre,C,Morning,70,1,728.9,70,96.3,3,Completed,DOCK-5,1,4
2026-05-07 12:00:00,OP018,Lina Bonnet,C,Morning,54,0,480.2,54,98.39,6,Cancelled,DOCK-2,1,11
2026-05-07 12:00:00,OP017,Liam Girard,B,Morning,55,1,728.4,110,98.96,7,Completed,DOCK-1,3,2
2026-05-07 13:00:00,OP007,Nathan Petit,B,Morning,58,0,654.7,116,99.78,6,Completed,DOCK-7,3,9
2026-05-07 13:00:00,OP003,Hugo Dubois,C,Morning,71,0,640.6,142,98.27,3,Completed,DOCK-3,5,4
2026-05-07 13:00:00,OP004,Chloe Thomas,D,Morning,75,1,706.8,225,98.93,3,Completed,DOCK-4,1,5
2026-05-07 13:00:00,OP008,Lea Durand,C,Morning,63,0,894.9,126,98.92,4,Completed,DOCK-8,8,10
2026-05-07 13:00:00,OP005,Louis Robert,E,Morning,56,0,513.6,112,98.07,8,Completed,DOCK-5,9,10
2026-05-07 13:00:00,OP015,Tom Roux,E,Morning,82,2,871.6,246,98.55,4,Completed,DOCK-7,0,9
2026-05-07 13:00:00,OP013,Raphael Lefebvre,C,Morning,65,2,750.7,195,97.71,6,Completed,DOCK-5,7,7
2026-05-07 13:00:00,OP011,Adam Simon,A,Morning,56,0,575.8,112,98.42,4,Completed,DOCK-3,4,7
2026-05-07 13:00:00,OP010,Sarah Laurent,E,Morning,63,0,684.6,63,97.9,4,Completed,DOCK-2,8,5
2026-05-07 13:00:00,OP009,Jules Moreau,D,Morning,50,0,470.5,100,98.19,10,Completed,DOCK-1,11,1
2026-05-07 13:00:00,OP002,Emma Bernard,B,Morning,55,0,731.9,110,97.31,6,Completed,DOCK-2,10,11
2026-05-07 13:00:00,OP019,Noah Lambert,D,Morning,69,0,588.7,207,97.96,4,Completed,DOCK-3,4,7
2026-05-07 13:00:00,OP017,Liam Girard,B,Morning,57,1,581.4,114,97.67,3,Completed,DOCK-1,5,7
2026-05-07 13:00:00,OP001,Lucas Martin,A,Morning,51,1,497.8,51,96.34,4,Completed,DOCK-1,2,6
2026-05-07 14:00:00,OP014,Ines Leroy,D,Afternoon,48,0,663.1,48,97.55,3,Completed,DOCK-6,4,7
2026-05-07 14:00:00,OP007,Nathan Petit,B,Afternoon,59,1,544.2,118,97.42,4,Completed,DOCK-7,8,2
2026-05-07 14:00:00,OP016,Jade Fournier,A,Afternoon,51,0,657.2,102,99.9,4,Completed,DOCK-8,7,5
2026-05-07 14:00:00,OP015,Tom Roux,E,Afternoon,60,0,590.8,120,97.77,5,Completed,DOCK-7,7,7
2026-05-07 14:00:00,OP004,Chloe Thomas,D,Afternoon,53,1,618.5,159,98.1,7,Completed,DOCK-4,8,9
2026-05-07 14:00:00,OP012,Camille Michel,B,Afternoon,50,3,433.6,100,97.56,2,Completed,DOCK-4,10,9
2026-05-07 14:00:00,OP011,Adam Simon,A,Afternoon,48,1,492.2,96,97.68,3,Cancelled,DOCK-3,2,11
2026-05-07 14:00:00,OP013,Raphael Lefebvre,C,Afternoon,58,0,671.5,116,97.15,5,Completed,DOCK-5,10,8
2026-05-07 15:00:00,OP005,Louis Robert,E,Afternoon,48,2,589.3,144,97.82,1,Completed,DOCK-5,9,11
2026-05-07 15:00:00,OP019,Noah Lambert,D,Afternoon,47,0,406.9,94,99.06,5,Completed,DOCK-3,8,0
2026-05-07 15:00:00,OP012,Camille Michel,B,Afternoon,47,1,590.3,141,96.42,2,Completed,DOCK-4,11,1
2026-05-07 15:00:00,OP009,Jules Moreau,D,Afternoon,47,0,555.6,94,97.46,5,Completed,DOCK-1,4,3
2026-05-07 15:00:00,OP006,Manon Richard,A,Afternoon,53,0,516.2,159,98.56,1,Completed,DOCK-6,7,10
2026-05-07 15:00:00,OP016,Jade Fournier,A,Afternoon,52,1,556.2,52,97.91,6,Completed,DOCK-8,8,6
2026-05-07 15:00:00,OP003,Hugo Dubois,C,Afternoon,56,0,639.2,168,97.86,4,Completed,DOCK-3,2,1
2026-05-07 15:00:00,OP014,Ines Leroy,D,Afternoon,50,1,687.3,150,98.11,5,Completed,DOCK-6,4,2
2026-05-07 15:00:00,OP020,Mila Faure,E,Afternoon,45,1,536.5,90,96.42,1,Completed,DOCK-4,11,1
2026-05-07 15:00:00,OP011,Adam Simon,A,Afternoon,50,1,628.3,50,97.86,4,Completed,DOCK-3,10,5
2026-05-07 15:00:00,OP001,Lucas Martin,A,Afternoon,47,1,622.2,94,95.58,4,Completed,DOCK-1,11,9
2026-05-07 15:00:00,OP007,Nathan Petit,B,Afternoon,53,0,528.2,106,98.59,4,Completed,DOCK-7,1,0
2026-05-07 15:00:00,OP002,Emma Bernard,B,Afternoon,56,1,775.4,112,98.69,8,Completed,DOCK-2,3,5
2026-05-07 15:00:00,OP018,Lina Bonnet,C,Afternoon,52,1,517.6,156,97.54,1,Completed,DOCK-2,11,9
2026-05-07 16:00:00,OP003,Hugo Dubois,C,Afternoon,51,0,531.6,153,97.86,6,Completed,DOCK-3,8,7
2026-05-07 16:00:00,OP018,Lina Bonnet,C,Afternoon,54,0,508.4,54,98.71,2,Completed,DOCK-2,1,2
2026-05-07 16:00:00,OP002,Emma Bernard,B,Afternoon,50,0,480.4,100,98.48,3,Completed,DOCK-2,10,5
2026-05-07 16:00:00,OP012,Camille Michel,B,Afternoon,50,1,628.3,50,97.19,3,Completed,DOCK-4,5,8
2026-05-07 16:00:00,OP006,Manon Richard,A,Afternoon,56,1,703.7,168,97.14,2,Delayed,DOCK-6,11,9
2026-05-07 16:00:00,OP011,Adam Simon,A,Afternoon,51,0,647.9,153,97.46,5,Completed,DOCK-3,3,3
2026-05-07 16:00:00,OP007,Nathan Petit,B,Afternoon,55,0,496.3,165,97.99,2,Completed,DOCK-7,4,1
2026-05-07 16:00:00,OP016,Jade Fournier,A,Afternoon,49,0,491.1,98,97.38,4,Completed,DOCK-8,1,8
2026-05-07 17:00:00,OP010,Sarah Laurent,E,Afternoon,56,2,493.5,112,98.57,3,Completed,DOCK-2,8,2
2026-05-07 17:00:00,OP009,Jules Moreau,D,Afternoon,40,0,371.1,80,97.33,5,Completed,DOCK-1,8,2
2026-05-07 17:00:00,OP008,Lea Durand,C,Afternoon,52,0,605.0,104,98.57,8,Completed,DOCK-8,7,1
2026-05-07 17:00:00,OP020,Mila Faure,E,Afternoon,47,1,520.3,94,97.01,4,Completed,DOCK-4,0,10
2026-05-07 17:00:00,OP006,Manon Richard,A,Afternoon,46,0,573.6,92,96.3,3,Delayed,DOCK-6,8,2
2026-05-07 17:00:00,OP004,Chloe Thomas,D,Afternoon,55,0,579.1,110,98.1,9,Completed,DOCK-4,3,4
2026-05-07 17:00:00,OP012,Camille Michel,B,Afternoon,40,0,496.5,40,98.66,3,Completed,DOCK-4,7,0
2026-05-07 17:00:00,OP001,Lucas Martin,A,Afternoon,51,0,442.9,102,96.7,1,Completed,DOCK-1,11,8
2026-05-07 17:00:00,OP014,Ines Leroy,D,Afternoon,46,0,532.9,92,98.26,9,Completed,DOCK-6,8,6
2026-05-07 17:00:00,OP007,Nathan Petit,B,Afternoon,59,0,811.0,118,97.51,4,Completed,DOCK-7,11,6
2026-05-07 17:00:00,OP016,Jade Fournier,A,Afternoon,48,0,551.0,48,99.61,3,Completed,DOCK-8,0,10
2026-05-07 17:00:00,OP005,Louis Robert,E,Afternoon,63,1,856.4,63,96.96,5,Completed,DOCK-5,5,6
2026-05-07 17:00:00,OP019,Noah Lambert,D,Afternoon,51,0,587.8,102,98.69,6,Completed,DOCK-3,4,4
2026-05-07 18:00:00,OP011,Adam Simon,A,Afternoon,51,1,525.9,102,96.95,7,Completed,DOCK-3,6,2
2026-05-07 18:00:00,OP020,Mila Faure,E,Afternoon,53,0,570.6,106,98.43,5,Delayed,DOCK-4,0,6
2026-05-07 18:00:00,OP012,Camille Michel,B,Afternoon,47,0,664.6,47,98.26,2,Completed,DOCK-4,1,3
2026-05-07 18:00:00,OP008,Lea Durand,C,Afternoon,51,1,680.8,51,97.25,4,Completed,DOCK-8,0,7
2026-05-07 18:00:00,OP018,Lina Bonnet,C,Afternoon,55,0,692.2,165,98.02,4,Completed,DOCK-2,8,4
2026-05-07 18:00:00,OP013,Raphael Lefebvre,C,Afternoon,50,0,601.5,150,99.39,4,Completed,DOCK-5,4,1
2026-05-07 18:00:00,OP015,Tom Roux,E,Afternoon,55,0,733.8,55,98.52,1,Completed,DOCK-7,10,0
2026-05-07 18:00:00,OP001,Lucas Martin,A,Afternoon,49,0,638.7,49,97.18,5,Delayed,DOCK-1,9,11
2026-05-07 18:00:00,OP014,Ines Leroy,D,Afternoon,47,0,650.8,47,96.95,4,Completed,DOCK-6,11,2
2026-05-07 19:00:00,OP015,Tom Roux,E,Afternoon,61,0,578.0,122,98.14,2,Completed,DOCK-7,7,11
2026-05-07 19:00:00,OP006,Manon Richard,A,Afternoon,43,1,603.4,43,96.75,1,Completed,DOCK-6,3,10
2026-05-07 19:00:00,OP004,Chloe Thomas,D,Afternoon,62,0,690.9,186,97.97,5,Completed,DOCK-4,8,3
2026-05-07 19:00:00,OP019,Noah Lambert,D,Afternoon,50,0,533.3,50,97.6,3,Completed,DOCK-3,6,7
2026-05-07 19:00:00,OP018,Lina Bonnet,C,Afternoon,49,2,466.1,98,98.72,6,Delayed,DOCK-2,10,6
2026-05-07 19:00:00,OP007,Nathan Petit,B,Afternoon,59,0,744.9,177,97.2,6,Completed,DOCK-7,3,6
2026-05-07 19:00:00,OP002,Emma Bernard,B,Afternoon,54,0,631.1,108,97.49,2,Cancelled,DOCK-2,8,4
2026-05-07 19:00:00,OP017,Liam Girard,B,Afternoon,45,1,555.3,135,97.06,6,Completed,DOCK-1,1,7
2026-05-07 19:00:00,OP001,Lucas Martin,A,Afternoon,40,0,567.9,120,96.91,3,Completed,DOCK-1,11,9
2026-05-07 19:00:00,OP010,Sarah Laurent,E,Afternoon,45,0,491.5,90,97.58,4,Cancelled,DOCK-2,4,7
2026-05-07 19:00:00,OP009,Jules Moreau,D,Afternoon,46,1,495.4,92,97.14,1,Completed,DOCK-1,11,0
2026-05-07 19:00:00,OP016,Jade Fournier,A,Afternoon,54,0,610.0,54,96.71,4,Completed,DOCK-8,8,2
2026-05-07 19:00:00,OP003,Hugo Dubois,C,Afternoon,49,0,456.8,98,98.48,5,Completed,DOCK-3,8,8
2026-05-07 19:00:00,OP014,Ines Leroy,D,Afternoon,47,0,452.4,94,97.49,5,Completed,DOCK-6,4,6
2026-05-07 20:00:00,OP008,Lea Durand,C,Afternoon,50,0,716.3,150,99.54,4,Completed,DOCK-8,6,4
2026-05-07 20:00:00,OP001,Lucas Martin,A,Afternoon,46,0,512.7,92,99.02,6,Cancelled,DOCK-1,6,11
2026-05-07 20:00:00,OP007,Nathan Petit,B,Afternoon,51,0,679.9,153,98.09,3,Cancelled,DOCK-7,7,3
2026-05-07 20:00:00,OP003,Hugo Dubois,C,Afternoon,44,0,580.0,88,97.55,4,Completed,DOCK-3,3,1
2026-05-07 20:00:00,OP004,Chloe Thomas,D,Afternoon,59,1,754.8,177,99.76,3,Completed,DOCK-4,4,9
2026-05-07 20:00:00,OP002,Emma Bernard,B,Afternoon,59,1,684.8,177,99.17,5,Completed,DOCK-2,9,9
2026-05-07 20:00:00,OP012,Camille Michel,B,Afternoon,40,0,343.3,80,98.61,9,Completed,DOCK-4,4,8
2026-05-07 20:00:00,OP018,Lina Bonnet,C,Afternoon,55,1,679.3,55,98.35,2,Completed,DOCK-2,5,7
2026-05-07 20:00:00,OP017,Liam Girard,B,Afternoon,46,0,555.4,92,99.5,4,Completed,DOCK-1,8,3
2026-05-07 20:00:00,OP005,Louis Robert,E,Afternoon,47,0,493.9,141,97.89,9,Completed,DOCK-5,1,3
2026-05-07 21:00:00,OP008,Lea Durand,C,Afternoon,43,0,404.9,43,99.1,4,Completed,DOCK-8,11,3
2026-05-07 21:00:00,OP018,Lina Bonnet,C,Afternoon,51,1,627.6,153,98.28,2,Completed,DOCK-2,2,10
2026-05-07 21:00:00,OP015,Tom Roux,E,Afternoon,65,0,867.9,195,98.01,7,Completed,DOCK-7,10,9
2026-05-07 21:00:00,OP014,Ines Leroy,D,Afternoon,40,0,504.7,40,98.47,2,Completed,DOCK-6,2,4
2026-05-07 21:00:00,OP009,Jules Moreau,D,Afternoon,44,1,488.3,44,97.61,4,Completed,DOCK-1,3,7
2026-05-07 21:00:00,OP011,Adam Simon,A,Afternoon,47,0,657.6,141,98.55,3,Completed,DOCK-3,4,3
2026-05-07 21:00:00,OP012,Camille Michel,B,Afternoon,42,0,566.6,126,97.63,2,Completed,DOCK-4,5,4
2026-05-07 21:00:00,OP003,Hugo Dubois,C,Afternoon,46,0,464.2,138,98.14,4,Completed,DOCK-3,1,0
2026-05-07 21:00:00,OP002,Emma Bernard,B,Afternoon,54,0,740.2,108,99.12,4,Completed,DOCK-2,3,0
2026-05-07 21:00:00,OP013,Raphael Lefebvre,C,Afternoon,54,0,630.8,54,98.2,7,Completed,DOCK-5,8,9
2026-05-07 21:00:00,OP006,Manon Richard,A,Afternoon,41,0,363.9,82,97.81,7,Completed,DOCK-6,1,9
2026-05-07 21:00:00,OP007,Nathan Petit,B,Afternoon,48,0,583.8,144,98.76,5,Completed,DOCK-7,11,6
2026-05-07 21:00:00,OP017,Liam Girard,B,Afternoon,46,0,515.3,46,98.44,7,Completed,DOCK-1,5,5
2026-05-07 22:00:00,OP006,Manon Richard,A,Night,26,0,319.2,78,96.72,4,Completed,DOCK-6,6,8
2026-05-07 22:00:00,OP017,Liam Girard,B,Night,31,0,343.1,62,98.99,1,Delayed,DOCK-1,2,7
2026-05-07 22:00:00,OP020,Mila Faure,E,Night,25,0,256.3,25,98.11,2,Completed,DOCK-4,2,11
2026-05-07 22:00:00,OP014,Ines Leroy,D,Night,35,0,437.2,105,96.23,2,Completed,DOCK-6,5,4
2026-05-07 22:00:00,OP007,Nathan Petit,B,Night,45,1,385.7,90,98.4,3,Completed,DOCK-7,2,9
2026-05-07 22:00:00,OP002,Emma Bernard,B,Night,39,0,505.2,78,97.92,4,Completed,DOCK-2,7,1
2026-05-07 22:00:00,OP019,Noah Lambert,D,Night,36,0,470.4,72,97.0,1,Delayed,DOCK-3,0,11
2026-05-07 22:00:00,OP015,Tom Roux,E,Night,43,1,517.2,86,97.81,3,Completed,DOCK-7,2,1
2026-05-07 22:00:00,OP010,Sarah Laurent,E,Night,38,0,533.1,76,97.75,2,Completed,DOCK-2,1,0
2026-05-07 22:00:00,OP008,Lea Durand,C,Night,36,1,370.9,108,97.42,2,Completed,DOCK-8,8,11
2026-05-07 22:00:00,OP018,Lina Bonnet,C,Night,45,0,529.3,135,97.98,3,Completed,DOCK-2,10,11
2026-05-07 22:00:00,OP011,Adam Simon,A,Night,39,1,370.6,39,97.34,2,Cancelled,DOCK-3,9,0
2026-05-07 22:00:00,OP004,Chloe Thomas,D,Night,43,0,476.4,129,99.74,4,Completed,DOCK-4,6,2
2026-05-07 23:00:00,OP013,Raphael Lefebvre,C,Night,42,2,427.1,126,99.0,4,Completed,DOCK-5,10,3
2026-05-07 23:00:00,OP006,Manon Richard,A,Night,32,0,461.1,64,99.9,1,Completed,DOCK-6,3,7
2026-05-07 23:00:00,OP020,Mila Faure,E,Night,25,1,338.0,75,97.7,3,Completed,DOCK-4,9,11
2026-05-07 23:00:00,OP019,Noah Lambert,D,Night,36,0,323.5,108,97.14,6,Completed,DOCK-3,5,7
2026-05-07 23:00:00,OP012,Camille Michel,B,Night,31,0,429.5,62,97.83,1,Completed,DOCK-4,8,7
2026-05-07 23:00:00,OP017,Liam Girard,B,Night,38,3,467.7,114,98.76,2,Completed,DOCK-1,0,9
2026-05-07 23:00:00,OP014,Ines Leroy,D,Night,48,1,515.9,96,98.65,1,Completed,DOCK-6,2,5
2026-05-07 23:00:00,OP011,Adam Simon,A,Night,41,0,495.6,41,98.38,3,Completed,DOCK-3,11,1
2026-05-07 23:00:00,OP004,Chloe Thomas,D,Night,42,0,407.1,42,97.58,3,Completed,DOCK-4,5,10
2026-05-07 23:00:00,OP002,Emma Bernard,B,Night,35,1,362.4,105,97.6,1,Cancelled,DOCK-2,8,7
2026-05-07 23:00:00,OP009,Jules Moreau,D,Night,25,0,298.4,50,97.4,2,Completed,DOCK-1,8,9
2026-05-07 23:00:00,OP007,Nathan Petit,B,Night,41,2,487.9,82,97.64,4,Completed,DOCK-7,7,9
2026-05-07 23:00:00,OP016,Jade Fournier,A,Night,35,0,476.1,35,97.39,2,Completed,DOCK-8,1,7
2026-05-07 23:00:00,OP005,Louis Robert,E,Night,41,0,545.7,123,97.67,2,Completed,DOCK-5,7,0
2026-05-07 23:00:00,OP018,Lina Bonnet,C,Night,49,0,639.4,147,96.89,6,Completed,DOCK-2,5,11
2026-05-08 00:00:00,OP019,Noah Lambert,D,Night,49,0,419.0,98,97.48,5,Completed,DOCK-3,8,8
2026-05-08 00:00:00,OP006,Manon Richard,A,Night,37,1,396.5,111,97.5,2,Delayed,DOCK-6,1,5
2026-05-08 00:00:00,OP001,Lucas Martin,A,Night,35,0,472.5,35,97.81,3,Completed,DOCK-1,5,1
2026-05-08 00:00:00,OP012,Camille Michel,B,Night,38,0,382.9,114,96.87,4,Completed,DOCK-4,8,2
2026-05-08 00:00:00,OP002,Emma Bernard,B,Night,52,2,748.1,156,98.43,4,Completed,DOCK-2,5,3
2026-05-08 00:00:00,OP009,Jules Moreau,D,Night,40,1,444.4,80,96.6,3,Completed,DOCK-1,0,2
2026-05-08 00:00:00,OP007,Nathan Petit,B,Night,43,0,595.7,129,99.84,2,Completed,DOCK-7,8,7
2026-05-08 00:00:00,OP003,Hugo Dubois,C,Night,29,0,412.2,58,97.21,2,Completed,DOCK-3,10,1
2026-05-08 00:00:00,OP010,Sarah Laurent,E,Night,29,1,342.1,29,97.95,3,Delayed,DOCK-2,6,0
2026-05-08 00:00:00,OP011,Adam Simon,A,Night,37,0,518.7,37,99.61,4,Completed,DOCK-3,4,9
2026-05-08 00:00:00,OP020,Mila Faure,E,Night,27,0,261.5,27,98.59,2,Cancelled,DOCK-4,6,5
2026-05-08 00:00:00,OP017,Liam Girard,B,Night,35,1,331.7,35,97.67,3,Cancelled,DOCK-1,2,3
2026-05-08 00:00:00,OP008,Lea Durand,C,Night,46,2,625.6,92,97.88,1,Completed,DOCK-8,1,2
2026-05-08 01:00:00,OP007,Nathan Petit,B,Night,41,0,489.4,123,98.55,4,Completed,DOCK-7,3,1
2026-05-08 01:00:00,OP008,Lea Durand,C,Night,34,0,489.9,102,97.16,5,Cancelled,DOCK-8,2,11
2026-05-08 01:00:00,OP018,Lina Bonnet,C,Night,49,3,580.5,98,97.34,12,Completed,DOCK-2,1,0
2026-05-08 01:00:00,OP016,Jade Fournier,A,Night,41,1,359.8,123,98.02,4,Completed,DOCK-8,8,11
2026-05-08 01:00:00,OP002,Emma Bernard,B,Night,47,1,411.2,141,97.31,3,Completed,DOCK-2,5,0
2026-05-08 01:00:00,OP014,Ines Leroy,D,Night,37,0,421.1,111,98.14,1,Completed,DOCK-6,10,6
2026-05-08 01:00:00,OP010,Sarah Laurent,E,Night,37,0,331.8,37,96.14,2,Completed,DOCK-2,3,0
2026-05-08 01:00:00,OP009,Jules Moreau,D,Night,35,0,445.3,105,96.85,5,Delayed,DOCK-1,11,10
2026-05-08 01:00:00,OP001,Lucas Martin,A,Night,36,0,406.5,108,98.15,3,Completed,DOCK-1,4,10
2026-05-08 01:00:00,OP019,Noah Lambert,D,Night,32,0,403.6,96,97.42,4,Completed,DOCK-3,7,2
2026-05-08 01:00:00,OP015,Tom Roux,E,Night,46,1,599.8,46,97.96,4,Completed,DOCK-7,1,0
2026-05-08 02:00:00,OP001,Lucas Martin,A,Night,34,1,373.8,68,97.22,1,Completed,DOCK-1,9,1
2026-05-08 02:00:00,OP020,Mila Faure,E,Night,34,0,441.2,102,98.17,2,Completed,DOCK-4,8,5
2026-05-08 02:00:00,OP005,Louis Robert,E,Night,44,2,623.3,88,98.81,3,Completed,DOCK-5,1,5
2026-05-08 02:00:00,OP016,Jade Fournier,A,Night,44,1,381.3,88,98.0,6,Completed,DOCK-8,1,5
2026-05-08 02:00:00,OP017,Liam Girard,B,Night,28,1,240.3,84,98.7,1,Completed,DOCK-1,7,0
2026-05-08 02:00:00,OP009,Jules Moreau,D,Night,38,0,450.2,114,96.27,8,Completed,DOCK-1,0,9
2026-05-08 02:00:00,OP014,Ines Leroy,D,Night,34,1,396.1,68,96.98,5,Completed,DOCK-6,7,1
2026-05-08 02:00:00,OP019,Noah Lambert,D,Night,37,1,316.8,111,97.52,2,Completed,DOCK-3,6,4
2026-05-08 02:00:00,OP002,Emma Bernard,B,Night,44,0,604.9,132,97.12,3,Completed,DOCK-2,7,1
2026-05-08 02:00:00,OP004,Chloe Thomas,D,Night,38,0,469.1,38,99.76,4,Completed,DOCK-4,5,6
2026-05-08 02:00:00,OP008,Lea Durand,C,Night,36,0,404.6,108,97.27,4,Completed,DOCK-8,7,4
2026-05-08 02:00:00,OP015,Tom Roux,E,Night,44,1,417.3,44,97.61,3,Completed,DOCK-7,1,8
2026-05-08 03:00:00,OP013,Raphael Lefebvre,C,Night,37,0,377.3,37,99.15,3,Completed,DOCK-5,9,9
2026-05-08 03:00:00,OP010,Sarah Laurent,E,Night,41,0,451.3,123,98.38,3,Completed,DOCK-2,6,0
2026-05-08 03:00:00,OP012,Camille Michel,B,Night,39,0,397.8,117,96.54,4,Completed,DOCK-4,5,3
2026-05-08 03:00:00,OP014,Ines Leroy,D,Night,33,1,417.7,66,98.18,1,Delayed,DOCK-6,2,8
2026-05-08 03:00:00,OP017,Liam Girard,B,Night,30,0,366.5,60,97.51,2,Completed,DOCK-1,5,5
2026-05-08 03:00:00,OP008,Lea Durand,C,Night,34,1,409.9,102,98.22,2,Completed,DOCK-8,9,11
2026-05-08 03:00:00,OP009,Jules Moreau,D,Night,39,1,548.3,117,98.87,3,Completed,DOCK-1,4,10
2026-05-08 03:00:00,OP004,Chloe Thomas,D,Night,49,0,450.5,98,98.57,6,Completed,DOCK-4,10,2
2026-05-08 03:00:00,OP011,Adam Simon,A,Night,42,2,586.1,126,98.54,4,Completed,DOCK-3,1,7
2026-05-08 03:00:00,OP020,Mila Faure,E,Night,25,1,310.3,25,96.37,3,Completed,DOCK-4,6,3
2026-05-08 03:00:00,OP016,Jade Fournier,A,Night,41,0,575.1,123,98.07,3,Completed,DOCK-8,8,8
2026-05-08 03:00:00,OP002,Emma Bernard,B,Night,45,1,431.6,45,97.88,4,Completed,DOCK-2,11,4
2026-05-08 03:00:00,OP005,Louis Robert,E,Night,30,0,262.7,60,97.6,3,Completed,DOCK-5,9,1
2026-05-08 03:00:00,OP018,Lina Bonnet,C,Night,46,2,442.6,138,99.9,1,Completed,DOCK-2,7,0
2026-05-08 04:00:00,OP020,Mila Faure,E,Night,26,0,252.2,26,97.76,2,Completed,DOCK-4,8,1
2026-05-08 04:00:00,OP012,Camille Michel,B,Night,33,1,428.5,99,97.81,2,Completed,DOCK-4,11,8
2026-05-08 04:00:00,OP018,Lina Bonnet,C,Night,45,0,601.4,135,99.82,5,Completed,DOCK-2,9,5
2026-05-08 04:00:00,OP006,Manon Richard,A,Night,29,0,282.8,87,99.02,2,Completed,DOCK-6,6,2
2026-05-08 04:00:00,OP008,Lea Durand,C,Night,38,0,454.0,76,97.54,1,Completed,DOCK-8,3,6
2026-05-08 04:00:00,OP005,Louis Robert,E,Night,45,0,458.1,45,98.26,3,Completed,DOCK-5,0,11
2026-05-08 04:00:00,OP015,Tom Roux,E,Night,52,1,669.0,104,96.51,6,Completed,DOCK-7,6,0
2026-05-08 04:00:00,OP016,Jade Fournier,A,Night,32,0,417.5,96,98.32,2,Completed,DOCK-8,3,2
2026-05-08 04:00:00,OP013,Raphael Lefebvre,C,Night,35,0,478.3,70,98.45,3,Completed,DOCK-5,10,10
2026-05-08 04:00:00,OP010,Sarah Laurent,E,Night,46,2,428.1,138,97.51,7,Delayed,DOCK-2,6,0
2026-05-08 04:00:00,OP004,Chloe Thomas,D,Night,48,1,654.9,144,97.59,5,Completed,DOCK-4,4,7
2026-05-08 05:00:00,OP019,Noah Lambert,D,Night,44,1,596.8,132,98.42,2,Completed,DOCK-3,6,1
2026-05-08 05:00:00,OP015,Tom Roux,E,Night,44,0,458.4,44,97.84,2,Completed,DOCK-7,11,3
2026-05-08 05:00:00,OP016,Jade Fournier,A,Night,34,0,418.4,34,97.2,6,Completed,DOCK-8,4,3
2026-05-08 05:00:00,OP003,Hugo Dubois,C,Night,24,0,286.5,72,99.69,2,Completed,DOCK-3,1,3
2026-05-08 05:00:00,OP005,Louis Robert,E,Night,33,0,318.0,33,98.68,4,Completed,DOCK-5,4,7
2026-05-08 05:00:00,OP014,Ines Leroy,D,Night,31,0,273.5,93,97.79,1,Completed,DOCK-6,2,8
2026-05-08 05:00:00,OP008,Lea Durand,C,Night,36,0,340.3,108,98.19,2,Completed,DOCK-8,6,8
2026-05-08 05:00:00,OP013,Raphael Lefebvre,C,Night,42,0,559.5,84,99.14,2,Completed,DOCK-5,0,5
2026-05-08 05:00:00,OP011,Adam Simon,A,Night,36,0,382.1,36,98.11,1,Completed,DOCK-3,4,7
2026-05-08 05:00:00,OP009,Jules Moreau,D,Night,29,1,283.8,29,97.37,5,Completed,DOCK-1,3,1
2026-05-08 05:00:00,OP017,Liam Girard,B,Night,35,1,297.5,70,97.44,4,Completed,DOCK-1,8,4
2026-05-08 05:00:00,OP012,Camille Michel,B,Night,38,0,355.5,76,97.61,1,Completed,DOCK-4,7,8
2026-05-08 05:00:00,OP004,Chloe Thomas,D,Night,51,0,554.1,153,98.23,5,Completed,DOCK-4,5,4
2026-05-08 05:00:00,OP001,Lucas Martin,A,Night,25,0,310.7,75,96.53,1,Completed,DOCK-1,10,2
2026-05-08 05:00:00,OP007,Nathan Petit,B,Night,36,1,503.0,108,99.08,3,Cancelled,DOCK-7,4,4
2026-05-08 06:00:00,OP003,Hugo Dubois,C,Morning,64,0,812.8,192,97.26,3,Completed,DOCK-3,4,1
2026-05-08 06:00:00,OP001,Lucas Martin,A,Morning,62,0,662.5,124,97.42,8,Completed,DOCK-1,10,1
2026-05-08 06:00:00,OP015,Tom Roux,E,Morning,79,1,861.9,79,97.34,2,Completed,DOCK-7,7,9
2026-05-08 06:00:00,OP013,Raphael Lefebvre,C,Morning,70,1,961.5,210,96.41,8,Completed,DOCK-5,7,2
2026-05-08 06:00:00,OP020,Mila Faure,E,Morning,69,0,784.1,69,97.48,6,Completed,DOCK-4,0,0
2026-05-08 06:00:00,OP017,Liam Girard,B,Morning,57,0,544.7,171,97.27,5,Completed,DOCK-1,9,9
2026-05-08 06:00:00,OP002,Emma Bernard,B,Morning,77,0,959.0,154,97.27,3,Completed,DOCK-2,7,8
2026-05-08 06:00:00,OP016,Jade Fournier,A,Morning,67,0,793.2,67,99.55,6,Cancelled,DOCK-8,6,8
2026-05-08 06:00:00,OP009,Jules Moreau,D,Morning,69,2,716.4,207,97.95,3,Completed,DOCK-1,9,1
2026-05-08 06:00:00,OP011,Adam Simon,A,Morning,74,1,898.7,222,97.1,3,Completed,DOCK-3,10,0
2026-05-08 06:00:00,OP008,Lea Durand,C,Morning,75,2,753.2,75,98.22,8,Completed,DOCK-8,0,6
2026-05-08 06:00:00,OP004,Chloe Thomas,D,Morning,77,0,710.5,154,97.09,10,Completed,DOCK-4,1,9
2026-05-08 06:00:00,OP014,Ines Leroy,D,Morning,74,1,776.4,74,97.34,4,Completed,DOCK-6,1,7
2026-05-08 06:00:00,OP012,Camille Michel,B,Morning,73,1,777.0,73,97.89,4,Completed,DOCK-4,10,9
2026-05-08 06:00:00,OP019,Noah Lambert,D,Morning,71,2,1011.1,71,99.38,2,Completed,DOCK-3,3,11
2026-05-08 07:00:00,OP011,Adam Simon,A,Morning,70,3,649.4,70,97.57,5,Completed,DOCK-3,8,2
2026-05-08 07:00:00,OP012,Camille Michel,B,Morning,50,1,492.8,100,97.84,4,Completed,DOCK-4,2,10
2026-05-08 07:00:00,OP008,Lea Durand,C,Morning,73,2,964.6,73,97.55,10,Completed,DOCK-8,5,3
2026-05-08 07:00:00,OP001,Lucas Martin,A,Morning,65,0,664.8,130,97.53,6,Completed,DOCK-1,3,6
2026-05-08 07:00:00,OP006,Manon Richard,A,Morning,76,0,709.9,76,97.09,4,Completed,DOCK-6,2,10
2026-05-08 07:00:00,OP010,Sarah Laurent,E,Morning,70,1,762.5,140,97.26,6,Delayed,DOCK-2,1,4
2026-05-08 07:00:00,OP017,Liam Girard,B,Morning,72,2,940.1,144,96.68,8,Completed,DOCK-1,0,6
2026-05-08 07:00:00,OP009,Jules Moreau,D,Morning,68,3,605.1,136,98.72,5,Completed,DOCK-1,5,8
2026-05-08 07:00:00,OP002,Emma Bernard,B,Morning,67,0,949.8,201,97.72,8,Completed,DOCK-2,3,3
2026-05-08 08:00:00,OP016,Jade Fournier,A,Morning,73,0,703.4,73,98.83,6,Completed,DOCK-8,6,1
2026-05-08 08:00:00,OP019,Noah Lambert,D,Morning,65,1,703.5,130,97.89,7,Completed,DOCK-3,6,5
2026-05-08 08:00:00,OP009,Jules Moreau,D,Morning,54,1,755.2,108,96.97,11,Completed,DOCK-1,4,11
2026-05-08 08:00:00,OP001,Lucas Martin,A,Morning,69,2,876.4,69,97.65,4,Completed,DOCK-1,7,5
2026-05-08 08:00:00,OP012,Camille Michel,B,Morning,65,1,894.7,130,98.79,6,Completed,DOCK-4,1,9
2026-05-08 08:00:00,OP005,Louis Robert,E,Morning,70,2,787.9,210,97.29,4,Completed,DOCK-5,11,0
2026-05-08 08:00:00,OP010,Sarah Laurent,E,Morning,73,0,987.5,73,97.27,6,Completed,DOCK-2,4,4
2026-05-08 08:00:00,OP015,Tom Roux,E,Morning,68,1,837.5,68,96.77,5,Completed,DOCK-7,2,7
2026-05-08 08:00:00,OP020,Mila Faure,E,Morning,63,0,619.5,189,98.28,4,Completed,DOCK-4,1,7
2026-05-08 08:00:00,OP003,Hugo Dubois,C,Morning,75,1,869.5,225,97.54,8,Completed,DOCK-3,8,1
2026-05-08 08:00:00,OP007,Nathan Petit,B,Morning,78,0,1103.6,156,97.97,4,Completed,DOCK-7,11,4
2026-05-08 08:00:00,OP004,Chloe Thomas,D,Morning,25,0,329.7,50,99.18,2,Completed,DOCK-4,10,8
2026-05-08 08:00:00,OP011,Adam Simon,A,Morning,68,2,601.3,136,97.35,4,Completed,DOCK-3,5,4
2026-05-08 08:00:00,OP008,Lea Durand,C,Morning,64,1,634.9,128,97.38,5,Completed,DOCK-8,1,9
2026-05-08 09:00:00,OP001,Lucas Martin,A,Morning,59,0,643.4,118,96.75,3,Completed,DOCK-1,9,4
2026-05-08 09:00:00,OP014,Ines Leroy,D,Morning,64,0,736.9,192,97.95,5,Completed,DOCK-6,6,1
2026-05-08 09:00:00,OP006,Manon Richard,A,Morning,68,0,657.1,136,98.04,8,Completed,DOCK-6,9,8
2026-05-08 09:00:00,OP018,Lina Bonnet,C,Morning,78,0,1051.9,156,97.28,9,Completed,DOCK-2,9,1
2026-05-08 09:00:00,OP020,Mila Faure,E,Morning,66,1,859.5,132,97.58,6,Completed,DOCK-4,8,7
2026-05-08 09:00:00,OP013,Raphael Lefebvre,C,Morning,72,0,933.1,216,99.71,5,Cancelled,DOCK-5,2,8
2026-05-08 09:00:00,OP004,Chloe Thomas,D,Morning,80,3,1114.0,160,98.26,10,Completed,DOCK-4,5,6
2026-05-08 09:00:00,OP016,Jade Fournier,A,Morning,69,1,619.2,138,98.19,3,Completed,DOCK-8,11,5
2026-05-08 10:00:00,OP012,Camille Michel,B,Morning,23,0,229.1,46,96.15,1,Completed,DOCK-4,6,10
2026-05-08 10:00:00,OP003,Hugo Dubois,C,Morning,58,1,837.6,116,97.7,7,Completed,DOCK-3,2,6
2026-05-08 10:00:00,OP008,Lea Durand,C,Morning,70,3,701.3,210,97.76,7,Cancelled,DOCK-8,0,10
2026-05-08 10:00:00,OP009,Jules Moreau,D,Morning,65,0,618.4,65,98.46,8,Cancelled,DOCK-1,4,11
2026-05-08 10:00:00,OP002,Emma Bernard,B,Morning,67,1,969.2,201,97.4,3,Completed,DOCK-2,3,6
2026-05-08 10:00:00,OP007,Nathan Petit,B,Morning,63,0,767.7,63,99.66,7,Completed,DOCK-7,3,10
2026-05-08 10:00:00,OP014,Ines Leroy,D,Morning,68,0,801.3,204,98.19,8,Delayed,DOCK-6,8,2
2026-05-08 10:00:00,OP016,Jade Fournier,A,Morning,71,0,778.9,142,99.9,7,Completed,DOCK-8,1,8
2026-05-08 10:00:00,OP001,Lucas Martin,A,Morning,63,0,649.0,189,95.97,8,Completed,DOCK-1,3,3
2026-05-08 11:00:00,OP012,Camille Michel,B,Morning,61,1,644.3,122,98.2,8,Completed,DOCK-4,5,3
2026-05-08 11:00:00,OP005,Louis Robert,E,Morning,72,0,757.4,72,99.83,5,Completed,DOCK-5,8,2
2026-05-08 11:00:00,OP019,Noah Lambert,D,Morning,71,0,936.2,71,98.17,3,Completed,DOCK-3,3,1
2026-05-08 11:00:00,OP014,Ines Leroy,D,Morning,65,0,909.3,195,97.36,6,Completed,DOCK-6,4,1
2026-05-08 11:00:00,OP002,Emma Bernard,B,Morning,63,1,834.3,189,98.38,7,Completed,DOCK-2,8,5
2026-05-08 11:00:00,OP013,Raphael Lefebvre,C,Morning,65,0,651.6,195,97.09,5,Completed,DOCK-5,2,11
2026-05-08 11:00:00,OP004,Chloe Thomas,D,Morning,66,1,936.8,66,98.4,5,Completed,DOCK-4,11,0
2026-05-08 11:00:00,OP017,Liam Girard,B,Morning,69,2,621.5,69,99.08,6,Completed,DOCK-1,0,7
2026-05-08 11:00:00,OP009,Jules Moreau,D,Morning,59,0,773.3,177,96.88,5,Completed,DOCK-1,5,11
2026-05-08 11:00:00,OP016,Jade Fournier,A,Morning,68,0,945.8,68,97.67,5,Completed,DOCK-8,0,6
2026-05-08 11:00:00,OP006,Manon Richard,A,Morning,57,3,498.5,114,97.05,4,Completed,DOCK-6,4,11
2026-05-08 11:00:00,OP003,Hugo Dubois,C,Morning,67,0,802.1,67,99.9,5,Completed,DOCK-3,7,3
2026-05-08 11:00:00,OP001,Lucas Martin,A,Morning,62,3,883.4,62,97.56,6,Cancelled,DOCK-1,11,6
2026-05-08 11:00:00,OP011,Adam Simon,A,Morning,57,0,656.1,57,97.9,5,Completed,DOCK-3,8,4
2026-05-08 12:00:00,OP016,Jade Fournier,A,Morning,61,0,761.3,183,98.17,6,Completed,DOCK-8,11,10
2026-05-08 12:00:00,OP003,Hugo Dubois,C,Morning,66,0,839.6,198,98.3,6,Completed,DOCK-3,0,1
2026-05-08 12:00:00,OP006,Manon Richard,A,Morning,68,0,725.0,204,96.94,7,Cancelled,DOCK-6,8,7
2026-05-08 12:00:00,OP014,Ines Leroy,D,Morning,62,1,727.0,124,96.49,4,Completed,DOCK-6,4,11
2026-05-08 12:00:00,OP017,Liam Girard,B,Morning,67,1,674.3,201,97.11,7,Completed,DOCK-1,10,2
2026-05-08 12:00:00,OP010,Sarah Laurent,E,Morning,76,2,818.5,228,98.6,9,Completed,DOCK-2,5,3
2026-05-08 12:00:00,OP019,Noah Lambert,D,Morning,61,0,688.5,122,96.95,6,Completed,DOCK-3,5,6
2026-05-08 12:00:00,OP015,Tom Roux,E,Morning,79,2,839.0,237,99.9,4,Completed,DOCK-7,6,10
2026-05-08 12:00:00,OP009,Jules Moreau,D,Morning,58,1,690.5,174,97.75,6,Completed,DOCK-1,3,5
2026-05-08 12:00:00,OP001,Lucas Martin,A,Morning,66,1,755.9,132,97.44,4,Completed,DOCK-1,0,11
2026-05-08 12:00:00,OP002,Emma Bernard,B,Morning,69,1,905.3,138,98.12,4,Completed,DOCK-2,1,6
2026-05-08 12:00:00,OP018,Lina Bonnet,C,Morning,69,0,668.5,207,99.54,6,Completed,DOCK-2,5,0
2026-05-08 13:00:00,OP016,Jade Fournier,A,Morning,78,0,853.2,234,99.1,8,Completed,DOCK-8,5,10
2026-05-08 13:00:00,OP012,Camille Michel,B,Morning,69,2,976.1,138,99.45,9,Completed,DOCK-4,11,2
2026-05-08 13:00:00,OP015,Tom Roux,E,Morning,81,1,1007.2,162,99.04,5,Completed,DOCK-7,10,0
2026-05-08 13:00:00,OP006,Manon Richard,A,Morning,58,1,635.5,116,99.16,6,Completed,DOCK-6,0,10
2026-05-08 13:00:00,OP020,Mila Faure,E,Morning,63,1,812.7,126,97.34,7,Completed,DOCK-4,11,7
2026-05-08 13:00:00,OP004,Chloe Thomas,D,Morning,73,0,837.7,73,97.63,6,Completed,DOCK-4,11,5
2026-05-08 13:00:00,OP013,Raphael Lefebvre,C,Morning,74,0,982.5,222,96.87,5,Completed,DOCK-5,9,0
2026-05-08 13:00:00,OP001,Lucas Martin,A,Morning,64,2,727.6,128,97.0,5,Completed,DOCK-1,0,7
2026-05-08 13:00:00,OP005,Louis Robert,E,Morning,68,1,604.2,204,98.15,6,Completed,DOCK-5,5,6
2026-05-08 13:00:00,OP008,Lea Durand,C,Morning,69,1,858.7,69,98.52,4,Completed,DOCK-8,6,4
2026-05-08 13:00:00,OP014,Ines Leroy,D,Morning,66,0,945.7,132,98.38,3,Completed,DOCK-6,10,9
2026-05-08 13:00:00,OP009,Jules Moreau,D,Morning,59,1,535.8,59,97.82,3,Delayed,DOCK-1,8,4
2026-05-08 14:00:00,OP005,Louis Robert,E,Afternoon,50,1,473.2,150,98.76,1,Delayed,DOCK-5,1,6
2026-05-08 14:00:00,OP006,Manon Richard,A,Afternoon,51,0,472.0,153,97.28,1,Delayed,DOCK-6,1,2
2026-05-08 14:00:00,OP014,Ines Leroy,D,Afternoon,55,0,781.0,110,96.84,5,Completed,DOCK-6,11,0
2026-05-08 14:00:00,OP017,Liam Girard,B,Afternoon,49,1,462.1,49,97.22,6,Completed,DOCK-1,3,3
2026-05-08 14:00:00,OP011,Adam Simon,A,Afternoon,63,0,799.5,189,96.87,3,Completed,DOCK-3,1,7
2026-05-08 14:00:00,OP008,Lea Durand,C,Afternoon,58,0,736.1,174,97.91,6,Completed,DOCK-8,1,0
2026-05-08 14:00:00,OP009,Jules Moreau,D,Afternoon,51,2,628.6,102,97.3,3,Completed,DOCK-1,7,11
2026-05-08 14:00:00,OP004,Chloe Thomas,D,Afternoon,58,0,714.7,174,98.4,4,Completed,DOCK-4,11,0
2026-05-08 14:00:00,OP001,Lucas Martin,A,Afternoon,51,0,467.0,153,96.43,5,Completed,DOCK-1,11,7
2026-05-08 14:00:00,OP007,Nathan Petit,B,Afternoon,58,0,776.6,174,99.28,6,Completed,DOCK-7,0,0
2026-05-08 14:00:00,OP012,Camille Michel,B,Afternoon,44,2,422.9,44,97.51,1,Completed,DOCK-4,8,2
2026-05-08 14:00:00,OP016,Jade Fournier,A,Afternoon,64,0,779.5,64,98.17,6,Completed,DOCK-8,9,10
2026-05-08 14:00:00,OP019,Noah Lambert,D,Afternoon,57,0,695.2,114,99.09,3,Completed,DOCK-3,0,11
2026-05-08 15:00:00,OP018,Lina Bonnet,C,Afternoon,66,0,650.3,132,98.73,1,Completed,DOCK-2,0,1
2026-05-08 15:00:00,OP006,Manon Richard,A,Afternoon,47,0,572.1,94,97.69,3,Completed,DOCK-6,2,1
2026-05-08 15:00:00,OP020,Mila Faure,E,Afternoon,54,2,740.9,108,97.49,3,Completed,DOCK-4,3,8
2026-05-08 15:00:00,OP017,Liam Girard,B,Afternoon,51,1,461.7,153,97.77,5,Completed,DOCK-1,9,1
2026-05-08 15:00:00,OP016,Jade Fournier,A,Afternoon,56,0,629.7,56,97.48,2,Completed,DOCK-8,2,2
2026-05-08 15:00:00,OP004,Chloe Thomas,D,Afternoon,64,1,702.5,192,97.78,4,Completed,DOCK-4,9,5
2026-05-08 15:00:00,OP001,Lucas Martin,A,Afternoon,46,2,568.5,138,98.23,2,Completed,DOCK-1,2,6
2026-05-08 15:00:00,OP003,Hugo Dubois,C,Afternoon,51,1,567.2,51,96.49,6,Cancelled,DOCK-3,3,8
2026-05-08 15:00:00,OP002,Emma Bernard,B,Afternoon,59,0,626.5,59,98.45,7,Completed,DOCK-2,0,7
2026-05-08 16:00:00,OP007,Nathan Petit,B,Afternoon,60,0,780.6,180,97.81,1,Completed,DOCK-7,6,1
2026-05-08 16:00:00,OP014,Ines Leroy,D,Afternoon,48,2,676.1,96,97.72,6,Completed,DOCK-6,9,6
2026-05-08 16:00:00,OP004,Chloe Thomas,D,Afternoon,68,1,610.1,136,98.2,4,Completed,DOCK-4,6,1
2026-05-08 16:00:00,OP016,Jade Fournier,A,Afternoon,58,0,660.7,116,98.57,7,Delayed,DOCK-8,7,11
2026-05-08 16:00:00,OP010,Sarah Laurent,E,Afternoon,56,3,775.1,56,97.24,5,Completed,DOCK-2,5,8
2026-05-08 16:00:00,OP019,Noah Lambert,D,Afternoon,54,1,581.0,108,98.99,13,Completed,DOCK-3,11,1
2026-05-08 16:00:00,OP020,Mila Faure,E,Afternoon,52,0,747.0,156,96.03,6,Completed,DOCK-4,0,7
2026-05-08 16:00:00,OP006,Manon Richard,A,Afternoon,48,1,591.5,144,97.63,8,Completed,DOCK-6,0,4
2026-05-08 16:00:00,OP008,Lea Durand,C,Afternoon,56,0,783.0,168,96.92,5,Completed,DOCK-8,1,9
2026-05-08 16:00:00,OP018,Lina Bonnet,C,Afternoon,68,0,701.9,204,97.31,7,Completed,DOCK-2,10,9
2026-05-08 16:00:00,OP017,Liam Girard,B,Afternoon,43,0,493.6,86,96.33,4,Completed,DOCK-1,2,3
2026-05-08 16:00:00,OP002,Emma Bernard,B,Afternoon,56,0,574.7,112,97.9,2,Completed,DOCK-2,5,11
2026-05-08 16:00:00,OP005,Louis Robert,E,Afternoon,51,0,437.0,153,97.83,5,Completed,DOCK-5,11,0
2026-05-08 16:00:00,OP001,Lucas Martin,A,Afternoon,47,0,405.6,47,97.25,6,Completed,DOCK-1,0,4
2026-05-08 16:00:00,OP012,Camille Michel,B,Afternoon,52,0,690.4,104,98.35,7,Completed,DOCK-4,7,0
2026-05-08 17:00:00,OP011,Adam Simon,A,Afternoon,55,3,481.7,110,97.72,6,Completed,DOCK-3,3,9
2026-05-08 17:00:00,OP014,Ines Leroy,D,Afternoon,40,3,520.6,80,98.9,7,Completed,DOCK-6,4,9
2026-05-08 17:00:00,OP018,Lina Bonnet,C,Afternoon,62,0,718.1,62,99.9,3,Completed,DOCK-2,4,2
2026-05-08 17:00:00,OP004,Chloe Thomas,D,Afternoon,62,1,682.3,62,97.3,5,Completed,DOCK-4,7,7
2026-05-08 17:00:00,OP012,Camille Michel,B,Afternoon,46,0,437.4,46,97.41,3,Completed,DOCK-4,4,0
2026-05-08 17:00:00,OP010,Sarah Laurent,E,Afternoon,55,0,678.2,165,98.11,5,Completed,DOCK-2,10,6
2026-05-08 17:00:00,OP015,Tom Roux,E,Afternoon,65,0,723.0,65,98.02,10,Completed,DOCK-7,8,7
2026-05-08 17:00:00,OP008,Lea Durand,C,Afternoon,45,0,550.6,90,96.91,5,Completed,DOCK-8,11,8
2026-05-08 17:00:00,OP020,Mila Faure,E,Afternoon,53,4,709.2,53,98.58,2,Completed,DOCK-4,1,10
2026-05-08 17:00:00,OP017,Liam Girard,B,Afternoon,58,2,501.2,58,97.65,6,Cancelled,DOCK-1,1,1
2026-05-08 17:00:00,OP016,Jade Fournier,A,Afternoon,57,0,695.4,171,97.39,2,Completed,DOCK-8,9,7
2026-05-08 17:00:00,OP013,Raphael Lefebvre,C,Afternoon,51,0,485.3,102,98.14,2,Completed,DOCK-5,8,10
2026-05-08 18:00:00,OP002,Emma Bernard,B,Afternoon,67,1,720.7,67,98.08,6,Completed,DOCK-2,6,3
2026-05-08 18:00:00,OP003,Hugo Dubois,C,Afternoon,51,1,737.1,153,98.05,3,Completed,DOCK-3,11,10
2026-05-08 18:00:00,OP012,Camille Michel,B,Afternoon,46,1,393.2,46,97.6,3,Completed,DOCK-4,6,7
2026-05-08 18:00:00,OP016,Jade Fournier,A,Afternoon,48,0,663.5,48,97.82,5,Completed,DOCK-8,2,3
2026-05-08 18:00:00,OP020,Mila Faure,E,Afternoon,53,1,470.8,53,98.86,5,Completed,DOCK-4,7,3
2026-05-08 18:00:00,OP007,Nathan Petit,B,Afternoon,58,0,501.8,174,98.18,2,Completed,DOCK-7,3,10
2026-05-08 18:00:00,OP001,Lucas Martin,A,Afternoon,48,0,530.7,96,96.59,4,Completed,DOCK-1,9,3
2026-05-08 18:00:00,OP009,Jules Moreau,D,Afternoon,56,2,685.0,56,97.46,7,Completed,DOCK-1,6,3
2026-05-08 18:00:00,OP010,Sarah Laurent,E,Afternoon,45,1,523.3,90,98.47,5,Completed,DOCK-2,8,8
2026-05-08 18:00:00,OP005,Louis Robert,E,Afternoon,54,3,567.1,162,98.57,1,Completed,DOCK-5,10,5
2026-05-08 18:00:00,OP006,Manon Richard,A,Afternoon,51,1,452.6,102,97.17,4,Completed,DOCK-6,9,11
2026-05-08 19:00:00,OP005,Louis Robert,E,Afternoon,53,1,492.3,159,98.55,8,Delayed,DOCK-5,8,7
2026-05-08 19:00:00,OP004,Chloe Thomas,D,Afternoon,46,0,639.1,138,96.59,3,Completed,DOCK-4,1,2
2026-05-08 19:00:00,OP007,Nathan Petit,B,Afternoon,61,2,535.7,183,99.89,7,Completed,DOCK-7,3,2
2026-05-08 19:00:00,OP010,Sarah Laurent,E,Afternoon,60,1,614.2,60,98.67,7,Completed,DOCK-2,11,11
2026-05-08 19:00:00,OP006,Manon Richard,A,Afternoon,52,2,552.9,156,97.66,11,Cancelled,DOCK-6,3,2
2026-05-08 19:00:00,OP011,Adam Simon,A,Afternoon,51,0,662.8,102,98.54,3,Completed,DOCK-3,5,7
2026-05-08 19:00:00,OP015,Tom Roux,E,Afternoon,67,2,778.6,201,96.78,5,Completed,DOCK-7,10,2
2026-05-08 19:00:00,OP009,Jules Moreau,D,Afternoon,46,1,455.9,92,97.57,5,Completed,DOCK-1,7,4
2026-05-08 19:00:00,OP016,Jade Fournier,A,Afternoon,51,1,617.6,51,97.39,7,Completed,DOCK-8,10,9
2026-05-08 19:00:00,OP001,Lucas Martin,A,Afternoon,44,0,478.8,132,97.9,7,Completed,DOCK-1,0,4
2026-05-08 19:00:00,OP020,Mila Faure,E,Afternoon,52,0,716.9,52,96.5,1,Completed,DOCK-4,7,7
2026-05-08 20:00:00,OP001,Lucas Martin,A,Afternoon,46,0,516.4,46,97.36,5,Completed,DOCK-1,3,8
2026-05-08 20:00:00,OP016,Jade Fournier,A,Afternoon,44,0,470.8,44,98.47,2,Completed,DOCK-8,2,11
2026-05-08 20:00:00,OP009,Jules Moreau,D,Afternoon,40,0,352.4,120,98.78,5,Completed,DOCK-1,8,10
2026-05-08 20:00:00,OP013,Raphael Lefebvre,C,Afternoon,58,0,718.8,174,99.48,4,Completed,DOCK-5,1,2
2026-05-08 20:00:00,OP015,Tom Roux,E,Afternoon,59,0,674.7,59,98.16,6,Completed,DOCK-7,1,11
2026-05-08 20:00:00,OP006,Manon Richard,A,Afternoon,44,0,431.4,132,97.48,4,Completed,DOCK-6,4,9
2026-05-08 20:00:00,OP017,Liam Girard,B,Afternoon,45,1,494.6,45,97.93,5,Completed,DOCK-1,6,9
2026-05-08 20:00:00,OP019,Noah Lambert,D,Afternoon,50,0,591.0,150,97.52,7,Completed,DOCK-3,7,1
2026-05-08 20:00:00,OP010,Sarah Laurent,E,Afternoon,64,0,907.7,128,98.89,6,Completed,DOCK-2,8,3
2026-05-08 20:00:00,OP004,Chloe Thomas,D,Afternoon,67,0,783.4,134,98.93,7,Completed,DOCK-4,7,0
2026-05-08 20:00:00,OP008,Lea Durand,C,Afternoon,53,0,670.3,106,99.9,2,Completed,DOCK-8,10,6
2026-05-08 20:00:00,OP012,Camille Michel,B,Afternoon,56,0,807.4,56,98.0,6,Completed,DOCK-4,5,6
2026-05-08 20:00:00,OP003,Hugo Dubois,C,Afternoon,53,0,694.6,106,98.58,3,Completed,DOCK-3,1,4
2026-05-08 21:00:00,OP002,Emma Bernard,B,Afternoon,59,1,824.6,59,99.06,9,Completed,DOCK-2,0,7
2026-05-08 21:00:00,OP020,Mila Faure,E,Afternoon,45,2,459.3,45,97.75,4,Completed,DOCK-4,8,7
2026-05-08 21:00:00,OP014,Ines Leroy,D,Afternoon,44,0,456.2,44,98.04,1,Completed,DOCK-6,9,3
2026-05-08 21:00:00,OP012,Camille Michel,B,Afternoon,48,0,531.3,96,97.73,3,Completed,DOCK-4,0,3
2026-05-08 21:00:00,OP006,Manon Richard,A,Afternoon,51,1,671.0,153,98.24,4,Completed,DOCK-6,8,11
2026-05-08 21:00:00,OP010,Sarah Laurent,E,Afternoon,59,0,698.4,118,96.83,4,Delayed,DOCK-2,5,4
2026-05-08 21:00:00,OP005,Louis Robert,E,Afternoon,55,1,576.8,165,99.08,4,Completed,DOCK-5,8,0
2026-05-08 21:00:00,OP015,Tom Roux,E,Afternoon,59,0,515.7,59,96.5,4,Completed,DOCK-7,8,10
2026-05-08 21:00:00,OP017,Liam Girard,B,Afternoon,57,0,675.2,57,98.26,5,Completed,DOCK-1,6,3
2026-05-08 21:00:00,OP008,Lea Durand,C,Afternoon,59,2,534.9,177,97.46,4,Completed,DOCK-8,1,3
2026-05-08 21:00:00,OP011,Adam Simon,A,Afternoon,51,0,486.9,51,96.91,6,Completed,DOCK-3,6,6
2026-05-08 22:00:00,OP016,Jade Fournier,A,Night,41,0,377.4,41,98.44,1,Completed,DOCK-8,3,11
2026-05-08 22:00:00,OP014,Ines Leroy,D,Night,40,1,575.8,40,98.86,3,Completed,DOCK-6,6,5
2026-05-08 22:00:00,OP015,Tom Roux,E,Night,46,0,618.7,138,97.66,4,Completed,DOCK-7,8,0
2026-05-08 22:00:00,OP012,Camille Michel,B,Night,33,2,331.9,99,98.29,3,Completed,DOCK-4,1,9
2026-05-08 22:00:00,OP008,Lea Durand,C,Night,37,1,398.5,74,97.39,3,Completed,DOCK-8,0,2
2026-05-08 22:00:00,OP017,Liam Girard,B,Night,39,0,354.6,39,97.24,1,Completed,DOCK-1,6,4
2026-05-08 22:00:00,OP007,Nathan Petit,B,Night,47,0,496.7,94,98.16,4,Delayed,DOCK-7,0,0
2026-05-08 22:00:00,OP020,Mila Faure,E,Night,41,0,453.1,41,98.01,5,Completed,DOCK-4,0,10
2026-05-08 23:00:00,OP004,Chloe Thomas,D,Night,44,0,635.9,88,96.89,2,Completed,DOCK-4,7,8
2026-05-08 23:00:00,OP003,Hugo Dubois,C,Night,42,0,585.6,42,98.61,5,Cancelled,DOCK-3,7,6
2026-05-08 23:00:00,OP016,Jade Fournier,A,Night,32,0,322.7,64,98.06,5,Delayed,DOCK-8,7,9
2026-05-08 23:00:00,OP007,Nathan Petit,B,Night,43,0,412.6,86,98.26,5,Completed,DOCK-7,0,8
2026-05-08 23:00:00,OP006,Manon Richard,A,Night,42,1,551.6,42,99.75,2,Completed,DOCK-6,0,0
2026-05-08 23:00:00,OP010,Sarah Laurent,E,Night,40,0,438.2,120,98.3,2,Delayed,DOCK-2,9,0
2026-05-08 23:00:00,OP005,Louis Robert,E,Night,43,0,404.0,43,97.8,6,Completed,DOCK-5,3,7
2026-05-08 23:00:00,OP014,Ines Leroy,D,Night,34,0,316.0,34,97.36,4,Completed,DOCK-6,8,8
2026-05-08 23:00:00,OP013,Raphael Lefebvre,C,Night,42,0,496.0,84,97.25,6,Completed,DOCK-5,3,8
2026-05-09 00:00:00,OP019,Noah Lambert,D,Night,37,0,482.7,37,96.44,5,Cancelled,DOCK-3,11,8
2026-05-09 00:00:00,OP001,Lucas Martin,A,Night,28,0,314.1,56,97.51,2,Completed,DOCK-1,5,5
2026-05-09 00:00:00,OP010,Sarah Laurent,E,Night,34,1,326.2,34,99.21,1,Completed,DOCK-2,8,3
2026-05-09 00:00:00,OP002,Emma Bernard,B,Night,39,1,385.9,78,97.32,2,Completed,DOCK-2,5,3
2026-05-09 00:00:00,OP011,Adam Simon,A,Night,33,0,385.5,33,97.2,4,Completed,DOCK-3,1,5
2026-05-09 00:00:00,OP004,Chloe Thomas,D,Night,36,0,499.1,36,97.27,3,Completed,DOCK-4,0,7
2026-05-09 00:00:00,OP003,Hugo Dubois,C,Night,31,1,396.4,62,97.78,4,Delayed,DOCK-3,3,2
2026-05-09 00:00:00,OP008,Lea Durand,C,Night,34,0,312.0,34,96.64,7,Completed,DOCK-8,8,4
2026-05-09 00:00:00,OP005,Louis Robert,E,Night,46,0,579.4,92,98.26,5,Completed,DOCK-5,6,3
2026-05-09 00:00:00,OP016,Jade Fournier,A,Night,25,0,265.9,75,97.92,3,Completed,DOCK-8,5,10
2026-05-09 00:00:00,OP007,Nathan Petit,B,Night,31,0,285.9,62,99.06,1,Cancelled,DOCK-7,2,11
2026-05-09 00:00:00,OP006,Manon Richard,A,Night,25,0,356.2,50,97.4,3,Completed,DOCK-6,4,1
2026-05-09 00:00:00,OP017,Liam Girard,B,Night,31,0,359.7,93,98.41,2,Completed,DOCK-1,4,6
2026-05-09 00:00:00,OP012,Camille Michel,B,Night,25,0,292.3,75,97.62,3,Completed,DOCK-4,6,9
2026-05-09 00:00:00,OP018,Lina Bonnet,C,Night,43,1,449.1,86,98.81,1,Delayed,DOCK-2,1,0
2026-05-09 01:00:00,OP002,Emma Bernard,B,Night,22,1,236.0,44,98.69,2,Completed,DOCK-2,10,1
2026-05-09 01:00:00,OP013,Raphael Lefebvre,C,Night,33,0,404.9,99,97.85,6,Completed,DOCK-5,10,11
2026-05-09 01:00:00,OP017,Liam Girard,B,Night,31,0,391.7,31,96.84,5,Completed,DOCK-1,0,0
2026-05-09 01:00:00,OP008,Lea Durand,C,Night,37,1,506.4,37,98.52,4,Completed,DOCK-8,4,7
2026-05-09 01:00:00,OP005,Louis Robert,E,Night,34,0,452.5,102,97.9,4,Delayed,DOCK-5,11,9
2026-05-09 01:00:00,OP015,Tom Roux,E,Night,40,0,367.3,120,99.19,5,Completed,DOCK-7,6,6
2026-05-09 01:00:00,OP012,Camille Michel,B,Night,26,0,241.3,52,97.36,4,Delayed,DOCK-4,5,7
2026-05-09 01:00:00,OP009,Jules Moreau,D,Night,27,0,347.4,54,97.37,4,Delayed,DOCK-1,7,9
2026-05-09 01:00:00,OP010,Sarah Laurent,E,Night,36,1,519.3,36,99.9,4,Completed,DOCK-2,1,4
2026-05-09 01:00:00,OP016,Jade Fournier,A,Night,39,0,499.1,117,97.31,3,Completed,DOCK-8,1,8
2026-05-09 01:00:00,OP001,Lucas Martin,A,Night,33,0,453.0,99,97.84,4,Completed,DOCK-1,5,4
2026-05-09 01:00:00,OP006,Manon Richard,A,Night,37,3,339.3,37,98.69,3,Completed,DOCK-6,9,9
2026-05-09 02:00:00,OP004,Chloe Thomas,D,Night,37,0,518.1,74,99.17,1,Completed,DOCK-4,2,5
2026-05-09 02:00:00,OP006,Manon Richard,A,Night,35,0,434.1,35,97.82,2,Completed,DOCK-6,7,8
2026-05-09 02:00:00,OP003,Hugo Dubois,C,Night,33,0,334.0,99,96.6,2,Completed,DOCK-3,6,11
2026-05-09 02:00:00,OP008,Lea Durand,C,Night,25,0,264.9,25,98.19,5,Delayed,DOCK-8,1,1
2026-05-09 02:00:00,OP001,Lucas Martin,A,Night,25,2,213.0,75,98.47,2,Completed,DOCK-1,7,5
2026-05-09 02:00:00,OP012,Camille Michel,B,Night,31,1,294.9,62,97.2,1,Completed,DOCK-4,4,10
2026-05-09 02:00:00,OP018,Lina Bonnet,C,Night,49,0,637.5,147,98.66,6,Delayed,DOCK-2,6,5
2026-05-09 02:00:00,OP016,Jade Fournier,A,Night,35,0,344.8,105,98.26,4,Delayed,DOCK-8,7,5
2026-05-09 03:00:00,OP005,Louis Robert,E,Night,36,0,372.5,36,97.79,4,Completed,DOCK-5,10,9
2026-05-09 03:00:00,OP009,Jules Moreau,D,Night,30,0,366.4,90,97.01,6,Cancelled,DOCK-1,2,2
2026-05-09 03:00:00,OP004,Chloe Thomas,D,Night,36,0,363.5,36,98.52,4,Completed,DOCK-4,9,3
2026-05-09 03:00:00,OP008,Lea Durand,C,Night,33,0,282.2,99,97.9,1,Completed,DOCK-8,9,5
2026-05-09 03:00:00,OP020,Mila Faure,E,Night,26,0,255.0,26,97.07,2,Completed,DOCK-4,5,2
2026-05-09 03:00:00,OP018,Lina Bonnet,C,Night,44,0,469.5,132,98.81,4,Completed,DOCK-2,0,2
2026-05-09 03:00:00,OP007,Nathan Petit,B,Night,36,1,498.8,36,98.12,2,Completed,DOCK-7,4,9
2026-05-09 03:00:00,OP011,Adam Simon,A,Night,25,0,351.2,25,98.85,1,Completed,DOCK-3,6,11
2026-05-09 03:00:00,OP019,Noah Lambert,D,Night,31,1,346.3,31,97.45,3,Cancelled,DOCK-3,7,1
2026-05-09 03:00:00,OP017,Liam Girard,B,Night,25,1,233.0,50,97.08,1,Completed,DOCK-1,11,1
2026-05-09 03:00:00,OP016,Jade Fournier,A,Night,37,0,515.0,74,97.03,1,Delayed,DOCK-8,10,8
2026-05-09 03:00:00,OP002,Emma Bernard,B,Night,29,0,389.3,58,99.35,3,Completed,DOCK-2,2,5
2026-05-09 03:00:00,OP010,Sarah Laurent,E,Night,48,0,673.3,48,97.91,3,Completed,DOCK-2,9,10
2026-05-09 03:00:00,OP013,Raphael Lefebvre,C,Night,39,0,481.2,117,97.86,6,Completed,DOCK-5,9,8
2026-05-09 03:00:00,OP012,Camille Michel,B,Night,28,0,362.3,56,97.96,1,Cancelled,DOCK-4,11,3
2026-05-09 04:00:00,OP020,Mila Faure,E,Night,26,0,282.0,78,97.05,1,Delayed,DOCK-4,2,3
2026-05-09 04:00:00,OP016,Jade Fournier,A,Night,46,0,629.8,46,96.85,1,Completed,DOCK-8,9,6
2026-05-09 04:00:00,OP011,Adam Simon,A,Night,35,2,424.7,70,97.49,3,Completed,DOCK-3,9,11
2026-05-09 04:00:00,OP012,Camille Michel,B,Night,25,0,343.9,75,97.5,4,Completed,DOCK-4,9,8
2026-05-09 04:00:00,OP004,Chloe Thomas,D,Night,26,0,307.7,26,99.73,1,Cancelled,DOCK-4,11,11
2026-05-09 04:00:00,OP013,Raphael Lefebvre,C,Night,40,0,478.6,80,98.81,3,Completed,DOCK-5,9,4
2026-05-09 04:00:00,OP015,Tom Roux,E,Night,42,1,605.3,42,97.92,1,Completed,DOCK-7,1,0
2026-05-09 04:00:00,OP018,Lina Bonnet,C,Night,43,0,605.1,86,99.9,7,Completed,DOCK-2,0,9
2026-05-09 05:00:00,OP001,Lucas Martin,A,Night,32,0,409.7,32,97.9,1,Completed,DOCK-1,3,3
2026-05-09 05:00:00,OP016,Jade Fournier,A,Night,35,0,486.3,105,97.55,3,Completed,DOCK-8,7,7
2026-05-09 05:00:00,OP005,Louis Robert,E,Night,25,0,253.6,25,96.77,8,Completed,DOCK-5,10,5
2026-05-09 05:00:00,OP004,Chloe Thomas,D,Night,37,0,444.8,74,98.47,1,Completed,DOCK-4,2,6
2026-05-09 05:00:00,OP017,Liam Girard,B,Night,25,0,224.1,75,98.04,5,Completed,DOCK-1,9,11
2026-05-09 05:00:00,OP019,Noah Lambert,D,Night,39,0,333.4,117,98.44,3,Delayed,DOCK-3,4,10
2026-05-09 05:00:00,OP002,Emma Bernard,B,Night,29,0,355.3,29,98.31,5,Completed,DOCK-2,0,5
2026-05-09 05:00:00,OP013,Raphael Lefebvre,C,Night,39,1,480.5,39,98.32,5,Delayed,DOCK-5,2,10
2026-05-09 05:00:00,OP010,Sarah Laurent,E,Night,30,0,399.9,60,99.22,6,Completed,DOCK-2,1,4
2026-05-09 05:00:00,OP008,Lea Durand,C,Night,43,2,543.7,43,97.81,3,Completed,DOCK-8,3,11
2026-05-09 05:00:00,OP009,Jules Moreau,D,Night,31,0,361.3,93,98.51,3,Completed,DOCK-1,2,2
2026-05-09 06:00:00,OP005,Louis Robert,E,Morning,64,1,925.4,128,99.9,11,Completed,DOCK-5,1,2
2026-05-09 06:00:00,OP020,Mila Faure,E,Morning,54,0,463.5,162,97.61,5,Completed,DOCK-4,7,4
2026-05-09 06:00:00,OP013,Raphael Lefebvre,C,Morning,63,1,609.6,126,97.84,5,Completed,DOCK-5,9,4
2026-05-09 06:00:00,OP006,Manon Richard,A,Morning,57,1,711.7,114,97.98,7,Completed,DOCK-6,3,1
2026-05-09 06:00:00,OP004,Chloe Thomas,D,Morning,72,0,615.0,72,98.35,5,Completed,DOCK-4,10,3
2026-05-09 06:00:00,OP009,Jules Moreau,D,Morning,61,1,585.0,122,98.45,5,Completed,DOCK-1,11,4
2026-05-09 06:00:00,OP017,Liam Girard,B,Morning,62,0,852.1,186,97.61,2,Completed,DOCK-1,11,5
2026-05-09 06:00:00,OP014,Ines Leroy,D,Morning,61,1,611.2,183,97.46,7,Completed,DOCK-6,8,7
2026-05-09 06:00:00,OP018,Lina Bonnet,C,Morning,64,0,805.0,192,97.32,4,Completed,DOCK-2,10,10
2026-05-09 06:00:00,OP008,Lea Durand,C,Morning,60,1,544.6,120,97.99,5,Completed,DOCK-8,1,9
2026-05-09 06:00:00,OP007,Nathan Petit,B,Morning,57,0,746.5,57,97.52,7,Completed,DOCK-7,2,1
2026-05-09 06:00:00,OP010,Sarah Laurent,E,Morning,64,0,641.2,64,99.9,5,Completed,DOCK-2,3,4
2026-05-09 07:00:00,OP015,Tom Roux,E,Morning,72,1,923.6,216,98.28,7,Completed,DOCK-7,7,3
2026-05-09 07:00:00,OP003,Hugo Dubois,C,Morning,56,0,692.3,112,98.51,5,Completed,DOCK-3,11,10
2026-05-09 07:00:00,OP020,Mila Faure,E,Morning,55,1,551.3,55,97.72,5,Completed,DOCK-4,9,8
2026-05-09 07:00:00,OP006,Manon Richard,A,Morning,59,0,592.3,118,98.02,3,Completed,DOCK-6,5,10
2026-05-09 07:00:00,OP007,Nathan Petit,B,Morning,71,1,753.9,142,99.9,4,Delayed,DOCK-7,5,5
2026-05-09 07:00:00,OP005,Louis Robert,E,Morning,61,0,788.4,61,97.8,6,Completed,DOCK-5,3,5
2026-05-09 07:00:00,OP016,Jade Fournier,A,Morning,57,1,612.6,57,97.43,4,Completed,DOCK-8,11,4
2026-05-09 07:00:00,OP010,Sarah Laurent,E,Morning,59,0,811.4,118,97.57,4,Completed,DOCK-2,2,10
2026-05-09 08:00:00,OP009,Jules Moreau,D,Morning,51,0,494.5,51,97.06,3,Completed,DOCK-1,10,4
2026-05-09 08:00:00,OP002,Emma Bernard,B,Morning,65,3,658.8,130,97.19,4,Completed,DOCK-2,7,9
2026-05-09 08:00:00,OP007,Nathan Petit,B,Morning,71,0,779.4,71,97.64,7,Completed,DOCK-7,4,0
2026-05-09 08:00:00,OP003,Hugo Dubois,C,Morning,55,0,569.1,55,97.87,5,Completed,DOCK-3,10,10
2026-05-09 08:00:00,OP019,Noah Lambert,D,Morning,60,0,784.1,120,97.49,9,Delayed,DOCK-3,6,2
2026-05-09 08:00:00,OP010,Sarah Laurent,E,Morning,74,0,765.6,148,97.66,6,Completed,DOCK-2,2,8
2026-05-09 08:00:00,OP012,Camille Michel,B,Morning,50,2,434.9,100,97.44,6,Completed,DOCK-4,3,4
2026-05-09 08:00:00,OP020,Mila Faure,E,Morning,63,3,896.8,63,96.72,3,Completed,DOCK-4,5,6
2026-05-09 08:00:00,OP015,Tom Roux,E,Morning,69,1,1000.4,207,99.9,6,Completed,DOCK-7,10,0
2026-05-09 08:00:00,OP017,Liam Girard,B,Morning,53,1,521.9,159,97.54,6,Completed,DOCK-1,9,8
2026-05-09 08:00:00,OP018,Lina Bonnet,C,Morning,62,1,573.3,124,98.51,1,Completed,DOCK-2,11,6
2026-05-09 08:00:00,OP005,Louis Robert,E,Morning,57,0,558.1,57,96.16,2,Completed,DOCK-5,0,6
2026-05-09 08:00:00,OP008,Lea Durand,C,Morning,55,0,773.9,55,97.91,5,Completed,DOCK-8,10,7
2026-05-09 08:00:00,OP006,Manon Richard,A,Morning,58,0,791.0,174,97.64,3,Completed,DOCK-6,4,7
2026-05-09 08:00:00,OP011,Adam Simon,A,Morning,50,1,616.0,100,98.3,2,Completed,DOCK-3,3,4
2026-05-09 09:00:00,OP004,Chloe Thomas,D,Morning,69,1,697.8,69,97.98,9,Completed,DOCK-4,10,9
2026-05-09 09:00:00,OP015,Tom Roux,E,Morning,76,1,992.0,152,98.45,5,Completed,DOCK-7,7,7
2026-05-09 09:00:00,OP001,Lucas Martin,A,Morning,52,0,709.6,52,96.89,11,Completed,DOCK-1,6,9
2026-05-09 09:00:00,OP002,Emma Bernard,B,Morning,62,1,828.6,124,96.61,6,Delayed,DOCK-2,11,5
2026-05-09 09:00:00,OP018,Lina Bonnet,C,Morning,72,0,682.5,72,97.67,6,Completed,DOCK-2,4,9
2026-05-09 09:00:00,OP008,Lea Durand,C,Morning,66,2,948.3,132,98.33,9,Completed,DOCK-8,6,6
2026-05-09 09:00:00,OP019,Noah Lambert,D,Morning,63,1,651.7,126,98.21,2,Completed,DOCK-3,6,9
2026-05-09 09:00:00,OP010,Sarah Laurent,E,Morning,64,0,655.3,64,97.95,6,Completed,DOCK-2,9,3
2026-05-09 09:00:00,OP020,Mila Faure,E,Morning,54,0,753.0,162,97.4,10,Completed,DOCK-4,4,8
2026-05-09 09:00:00,OP007,Nathan Petit,B,Morning,65,0,864.8,65,97.54,3,Completed,DOCK-7,11,1
2026-05-09 09:00:00,OP016,Jade Fournier,A,Morning,66,1,563.7,132,98.34,8,Completed,DOCK-8,10,2
2026-05-09 09:00:00,OP005,Louis Robert,E,Morning,56,1,603.3,112,98.24,5,Completed,DOCK-5,5,2
2026-05-09 09:00:00,OP006,Manon Richard,A,Morning,56,0,686.2,112,98.65,3,Completed,DOCK-6,3,6
2026-05-09 10:00:00,OP019,Noah Lambert,D,Morning,54,0,477.7,108,98.43,4,Completed,DOCK-3,9,0
2026-05-09 10:00:00,OP008,Lea Durand,C,Morning,60,1,853.1,60,97.32,6,Completed,DOCK-8,2,7
2026-05-09 10:00:00,OP009,Jules Moreau,D,Morning,50,0,440.0,100,96.62,3,Completed,DOCK-1,1,8
2026-05-09 10:00:00,OP020,Mila Faure,E,Morning,61,1,883.6,61,97.37,2,Completed,DOCK-4,2,4
2026-05-09 10:00:00,OP018,Lina Bonnet,C,Morning,61,0,683.3,61,98.43,1,Completed,DOCK-2,4,9
2026-05-09 10:00:00,OP005,Louis Robert,E,Morning,52,0,543.8,52,96.21,1,Completed,DOCK-5,8,5
2026-05-09 10:00:00,OP012,Camille Michel,B,Morning,52,0,510.3,52,97.56,5,Completed,DOCK-4,0,6
2026-05-09 10:00:00,OP003,Hugo Dubois,C,Morning,66,0,686.5,132,98.59,8,Completed,DOCK-3,3,10
2026-05-09 10:00:00,OP014,Ines Leroy,D,Morning,57,1,525.2,171,96.78,5,Cancelled,DOCK-6,2,4
2026-05-09 10:00:00,OP016,Jade Fournier,A,Morning,63,0,871.6,189,96.6,5,Completed,DOCK-8,3,11
2026-05-09 10:00:00,OP017,Liam Girard,B,Morning,57,1,586.4,114,96.08,3,Completed,DOCK-1,11,5
2026-05-09 10:00:00,OP007,Nathan Petit,B,Morning,59,0,672.3,177,98.88,3,Completed,DOCK-7,11,10
2026-05-09 10:00:00,OP001,Lucas Martin,A,Morning,56,1,778.7,56,96.27,3,Completed,DOCK-1,1,7
2026-05-09 11:00:00,OP016,Jade Fournier,A,Morning,52,1,600.4,52,97.23,2,Delayed,DOCK-8,11,3
2026-05-09 11:00:00,OP010,Sarah Laurent,E,Morning,63,1,745.4,126,97.4,5,Completed,DOCK-2,8,6
2026-05-09 11:00:00,OP009,Jules Moreau,D,Morning,24,0,299.8,48,97.03,1,Completed,DOCK-1,0,10
2026-05-09 11:00:00,OP011,Adam Simon,A,Morning,66,1,842.7,66,98.99,2,Completed,DOCK-3,6,9
2026-05-09 11:00:00,OP019,Noah Lambert,D,Morning,59,1,642.8,177,97.04,6,Completed,DOCK-3,10,6
2026-05-09 11:00:00,OP014,Ines Leroy,D,Morning,53,0,653.1,106,98.67,6,Completed,DOCK-6,11,6
2026-05-09 11:00:00,OP013,Raphael Lefebvre,C,Morning,64,0,796.9,192,96.23,6,Completed,DOCK-5,7,5
2026-05-09 11:00:00,OP012,Camille Michel,B,Morning,50,0,713.1,150,98.16,5,Delayed,DOCK-4,7,2
2026-05-09 11:00:00,OP004,Chloe Thomas,D,Morning,64,0,662.2,128,97.25,1,Completed,DOCK-4,6,4
2026-05-09 11:00:00,OP003,Hugo Dubois,C,Morning,58,0,654.0,174,97.19,8,Completed,DOCK-3,0,7
2026-05-09 11:00:00,OP015,Tom Roux,E,Morning,67,0,657.9,201,98.52,8,Completed,DOCK-7,11,1
2026-05-09 11:00:00,OP006,Manon Richard,A,Morning,55,1,592.6,55,97.34,6,Completed,DOCK-6,8,11
2026-05-09 11:00:00,OP002,Emma Bernard,B,Morning,70,2,792.5,140,98.73,5,Completed,DOCK-2,11,2
2026-05-09 11:00:00,OP017,Liam Girard,B,Morning,63,2,848.0,189,97.34,7,Completed,DOCK-1,8,11
2026-05-09 12:00:00,OP010,Sarah Laurent,E,Morning,55,1,568.9,110,98.05,2,Completed,DOCK-2,9,9
2026-05-09 12:00:00,OP007,Nathan Petit,B,Morning,62,1,611.0,62,97.91,4,Completed,DOCK-7,5,1
2026-05-09 12:00:00,OP013,Raphael Lefebvre,C,Morning,59,0,672.3,118,97.57,6,Completed,DOCK-5,5,10
2026-05-09 12:00:00,OP002,Emma Bernard,B,Morning,68,0,581.7,204,97.73,6,Completed,DOCK-2,4,9
2026-05-09 12:00:00,OP012,Camille Michel,B,Morning,50,1,703.1,150,97.01,5,Completed,DOCK-4,0,1
2026-05-09 12:00:00,OP017,Liam Girard,B,Morning,50,3,612.1,150,97.33,1,Completed,DOCK-1,1,4
2026-05-09 12:00:00,OP016,Jade Fournier,A,Morning,57,1,533.5,114,99.13,5,Completed,DOCK-8,9,6
2026-05-09 12:00:00,OP015,Tom Roux,E,Morning,60,0,741.4,120,99.62,10,Completed,DOCK-7,0,0
2026-05-09 12:00:00,OP020,Mila Faure,E,Morning,58,1,769.3,58,98.46,4,Completed,DOCK-4,9,7
2026-05-09 13:00:00,OP018,Lina Bonnet,C,Morning,50,1,623.3,150,97.23,2,Completed,DOCK-2,0,9
2026-05-09 13:00:00,OP016,Jade Fournier,A,Morning,63,0,905.6,189,97.66,6,Completed,DOCK-8,9,7
2026-05-09 13:00:00,OP003,Hugo Dubois,C,Morning,54,1,587.1,54,97.1,5,Completed,DOCK-3,9,10
2026-05-09 13:00:00,OP014,Ines Leroy,D,Morning,68,0,775.3,204,98.43,5,Completed,DOCK-6,6,7
2026-05-09 13:00:00,OP007,Nathan Petit,B,Morning,55,1,669.7,165,99.9,6,Completed,DOCK-7,1,3
2026-05-09 13:00:00,OP019,Noah Lambert,D,Morning,51,1,507.3,102,98.74,5,Completed,DOCK-3,6,8
2026-05-09 13:00:00,OP004,Chloe Thomas,D,Morning,61,0,540.5,122,98.21,5,Completed,DOCK-4,10,10
2026-05-09 13:00:00,OP010,Sarah Laurent,E,Morning,66,1,598.7,198,99.24,6,Completed,DOCK-2,0,0
2026-05-09 13:00:00,OP012,Camille Michel,B,Morning,50,2,620.1,100,98.57,3,Completed,DOCK-4,2,2
2026-05-09 13:00:00,OP020,Mila Faure,E,Morning,52,1,491.9,104,95.8,4,Completed,DOCK-4,11,1
2026-05-09 13:00:00,OP005,Louis Robert,E,Morning,60,0,628.2,60,97.75,8,Completed,DOCK-5,11,9
2026-05-09 14:00:00,OP012,Camille Michel,B,Afternoon,41,0,424.3,123,99.35,1,Completed,DOCK-4,6,3
2026-05-09 14:00:00,OP017,Liam Girard,B,Afternoon,49,0,698.5,49,97.55,3,Completed,DOCK-1,2,6
2026-05-09 14:00:00,OP010,Sarah Laurent,E,Afternoon,54,0,756.9,108,98.9,3,Completed,DOCK-2,8,3
2026-05-09 14:00:00,OP009,Jules Moreau,D,Afternoon,42,0,482.2,42,98.33,3,Delayed,DOCK-1,1,6
2026-05-09 14:00:00,OP007,Nathan Petit,B,Afternoon,55,0,468.5,165,96.67,3,Completed,DOCK-7,0,2
2026-05-09 14:00:00,OP008,Lea Durand,C,Afternoon,49,0,435.4,98,99.07,1,Completed,DOCK-8,0,4
2026-05-09 14:00:00,OP001,Lucas Martin,A,Afternoon,40,1,511.4,40,98.13,1,Completed,DOCK-1,7,2
2026-05-09 14:00:00,OP011,Adam Simon,A,Afternoon,44,1,453.7,88,97.69,3,Completed,DOCK-3,4,11
2026-05-09 15:00:00,OP003,Hugo Dubois,C,Afternoon,40,0,507.9,40,98.02,4,Completed,DOCK-3,2,3
2026-05-09 15:00:00,OP018,Lina Bonnet,C,Afternoon,57,1,656.9,114,97.2,5,Completed,DOCK-2,9,9
2026-05-09 15:00:00,OP010,Sarah Laurent,E,Afternoon,62,0,820.9,62,97.45,4,Delayed,DOCK-2,10,4
2026-05-09 15:00:00,OP006,Manon Richard,A,Afternoon,46,0,591.5,92,97.55,4,Completed,DOCK-6,9,6
2026-05-09 15:00:00,OP020,Mila Faure,E,Afternoon,46,0,561.7,92,97.53,5,Completed,DOCK-4,6,0
2026-05-09 15:00:00,OP014,Ines Leroy,D,Afternoon,52,0,558.3,52,97.93,3,Delayed,DOCK-6,3,3
2026-05-09 15:00:00,OP002,Emma Bernard,B,Afternoon,55,1,561.1,110,97.77,2,Completed,DOCK-2,8,8
2026-05-09 15:00:00,OP019,Noah Lambert,D,Afternoon,52,0,571.6,104,98.31,3,Cancelled,DOCK-3,0,1
2026-05-09 15:00:00,OP012,Camille Michel,B,Afternoon,46,1,631.7,92,97.12,1,Completed,DOCK-4,8,0
2026-05-09 15:00:00,OP009,Jules Moreau,D,Afternoon,46,0,664.0,46,98.62,7,Completed,DOCK-1,4,0
2026-05-09 15:00:00,OP005,Louis Robert,E,Afternoon,55,1,513.4,110,99.08,3,Completed,DOCK-5,10,10
2026-05-09 15:00:00,OP011,Adam Simon,A,Afternoon,40,1,341.0,120,98.86,4,Completed,DOCK-3,10,9
2026-05-09 15:00:00,OP017,Liam Girard,B,Afternoon,45,2,548.9,135,98.48,4,Completed,DOCK-1,9,3
2026-05-09 16:00:00,OP009,Jules Moreau,D,Afternoon,47,1,485.2,94,98.15,3,Cancelled,DOCK-1,4,5
2026-05-09 16:00:00,OP010,Sarah Laurent,E,Afternoon,51,0,664.7,51,97.78,5,Completed,DOCK-2,2,7
2026-05-09 16:00:00,OP014,Ines Leroy,D,Afternoon,47,2,449.9,47,97.84,5,Completed,DOCK-6,1,7
2026-05-09 16:00:00,OP015,Tom Roux,E,Afternoon,53,0,494.2,53,99.9,1,Completed,DOCK-7,6,5
2026-05-09 16:00:00,OP017,Liam Girard,B,Afternoon,50,1,630.3,50,99.33,4,Completed,DOCK-1,0,4
2026-05-09 16:00:00,OP006,Manon Richard,A,Afternoon,45,0,393.8,45,97.21,5,Cancelled,DOCK-6,5,5
2026-05-09 16:00:00,OP007,Nathan Petit,B,Afternoon,49,0,446.4,147,98.3,2,Completed,DOCK-7,3,9
2026-05-09 16:00:00,OP012,Camille Michel,B,Afternoon,40,1,536.3,120,98.05,8,Completed,DOCK-4,7,2
2026-05-09 17:00:00,OP010,Sarah Laurent,E,Afternoon,44,0,591.4,88,97.99,1,Completed,DOCK-2,3,7
2026-05-09 17:00:00,OP015,Tom Roux,E,Afternoon,54,0,466.9,162,98.94,6,Completed,DOCK-7,11,5
2026-05-09 17:00:00,OP012,Camille Michel,B,Afternoon,46,2,467.6,138,96.77,3,Completed,DOCK-4,1,5
2026-05-09 17:00:00,OP002,Emma Bernard,B,Afternoon,52,0,540.3,52,98.16,3,Cancelled,DOCK-2,5,9
2026-05-09 17:00:00,OP005,Louis Robert,E,Afternoon,49,1,702.4,147,99.25,2,Completed,DOCK-5,1,8
2026-05-09 17:00:00,OP017,Liam Girard,B,Afternoon,44,0,583.0,44,97.28,1,Delayed,DOCK-1,6,2
2026-05-09 17:00:00,OP003,Hugo Dubois,C,Afternoon,43,0,536.3,43,97.93,6,Completed,DOCK-3,0,9
2026-05-09 17:00:00,OP006,Manon Richard,A,Afternoon,40,0,437.3,80,98.21,2,Completed,DOCK-6,7,3
2026-05-09 17:00:00,OP014,Ines Leroy,D,Afternoon,45,2,642.1,90,97.16,2,Completed,DOCK-6,5,0
2026-05-09 18:00:00,OP012,Camille Michel,B,Afternoon,42,1,494.8,126,99.26,9,Completed,DOCK-4,10,9
2026-05-09 18:00:00,OP007,Nathan Petit,B,Afternoon,55,0,601.0,165,98.64,3,Completed,DOCK-7,11,2
2026-05-09 18:00:00,OP004,Chloe Thomas,D,Afternoon,51,1,568.1,153,98.43,2,Completed,DOCK-4,2,1
2026-05-09 18:00:00,OP015,Tom Roux,E,Afternoon,58,0,739.2,174,99.9,4,Cancelled,DOCK-7,5,1
2026-05-09 18:00:00,OP011,Adam Simon,A,Afternoon,42,1,511.9,42,98.51,2,Completed,DOCK-3,1,5
2026-05-09 18:00:00,OP001,Lucas Martin,A,Afternoon,40,0,488.1,40,99.05,4,Completed,DOCK-1,4,0
2026-05-09 18:00:00,OP008,Lea Durand,C,Afternoon,40,1,521.0,80,98.11,1,Completed,DOCK-8,8,1
2026-05-09 18:00:00,OP003,Hugo Dubois,C,Afternoon,51,2,486.6,51,98.11,6,Completed,DOCK-3,2,11
2026-05-09 18:00:00,OP014,Ines Leroy,D,Afternoon,43,0,512.9,86,97.54,4,Completed,DOCK-6,2,10
2026-05-09 18:00:00,OP018,Lina Bonnet,C,Afternoon,43,0,573.2,129,98.92,3,Completed,DOCK-2,8,5
2026-05-09 18:00:00,OP005,Louis Robert,E,Afternoon,44,0,491.3,44,97.47,5,Completed,DOCK-5,5,2
2026-05-09 18:00:00,OP010,Sarah Laurent,E,Afternoon,40,1,473.8,120,98.71,6,Completed,DOCK-2,0,10
2026-05-09 19:00:00,OP002,Emma Bernard,B,Afternoon,55,0,743.9,55,96.49,5,Completed,DOCK-2,1,0
2026-05-09 19:00:00,OP004,Chloe Thomas,D,Afternoon,45,2,481.3,135,98.6,1,Completed,DOCK-4,6,0
2026-05-09 19:00:00,OP015,Tom Roux,E,Afternoon,49,0,447.7,98,97.59,5,Completed,DOCK-7,4,7
2026-05-09 19:00:00,OP005,Louis Robert,E,Afternoon,46,0,622.1,138,98.43,4,Completed,DOCK-5,0,1
2026-05-09 19:00:00,OP018,Lina Bonnet,C,Afternoon,58,0,612.0,174,97.96,3,Completed,DOCK-2,3,5
2026-05-09 19:00:00,OP017,Liam Girard,B,Afternoon,44,2,545.0,132,98.42,4,Completed,DOCK-1,11,11
2026-05-09 19:00:00,OP020,Mila Faure,E,Afternoon,42,0,567.7,84,97.79,4,Completed,DOCK-4,2,11
2026-05-09 19:00:00,OP011,Adam Simon,A,Afternoon,40,0,507.8,120,99.73,3,Completed,DOCK-3,2,7
2026-05-09 19:00:00,OP003,Hugo Dubois,C,Afternoon,50,0,488.8,50,96.87,6,Completed,DOCK-3,0,10
2026-05-09 20:00:00,OP006,Manon Richard,A,Afternoon,40,0,389.7,120,97.65,6,Completed,DOCK-6,11,6
2026-05-09 20:00:00,OP014,Ines Leroy,D,Afternoon,53,1,725.8,159,96.99,6,Completed,DOCK-6,9,0
2026-05-09 20:00:00,OP012,Camille Michel,B,Afternoon,56,1,646.3,56,98.63,3,Completed,DOCK-4,2,11
2026-05-09 20:00:00,OP010,Sarah Laurent,E,Afternoon,55,2,498.0,55,99.41,5,Completed,DOCK-2,3,11
2026-05-09 20:00:00,OP002,Emma Bernard,B,Afternoon,47,0,469.1,47,97.2,4,Completed,DOCK-2,9,3
2026-05-09 20:00:00,OP017,Liam Girard,B,Afternoon,40,0,477.5,40,97.23,4,Completed,DOCK-1,9,2
2026-05-09 20:00:00,OP004,Chloe Thomas,D,Afternoon,54,0,693.5,162,97.74,6,Completed,DOCK-4,5,8
2026-05-09 20:00:00,OP007,Nathan Petit,B,Afternoon,58,0,834.0,58,98.37,3,Completed,DOCK-7,11,7
2026-05-09 20:00:00,OP016,Jade Fournier,A,Afternoon,46,1,494.8,138,98.25,4,Completed,DOCK-8,3,5
2026-05-09 20:00:00,OP018,Lina Bonnet,C,Afternoon,48,0,542.8,96,98.51,5,Completed,DOCK-2,8,2
2026-05-09 20:00:00,OP013,Raphael Lefebvre,C,Afternoon,56,1,617.8,112,98.02,4,Completed,DOCK-5,8,3
2026-05-09 20:00:00,OP001,Lucas Martin,A,Afternoon,40,0,486.0,80,97.35,5,Completed,DOCK-1,0,6
2026-05-09 20:00:00,OP015,Tom Roux,E,Afternoon,55,1,781.0,55,99.22,5,Completed,DOCK-7,5,2
2026-05-09 21:00:00,OP013,Raphael Lefebvre,C,Afternoon,52,0,730.9,52,96.99,8,Completed,DOCK-5,6,3
2026-05-09 21:00:00,OP008,Lea Durand,C,Afternoon,45,0,455.5,45,98.98,3,Completed,DOCK-8,8,3
2026-05-09 21:00:00,OP007,Nathan Petit,B,Afternoon,53,2,693.1,159,98.88,7,Completed,DOCK-7,5,7
2026-05-09 21:00:00,OP020,Mila Faure,E,Afternoon,46,0,457.7,46,97.56,1,Completed,DOCK-4,0,3
2026-05-09 21:00:00,OP001,Lucas Martin,A,Afternoon,42,0,420.8,42,97.56,6,Completed,DOCK-1,9,0
2026-05-09 21:00:00,OP006,Manon Richard,A,Afternoon,40,0,430.7,40,98.26,4,Delayed,DOCK-6,0,2
2026-05-09 21:00:00,OP003,Hugo Dubois,C,Afternoon,44,3,608.9,44,99.29,3,Completed,DOCK-3,10,5
2026-05-09 21:00:00,OP009,Jules Moreau,D,Afternoon,42,0,427.8,84,98.99,1,Cancelled,DOCK-1,0,1
2026-05-09 21:00:00,OP010,Sarah Laurent,E,Afternoon,52,0,642.0,104,97.35,6,Completed,DOCK-2,3,8
2026-05-09 22:00:00,OP011,Adam Simon,A,Night,33,0,369.3,33,98.74,1,Completed,DOCK-3,8,2
2026-05-09 22:00:00,OP005,Louis Robert,E,Night,37,1,368.8,37,97.44,4,Completed,DOCK-5,11,1
2026-05-09 22:00:00,OP014,Ines Leroy,D,Night,31,1,316.7,62,97.21,2,Completed,DOCK-6,0,4
2026-05-09 22:00:00,OP010,Sarah Laurent,E,Night,36,0,510.9,36,98.03,5,Completed,DOCK-2,7,3
2026-05-09 22:00:00,OP007,Nathan Petit,B,Night,44,1,440.4,132,98.9,2,Completed,DOCK-7,7,6
2026-05-09 22:00:00,OP019,Noah Lambert,D,Night,32,2,347.1,96,99.67,1,Completed,DOCK-3,7,4
2026-05-09 22:00:00,OP017,Liam Girard,B,Night,33,0,281.5,33,96.93,3,Completed,DOCK-1,9,8
2026-05-09 22:00:00,OP009,Jules Moreau,D,Night,33,0,338.1,33,98.4,2,Completed,DOCK-1,10,5
2026-05-09 23:00:00,OP018,Lina Bonnet,C,Night,42,0,509.8,42,98.89,6,Completed,DOCK-2,2,4
2026-05-09 23:00:00,OP012,Camille Michel,B,Night,35,0,380.6,105,98.71,1,Completed,DOCK-4,8,3
2026-05-09 23:00:00,OP007,Nathan Petit,B,Night,48,0,594.4,48,97.61,3,Delayed,DOCK-7,4,4
2026-05-09 23:00:00,OP004,Chloe Thomas,D,Night,37,0,371.6,37,98.09,4,Completed,DOCK-4,4,7
2026-05-09 23:00:00,OP009,Jules Moreau,D,Night,31,0,285.6,93,97.76,1,Completed,DOCK-1,2,2
2026-05-09 23:00:00,OP015,Tom Roux,E,Night,39,2,510.9,39,98.85,3,Delayed,DOCK-7,3,7
2026-05-09 23:00:00,OP013,Raphael Lefebvre,C,Night,37,0,530.4,74,98.46,2,Completed,DOCK-5,4,1
2026-05-09 23:00:00,OP014,Ines Leroy,D,Night,36,0,462.7,108,97.63,3,Delayed,DOCK-6,10,4
2026-05-09 23:00:00,OP016,Jade Fournier,A,Night,39,0,379.5,78,99.05,1,Delayed,DOCK-8,7,8
2026-05-09 23:00:00,OP001,Lucas Martin,A,Night,35,0,312.4,35,98.38,4,Completed,DOCK-1,5,10
2026-05-10 00:00:00,OP004,Chloe Thomas,D,Night,42,0,424.5,126,96.75,1,Delayed,DOCK-4,2,11
2026-05-10 00:00:00,OP001,Lucas Martin,A,Night,25,0,269.8,75,97.14,1,Delayed,DOCK-1,10,8
2026-05-10 00:00:00,OP020,Mila Faure,E,Night,36,0,316.7,36,98.55,5,Completed,DOCK-4,4,4
2026-05-10 00:00:00,OP017,Liam Girard,B,Night,31,0,366.6,31,98.34,4,Completed,DOCK-1,1,10
2026-05-10 00:00:00,OP012,Camille Michel,B,Night,30,1,363.9,30,97.97,2,Completed,DOCK-4,1,9
2026-05-10 00:00:00,OP010,Sarah Laurent,E,Night,40,1,353.2,80,98.78,3,Completed,DOCK-2,5,3
2026-05-10 00:00:00,OP011,Adam Simon,A,Night,32,0,427.8,96,96.75,2,Completed,DOCK-3,0,5
2026-05-10 00:00:00,OP014,Ines Leroy,D,Night,27,1,357.9,27,98.46,1,Delayed,DOCK-6,7,9
2026-05-10 00:00:00,OP015,Tom Roux,E,Night,49,0,534.7,49,97.53,3,Completed,DOCK-7,7,6
2026-05-10 00:00:00,OP018,Lina Bonnet,C,Night,51,0,550.1,51,98.09,5,Completed,DOCK-2,10,6
2026-05-10 01:00:00,OP017,Liam Girard,B,Night,25,1,266.1,25,97.67,1,Completed,DOCK-1,4,3
2026-05-10 01:00:00,OP018,Lina Bonnet,C,Night,36,0,370.8,108,98.4,2,Completed,DOCK-2,8,8
2026-05-10 01:00:00,OP010,Sarah Laurent,E,Night,34,0,431.7,34,97.99,5,Completed,DOCK-2,0,2
2026-05-10 01:00:00,OP005,Louis Robert,E,Night,38,0,455.2,38,98.51,5,Delayed,DOCK-5,10,7
2026-05-10 01:00:00,OP012,Camille Michel,B,Night,25,0,360.2,25,98.68,1,Completed,DOCK-4,7,9
2026-05-10 01:00:00,OP008,Lea Durand,C,Night,32,0,405.8,64,98.02,3,Delayed,DOCK-8,8,0
2026-05-10 01:00:00,OP019,Noah Lambert,D,Night,35,0,302.2,105,97.55,2,Delayed,DOCK-3,5,1
2026-05-10 01:00:00,OP002,Emma Bernard,B,Night,40,0,566.6,80,98.63,3,Delayed,DOCK-2,6,3
2026-05-10 01:00:00,OP006,Manon Richard,A,Night,32,0,350.1,64,99.75,1,Completed,DOCK-6,5,6
2026-05-10 01:00:00,OP020,Mila Faure,E,Night,29,0,331.3,58,98.38,2,Completed,DOCK-4,3,8
2026-05-10 01:00:00,OP011,Adam Simon,A,Night,27,1,316.0,27,98.05,3,Completed,DOCK-3,2,5
2026-05-10 01:00:00,OP014,Ines Leroy,D,Night,27,1,233.1,81,98.26,1,Delayed,DOCK-6,8,3
2026-05-10 01:00:00,OP007,Nathan Petit,B,Night,41,0,410.2,82,98.89,1,Completed,DOCK-7,7,11
2026-05-10 02:00:00,OP011,Adam Simon,A,Night,29,0,324.0,29,97.89,3,Completed,DOCK-3,7,4
2026-05-10 02:00:00,OP017,Liam Girard,B,Night,31,0,373.2,93,97.13,2,Completed,DOCK-1,8,10
2026-05-10 02:00:00,OP015,Tom Roux,E,Night,34,0,357.4,68,99.68,4,Delayed,DOCK-7,1,6
2026-05-10 02:00:00,OP019,Noah Lambert,D,Night,39,1,530.1,39,97.29,2,Delayed,DOCK-3,4,3
2026-05-10 02:00:00,OP003,Hugo Dubois,C,Night,28,0,362.9,56,98.28,2,Completed,DOCK-3,7,7
2026-05-10 02:00:00,OP005,Louis Robert,E,Night,27,0,355.4,81,97.8,4,Completed,DOCK-5,2,9
2026-05-10 02:00:00,OP009,Jules Moreau,D,Night,29,1,388.7,87,97.48,4,Completed,DOCK-1,8,5
2026-05-10 02:00:00,OP016,Jade Fournier,A,Night,32,0,416.5,64,97.74,3,Completed,DOCK-8,7,9
2026-05-10 02:00:00,OP018,Lina Bonnet,C,Night,49,0,578.0,98,98.47,5,Completed,DOCK-2,5,4
2026-05-10 02:00:00,OP004,Chloe Thomas,D,Night,31,0,372.1,31,98.31,2,Completed,DOCK-4,7,5
2026-05-10 02:00:00,OP012,Camille Michel,B,Night,25,1,307.7,50,96.35,3,Completed,DOCK-4,6,3
2026-05-10 02:00:00,OP007,Nathan Petit,B,Night,28,1,255.1,84,98.64,1,Completed,DOCK-7,4,10
2026-05-10 02:00:00,OP013,Raphael Lefebvre,C,Night,43,0,484.0,86,98.63,1,Delayed,DOCK-5,1,6
2026-05-10 02:00:00,OP014,Ines Leroy,D,Night,35,0,497.2,70,97.79,3,Completed,DOCK-6,0,1
2026-05-10 02:00:00,OP020,Mila Faure,E,Night,25,0,320.2,50,97.55,2,Cancelled,DOCK-4,3,10
2026-05-10 03:00:00,OP019,Noah Lambert,D,Night,25,0,305.6,50,96.74,2,Completed,DOCK-3,1,3
2026-05-10 03:00:00,OP006,Manon Richard,A,Night,25,0,316.6,25,97.6,2,Completed,DOCK-6,6,11
2026-05-10 03:00:00,OP009,Jules Moreau,D,Night,26,0,325.9,52,97.5,3,Completed,DOCK-1,10,1
2026-05-10 03:00:00,OP020,Mila Faure,E,Night,25,0,314.9,50,97.28,3,Completed,DOCK-4,10,1
2026-05-10 03:00:00,OP016,Jade Fournier,A,Night,28,0,243.6,28,99.71,3,Completed,DOCK-8,0,6
2026-05-10 03:00:00,OP003,Hugo Dubois,C,Night,30,0,319.1,60,97.75,3,Delayed,DOCK-3,4,5
2026-05-10 03:00:00,OP001,Lucas Martin,A,Night,25,0,245.3,25,96.65,2,Completed,DOCK-1,2,11
2026-05-10 03:00:00,OP005,Louis Robert,E,Night,25,0,225.9,75,98.81,1,Delayed,DOCK-5,5,4
2026-05-10 03:00:00,OP014,Ines Leroy,D,Night,35,1,428.1,105,98.73,1,Completed,DOCK-6,9,11
2026-05-10 03:00:00,OP015,Tom Roux,E,Night,32,0,420.4,96,99.18,3,Completed,DOCK-7,2,0
2026-05-10 04:00:00,OP019,Noah Lambert,D,Night,25,0,355.2,75,97.52,1,Delayed,DOCK-3,4,3
2026-05-10 04:00:00,OP009,Jules Moreau,D,Night,25,0,278.4,50,96.45,1,Completed,DOCK-1,4,11
2026-05-10 04:00:00,OP010,Sarah Laurent,E,Night,41,1,398.8,82,97.49,3,Delayed,DOCK-2,0,3
2026-05-10 04:00:00,OP018,Lina Bonnet,C,Night,45,1,461.6,45,95.95,6,Completed,DOCK-2,6,11
2026-05-10 04:00:00,OP020,Mila Faure,E,Night,32,0,442.9,64,97.65,4,Completed,DOCK-4,2,3
2026-05-10 04:00:00,OP005,Louis Robert,E,Night,32,0,274.0,32,99.9,3,Completed,DOCK-5,8,8
2026-05-10 04:00:00,OP002,Emma Bernard,B,Night,33,0,389.0,99,97.19,7,Completed,DOCK-2,4,6
2026-05-10 04:00:00,OP012,Camille Michel,B,Night,25,0,340.4,75,98.84,5,Delayed,DOCK-4,4,11
2026-05-10 04:00:00,OP008,Lea Durand,C,Night,31,1,273.6,62,97.59,4,Completed,DOCK-8,8,6
2026-05-10 04:00:00,OP015,Tom Roux,E,Night,39,1,469.9,39,98.26,4,Completed,DOCK-7,2,4
2026-05-10 04:00:00,OP011,Adam Simon,A,Night,40,0,493.0,120,97.06,3,Completed,DOCK-3,2,0
2026-05-10 04:00:00,OP003,Hugo Dubois,C,Night,33,1,291.0,66,98.49,3,Delayed,DOCK-3,11,4
2026-05-10 04:00:00,OP014,Ines Leroy,D,Night,34,1,484.7,102,98.3,2,Completed,DOCK-6,9,10
2026-05-10 04:00:00,OP013,Raphael Lefebvre,C,Night,34,0,304.5,34,98.33,2,Delayed,DOCK-5,2,7
2026-05-10 05:00:00,OP002,Emma Bernard,B,Night,25,0,255.1,25,99.76,1,Completed,DOCK-2,1,11
2026-05-10 05:00:00,OP019,Noah Lambert,D,Night,28,0,297.2,84,97.67,1,Completed,DOCK-3,7,11
2026-05-10 05:00:00,OP012,Camille Michel,B,Night,25,0,348.8,25,97.03,3,Cancelled,DOCK-4,4,8
2026-05-10 05:00:00,OP008,Lea Durand,C,Night,25,0,345.4,75,97.32,3,Completed,DOCK-8,9,7
2026-05-10 05:00:00,OP018,Lina Bonnet,C,Night,29,0,291.8,58,98.57,2,Completed,DOCK-2,4,3
2026-05-10 05:00:00,OP010,Sarah Laurent,E,Night,25,0,306.9,25,99.01,2,Completed,DOCK-2,7,9
2026-05-10 05:00:00,OP004,Chloe Thomas,D,Night,39,1,523.3,117,97.58,5,Completed,DOCK-4,0,6
2026-05-10 05:00:00,OP013,Raphael Lefebvre,C,Night,31,1,354.3,62,98.1,1,Completed,DOCK-5,6,4
2026-05-10 05:00:00,OP006,Manon Richard,A,Night,32,1,367.1,32,99.54,1,Completed,DOCK-6,1,3
2026-05-10 05:00:00,OP014,Ines Leroy,D,Night,25,0,288.8,50,99.7,1,Completed,DOCK-6,6,6
2026-05-10 05:00:00,OP016,Jade Fournier,A,Night,30,0,260.9,30,98.41,3,Delayed,DOCK-8,9,5
2026-05-10 06:00:00,OP017,Liam Girard,B,Morning,56,1,546.6,168,96.4,5,Completed,DOCK-1,7,0
2026-05-10 06:00:00,OP016,Jade Fournier,A,Morning,58,1,588.7,116,97.08,8,Completed,DOCK-8,11,4
2026-05-10 06:00:00,OP009,Jules Moreau,D,Morning,56,0,722.0,168,96.78,5,Completed,DOCK-1,3,5
2026-05-10 06:00:00,OP014,Ines Leroy,D,Morning,62,1,745.3,62,96.71,5,Completed,DOCK-6,3,7
2026-05-10 06:00:00,OP007,Nathan Petit,B,Morning,70,0,774.0,210,98.18,8,Completed,DOCK-7,6,10
2026-05-10 06:00:00,OP008,Lea Durand,C,Morning,56,0,808.5,112,97.68,2,Completed,DOCK-8,2,10
2026-05-10 06:00:00,OP003,Hugo Dubois,C,Morning,61,1,629.1,183,97.47,5,Completed,DOCK-3,11,0
2026-05-10 06:00:00,OP004,Chloe Thomas,D,Morning,67,0,830.6,67,99.47,4,Completed,DOCK-4,3,4
2026-05-10 06:00:00,OP019,Noah Lambert,D,Morning,78,3,864.4,156,96.55,6,Completed,DOCK-3,5,8
2026-05-10 07:00:00,OP018,Lina Bonnet,C,Morning,54,0,528.5,54,98.06,5,Delayed,DOCK-2,7,6
2026-05-10 07:00:00,OP017,Liam Girard,B,Morning,53,0,756.5,53,97.11,8,Completed,DOCK-1,7,4
2026-05-10 07:00:00,OP002,Emma Bernard,B,Morning,56,0,490.3,112,96.69,5,Completed,DOCK-2,3,2
2026-05-10 07:00:00,OP015,Tom Roux,E,Morning,59,0,613.6,59,99.55,6,Completed,DOCK-7,2,3
2026-05-10 07:00:00,OP009,Jules Moreau,D,Morning,56,2,559.5,56,98.93,3,Completed,DOCK-1,5,9
2026-05-10 07:00:00,OP020,Mila Faure,E,Morning,53,1,469.1,159,99.05,4,Completed,DOCK-4,4,3
2026-05-10 07:00:00,OP014,Ines Leroy,D,Morning,53,2,622.3,53,96.64,4,Completed,DOCK-6,11,11
2026-05-10 07:00:00,OP013,Raphael Lefebvre,C,Morning,55,0,786.0,110,98.55,2,Completed,DOCK-5,2,6
2026-05-10 07:00:00,OP011,Adam Simon,A,Morning,51,0,454.4,51,97.79,4,Completed,DOCK-3,0,4
2026-05-10 07:00:00,OP005,Louis Robert,E,Morning,62,0,594.9,124,98.14,3,Completed,DOCK-5,2,2
2026-05-10 07:00:00,OP008,Lea Durand,C,Morning,60,0,515.5,120,96.61,6,Completed,DOCK-8,8,6
2026-05-10 08:00:00,OP019,Noah Lambert,D,Morning,51,0,738.7,153,97.78,5,Completed,DOCK-3,11,7
2026-05-10 08:00:00,OP007,Nathan Petit,B,Morning,57,0,574.0,171,97.39,11,Completed,DOCK-7,0,11
2026-05-10 08:00:00,OP010,Sarah Laurent,E,Morning,64,2,644.7,64,97.75,3,Completed,DOCK-2,5,10
2026-05-10 08:00:00,OP001,Lucas Martin,A,Morning,60,1,681.1,60,96.57,5,Completed,DOCK-1,11,9
2026-05-10 08:00:00,OP004,Chloe Thomas,D,Morning,69,2,684.8,138,98.68,7,Completed,DOCK-4,1,0
2026-05-10 08:00:00,OP014,Ines Leroy,D,Morning,58,0,796.7,58,98.16,5,Completed,DOCK-6,11,1
2026-05-10 08:00:00,OP020,Mila Faure,E,Morning,60,0,601.5,180,97.12,5,Delayed,DOCK-4,6,3
2026-05-10 08:00:00,OP008,Lea Durand,C,Morning,62,2,619.2,186,97.91,7,Delayed,DOCK-8,8,10
2026-05-10 08:00:00,OP011,Adam Simon,A,Morning,53,1,543.5,53,96.27,4,Completed,DOCK-3,7,10
2026-05-10 09:00:00,OP006,Manon Richard,A,Morning,51,0,670.4,102,97.92,3,Completed,DOCK-6,7,5
2026-05-10 09:00:00,OP013,Raphael Lefebvre,C,Morning,68,0,729.4,68,97.96,3,Completed,DOCK-5,2,0
2026-05-10 09:00:00,OP005,Louis Robert,E,Morning,56,0,662.3,56,98.34,3,Completed,DOCK-5,5,3
2026-05-10 09:00:00,OP015,Tom Roux,E,Morning,60,0,579.8,120,98.27,6,Completed,DOCK-7,2,3
2026-05-10 09:00:00,OP016,Jade Fournier,A,Morning,52,0,542.9,52,97.44,9,Completed,DOCK-8,9,9
2026-05-10 09:00:00,OP017,Liam Girard,B,Morning,56,0,520.5,56,96.88,6,Completed,DOCK-1,11,10
2026-05-10 09:00:00,OP011,Adam Simon,A,Morning,60,2,641.7,60,98.49,9,Completed,DOCK-3,3,6
2026-05-10 09:00:00,OP002,Emma Bernard,B,Morning,62,1,630.3,62,99.32,4,Completed,DOCK-2,2,1
2026-05-10 09:00:00,OP001,Lucas Martin,A,Morning,55,2,473.4,55,96.86,2,Completed,DOCK-1,8,8
2026-05-10 09:00:00,OP009,Jules Moreau,D,Morning,63,0,628.1,63,97.53,3,Completed,DOCK-1,5,4
2026-05-10 09:00:00,OP020,Mila Faure,E,Morning,50,0,635.0,100,99.23,4,Completed,DOCK-4,3,3
2026-05-10 09:00:00,OP008,Lea Durand,C,Morning,61,3,552.7,122,96.77,8,Completed,DOCK-8,10,1
2026-05-10 09:00:00,OP012,Camille Michel,B,Morning,50,0,644.7,50,96.09,4,Completed,DOCK-4,2,1
2026-05-10 10:00:00,OP008,Lea Durand,C,Morning,63,0,883.6,189,98.04,8,Completed,DOCK-8,0,0
2026-05-10 10:00:00,OP003,Hugo Dubois,C,Morning,50,1,468.5,50,98.38,4,Completed,DOCK-3,1,1
2026-05-10 10:00:00,OP013,Raphael Lefebvre,C,Morning,69,0,748.8,138,98.64,4,Completed,DOCK-5,2,10
2026-05-10 10:00:00,OP020,Mila Faure,E,Morning,53,1,559.4,159,98.51,6,Completed,DOCK-4,11,7
2026-05-10 10:00:00,OP015,Tom Roux,E,Morning,73,2,855.7,219,98.13,10,Completed,DOCK-7,0,3
2026-05-10 10:00:00,OP012,Camille Michel,B,Morning,54,1,482.1,108,97.39,5,Completed,DOCK-4,1,7
2026-05-10 10:00:00,OP006,Manon Richard,A,Morning,50,0,619.8,150,97.47,6,Completed,DOCK-6,10,2
2026-05-10 10:00:00,OP018,Lina Bonnet,C,Morning,70,0,650.3,210,97.53,7,Completed,DOCK-2,11,7
2026-05-10 10:00:00,OP010,Sarah Laurent,E,Morning,20,0,272.8,40,97.83,1,Completed,DOCK-2,2,7
2026-05-10 10:00:00,OP019,Noah Lambert,D,Morning,57,0,556.8,57,98.45,1,Delayed,DOCK-3,3,1
2026-05-10 10:00:00,OP009,Jules Moreau,D,Morning,62,2,802.3,186,98.54,13,Completed,DOCK-1,0,10
2026-05-10 10:00:00,OP011,Adam Simon,A,Morning,57,3,558.8,171,97.49,1,Completed,DOCK-3,11,2
2026-05-10 10:00:00,OP007,Nathan Petit,B,Morning,71,1,695.0,71,96.94,6,Completed,DOCK-7,9,9
2026-05-10 11:00:00,OP015,Tom Roux,E,Morning,66,0,725.7,66,97.5,4,Completed,DOCK-7,5,3
2026-05-10 11:00:00,OP020,Mila Faure,E,Morning,51,0,571.8,51,98.71,2,Completed,DOCK-4,4,0
2026-05-10 11:00:00,OP018,Lina Bonnet,C,Morning,67,1,878.4,134,97.86,2,Completed,DOCK-2,3,5
2026-05-10 11:00:00,OP014,Ines Leroy,D,Morning,53,3,558.1,159,97.89,7,Completed,DOCK-6,11,9
2026-05-10 11:00:00,OP011,Adam Simon,A,Morning,57,1,733.5,114,97.69,9,Completed,DOCK-3,11,5
2026-05-10 11:00:00,OP009,Jules Moreau,D,Morning,50,0,468.1,100,98.73,4,Completed,DOCK-1,1,11
2026-05-10 11:00:00,OP006,Manon Richard,A,Morning,54,0,692.1,54,97.74,7,Completed,DOCK-6,8,10
2026-05-10 11:00:00,OP004,Chloe Thomas,D,Morning,62,0,587.3,124,97.73,7,Completed,DOCK-4,11,0
2026-05-10 11:00:00,OP001,Lucas Martin,A,Morning,63,0,636.5,63,97.73,3,Completed,DOCK-1,0,11
2026-05-10 11:00:00,OP017,Liam Girard,B,Morning,54,1,601.4,54,97.72,3,Completed,DOCK-1,5,0
2026-05-10 11:00:00,OP003,Hugo Dubois,C,Morning,66,1,622.6,198,98.02,7,Completed,DOCK-3,7,0
2026-05-10 12:00:00,OP005,Louis Robert,E,Morning,59,1,643.3,59,98.64,3,Delayed,DOCK-5,0,0
2026-05-10 12:00:00,OP009,Jules Moreau,D,Morning,50,0,621.8,100,97.89,4,Completed,DOCK-1,0,0
2026-05-10 12:00:00,OP019,Noah Lambert,D,Morning,50,0,609.9,100,98.19,3,Completed,DOCK-3,1,8
2026-05-10 12:00:00,OP020,Mila Faure,E,Morning,53,0,592.3,106,98.24,6,Completed,DOCK-4,6,4
2026-05-10 12:00:00,OP007,Nathan Petit,B,Morning,68,0,890.5,68,99.57,4,Completed,DOCK-7,11,9
2026-05-10 12:00:00,OP010,Sarah Laurent,E,Morning,57,0,824.5,114,98.78,1,Completed,DOCK-2,9,0
2026-05-10 12:00:00,OP003,Hugo Dubois,C,Morning,54,0,569.4,54,96.26,1,Completed,DOCK-3,10,6
2026-05-10 12:00:00,OP015,Tom Roux,E,Morning,57,1,625.2,57,99.07,7,Completed,DOCK-7,2,1
2026-05-10 13:00:00,OP003,Hugo Dubois,C,Morning,56,0,685.6,112,97.67,4,Completed,DOCK-3,5,11
2026-05-10 13:00:00,OP006,Manon Richard,A,Morning,54,0,628.4,54,98.34,2,Completed,DOCK-6,10,5
2026-05-10 13:00:00,OP020,Mila Faure,E,Morning,50,1,638.2,50,97.02,9,Completed,DOCK-4,8,7
2026-05-10 13:00:00,OP002,Emma Bernard,B,Morning,51,0,653.9,51,99.71,8,Completed,DOCK-2,7,11
2026-05-10 13:00:00,OP016,Jade Fournier,A,Morning,60,0,834.0,180,99.87,2,Completed,DOCK-8,7,3
2026-05-10 13:00:00,OP017,Liam Girard,B,Morning,53,1,585.1,106,97.26,8,Completed,DOCK-1,2,3
2026-05-10 13:00:00,OP009,Jules Moreau,D,Morning,50,2,472.1,50,98.36,5,Completed,DOCK-1,6,11
2026-05-10 13:00:00,OP004,Chloe Thomas,D,Morning,65,0,651.2,65,97.92,5,Completed,DOCK-4,7,0
2026-05-10 13:00:00,OP019,Noah Lambert,D,Morning,59,0,740.5,59,98.75,6,Completed,DOCK-3,5,10
2026-05-10 13:00:00,OP011,Adam Simon,A,Morning,52,1,605.9,52,97.71,8,Completed,DOCK-3,10,8
2026-05-10 14:00:00,OP016,Jade Fournier,A,Afternoon,53,0,689.2,159,98.4,4,Completed,DOCK-8,7,7
2026-05-10 14:00:00,OP003,Hugo Dubois,C,Afternoon,45,2,519.2,45,98.29,2,Completed,DOCK-3,6,10
2026-05-10 14:00:00,OP011,Adam Simon,A,Afternoon,44,0,404.5,44,98.79,2,Cancelled,DOCK-3,11,1
2026-05-10 14:00:00,OP020,Mila Faure,E,Afternoon,42,0,425.4,126,98.49,1,Completed,DOCK-4,4,2
2026-05-10 14:00:00,OP006,Manon Richard,A,Afternoon,41,0,546.1,82,98.0,3,Completed,DOCK-6,11,5
2026-05-10 14:00:00,OP013,Raphael Lefebvre,C,Afternoon,53,1,697.0,159,98.66,8,Completed,DOCK-5,1,3
2026-05-10 14:00:00,OP014,Ines Leroy,D,Afternoon,40,0,479.9,120,97.23,3,Completed,DOCK-6,7,10
2026-05-10 14:00:00,OP005,Louis Robert,E,Afternoon,55,0,768.5,110,98.17,3,Completed,DOCK-5,9,10
2026-05-10 14:00:00,OP004,Chloe Thomas,D,Afternoon,58,0,838.0,116,99.01,5,Completed,DOCK-4,6,10
2026-05-10 14:00:00,OP001,Lucas Martin,A,Afternoon,46,0,588.8,138,97.61,5,Completed,DOCK-1,9,8
2026-05-10 14:00:00,OP017,Liam Girard,B,Afternoon,45,0,505.7,45,97.49,4,Completed,DOCK-1,2,7
2026-05-10 14:00:00,OP008,Lea Durand,C,Afternoon,46,1,476.4,46,98.04,1,Completed,DOCK-8,7,5
2026-05-10 14:00:00,OP012,Camille Michel,B,Afternoon,40,0,544.8,40,97.86,5,Completed,DOCK-4,0,0
2026-05-10 14:00:00,OP007,Nathan Petit,B,Afternoon,42,2,511.7,84,98.32,4,Completed,DOCK-7,3,7
2026-05-10 14:00:00,OP015,Tom Roux,E,Afternoon,59,1,507.8,118,99.81,1,Completed,DOCK-7,2,10
2026-05-10 15:00:00,OP016,Jade Fournier,A,Afternoon,44,1,461.1,88,98.42,4,Completed,DOCK-8,3,1
2026-05-10 15:00:00,OP019,Noah Lambert,D,Afternoon,46,0,640.6,46,97.26,6,Completed,DOCK-3,10,4
2026-05-10 15:00:00,OP009,Jules Moreau,D,Afternoon,42,0,459.8,126,98.0,7,Completed,DOCK-1,7,7
2026-05-10 15:00:00,OP006,Manon Richard,A,Afternoon,43,1,562.5,43,97.04,3,Completed,DOCK-6,3,10
2026-05-10 15:00:00,OP002,Emma Bernard,B,Afternoon,55,0,569.9,110,98.05,4,Completed,DOCK-2,9,10
2026-05-10 15:00:00,OP018,Lina Bonnet,C,Afternoon,52,0,732.1,156,97.89,4,Completed,DOCK-2,10,0
2026-05-10 15:00:00,OP004,Chloe Thomas,D,Afternoon,60,2,798.1,120,98.58,6,Completed,DOCK-4,0,8
2026-05-10 15:00:00,OP012,Camille Michel,B,Afternoon,40,0,550.1,40,98.82,2,Completed,DOCK-4,11,11
2026-05-10 15:00:00,OP011,Adam Simon,A,Afternoon,46,1,394.0,138,98.46,2,Completed,DOCK-3,8,4
2026-05-10 16:00:00,OP012,Camille Michel,B,Afternoon,42,0,574.6,42,98.24,4,Completed,DOCK-4,2,9
2026-05-10 16:00:00,OP018,Lina Bonnet,C,Afternoon,51,0,471.1,153,98.43,4,Completed,DOCK-2,9,10
2026-05-10 16:00:00,OP013,Raphael Lefebvre,C,Afternoon,53,0,598.9,53,98.69,5,Completed,DOCK-5,9,11
2026-05-10 16:00:00,OP003,Hugo Dubois,C,Afternoon,49,1,654.1,147,97.47,2,Completed,DOCK-3,4,6
2026-05-10 16:00:00,OP005,Louis Robert,E,Afternoon,43,0,501.4,86,96.92,1,Completed,DOCK-5,1,7
2026-05-10 16:00:00,OP008,Lea Durand,C,Afternoon,40,1,559.1,120,97.75,3,Completed,DOCK-8,5,2
2026-05-10 16:00:00,OP007,Nathan Petit,B,Afternoon,54,2,654.7,54,96.99,6,Completed,DOCK-7,11,10
2026-05-10 16:00:00,OP002,Emma Bernard,B,Afternoon,50,1,713.8,100,97.72,2,Completed,DOCK-2,7,8
2026-05-10 16:00:00,OP014,Ines Leroy,D,Afternoon,49,0,557.6,98,97.47,2,Completed,DOCK-6,10,1
2026-05-10 16:00:00,OP011,Adam Simon,A,Afternoon,45,0,633.4,135,97.45,2,Completed,DOCK-3,6,10
2026-05-10 17:00:00,OP001,Lucas Martin,A,Afternoon,40,0,415.1,80,97.29,3,Completed,DOCK-1,0,5
2026-05-10 17:00:00,OP004,Chloe Thomas,D,Afternoon,56,0,784.7,112,96.86,7,Delayed,DOCK-4,8,5
2026-05-10 17:00:00,OP014,Ines Leroy,D,Afternoon,52,0,746.7,104,98.57,1,Delayed,DOCK-6,10,6
2026-05-10 17:00:00,OP003,Hugo Dubois,C,Afternoon,45,1,441.3,90,97.44,3,Completed,DOCK-3,7,9
2026-05-10 17:00:00,OP009,Jules Moreau,D,Afternoon,40,0,468.6,80,98.19,7,Completed,DOCK-1,6,5
2026-05-10 17:00:00,OP019,Noah Lambert,D,Afternoon,49,0,534.7,98,98.05,3,Completed,DOCK-3,7,9
2026-05-10 17:00:00,OP008,Lea Durand,C,Afternoon,48,2,439.8,96,98.43,1,Completed,DOCK-8,7,0
2026-05-10 17:00:00,OP013,Raphael Lefebvre,C,Afternoon,49,1,486.6,147,98.83,2,Completed,DOCK-5,5,2
2026-05-10 17:00:00,OP012,Camille Michel,B,Afternoon,43,0,562.7,43,97.87,4,Completed,DOCK-4,11,2
2026-05-10 17:00:00,OP017,Liam Girard,B,Afternoon,46,0,437.9,92,98.48,3,Completed,DOCK-1,3,11
2026-05-10 17:00:00,OP011,Adam Simon,A,Afternoon,47,1,658.3,47,98.38,3,Completed,DOCK-3,0,2
2026-05-10 17:00:00,OP005,Louis Robert,E,Afternoon,54,2,633.9,54,98.39,8,Completed,DOCK-5,0,9
2026-05-10 17:00:00,OP007,Nathan Petit,B,Afternoon,48,0,471.6,48,98.13,3,Completed,DOCK-7,7,10
2026-05-10 18:00:00,OP018,Lina Bonnet,C,Afternoon,45,0,576.0,135,99.38,5,Completed,DOCK-2,10,7
2026-05-10 18:00:00,OP015,Tom Roux,E,Afternoon,59,1,822.5,59,97.74,2,Completed,DOCK-7,3,0
2026-05-10 18:00:00,OP009,Jules Moreau,D,Afternoon,40,0,393.5,80,97.48,3,Cancelled,DOCK-1,7,9
2026-05-10 18:00:00,OP008,Lea Durand,C,Afternoon,50,0,583.8,150,97.93,8,Completed,DOCK-8,2,1
2026-05-10 18:00:00,OP001,Lucas Martin,A,Afternoon,41,1,375.9,41,97.82,1,Completed,DOCK-1,0,0
2026-05-10 18:00:00,OP003,Hugo Dubois,C,Afternoon,43,0,558.7,129,97.79,3,Completed,DOCK-3,5,1
2026-05-10 18:00:00,OP016,Jade Fournier,A,Afternoon,47,1,645.0,47,99.54,8,Completed,DOCK-8,2,11
2026-05-10 18:00:00,OP011,Adam Simon,A,Afternoon,44,1,568.7,132,97.41,5,Completed,DOCK-3,6,1
2026-05-10 19:00:00,OP002,Emma Bernard,B,Afternoon,55,0,498.1,165,98.17,5,Completed,DOCK-2,10,2
2026-05-10 19:00:00,OP004,Chloe Thomas,D,Afternoon,47,0,568.1,47,98.94,4,Completed,DOCK-4,6,3
2026-05-10 19:00:00,OP015,Tom Roux,E,Afternoon,60,0,719.1,180,97.92,1,Completed,DOCK-7,2,6
2026-05-10 19:00:00,OP014,Ines Leroy,D,Afternoon,41,0,407.4,82,97.87,5,Completed,DOCK-6,9,2
2026-05-10 19:00:00,OP001,Lucas Martin,A,Afternoon,40,0,564.6,120,96.88,1,Completed,DOCK-1,4,5
2026-05-10 19:00:00,OP020,Mila Faure,E,Afternoon,40,0,555.3,120,98.1,2,Completed,DOCK-4,5,3
2026-05-10 19:00:00,OP010,Sarah Laurent,E,Afternoon,51,0,437.7,153,97.95,4,Completed,DOCK-2,4,0
2026-05-10 19:00:00,OP013,Raphael Lefebvre,C,Afternoon,44,1,629.9,132,97.79,2,Completed,DOCK-5,8,4
2026-05-10 19:00:00,OP003,Hugo Dubois,C,Afternoon,40,2,468.9,40,98.17,5,Completed,DOCK-3,9,7
2026-05-10 19:00:00,OP012,Camille Michel,B,Afternoon,48,0,482.7,96,96.77,2,Completed,DOCK-4,1,3
2026-05-10 19:00:00,OP017,Liam Girard,B,Afternoon,43,2,544.7,129,97.37,3,Completed,DOCK-1,5,9
2026-05-10 19:00:00,OP019,Noah Lambert,D,Afternoon,58,0,721.5,58,97.74,4,Completed,DOCK-3,5,6
2026-05-10 20:00:00,OP004,Chloe Thomas,D,Afternoon,51,0,539.2,153,97.55,2,Completed,DOCK-4,4,4
2026-05-10 20:00:00,OP018,Lina Bonnet,C,Afternoon,47,0,533.3,94,98.07,3,Completed,DOCK-2,1,3
2026-05-10 20:00:00,OP019,Noah Lambert,D,Afternoon,40,1,573.3,120,97.95,7,Cancelled,DOCK-3,10,4
2026-05-10 20:00:00,OP010,Sarah Laurent,E,Afternoon,47,0,604.5,94,98.86,7,Completed,DOCK-2,5,0
2026-05-10 20:00:00,OP020,Mila Faure,E,Afternoon,49,0,656.7,147,96.42,2,Completed,DOCK-4,3,11
2026-05-10 20:00:00,OP002,Emma Bernard,B,Afternoon,54,0,718.4,108,97.05,1,Completed,DOCK-2,3,10
2026-05-10 20:00:00,OP009,Jules Moreau,D,Afternoon,40,1,568.7,120,97.69,2,Completed,DOCK-1,9,0
2026-05-10 20:00:00,OP001,Lucas Martin,A,Afternoon,40,0,566.9,80,96.41,2,Completed,DOCK-1,3,1
2026-05-10 20:00:00,OP008,Lea Durand,C,Afternoon,42,2,364.3,84,97.61,3,Completed,DOCK-8,9,0
2026-05-10 20:00:00,OP014,Ines Leroy,D,Afternoon,53,2,528.9,159,97.21,4,Completed,DOCK-6,5,5
2026-05-10 20:00:00,OP015,Tom Roux,E,Afternoon,51,0,477.3,102,99.11,2,Completed,DOCK-7,3,8
2026-05-10 20:00:00,OP005,Louis Robert,E,Afternoon,48,1,559.6,48,98.67,2,Completed,DOCK-5,0,0
2026-05-10 21:00:00,OP011,Adam Simon,A,Afternoon,44,0,468.2,132,97.54,6,Completed,DOCK-3,5,11
2026-05-10 21:00:00,OP013,Raphael Lefebvre,C,Afternoon,52,0,682.2,156,97.51,5,Completed,DOCK-5,1,3
2026-05-10 21:00:00,OP012,Camille Michel,B,Afternoon,40,1,573.2,80,97.98,4,Completed,DOCK-4,6,7
2026-05-10 21:00:00,OP001,Lucas Martin,A,Afternoon,40,0,429.4,80,95.98,3,Completed,DOCK-1,4,8
2026-05-10 21:00:00,OP020,Mila Faure,E,Afternoon,40,0,556.0,80,97.65,5,Completed,DOCK-4,6,2
2026-05-10 21:00:00,OP010,Sarah Laurent,E,Afternoon,51,0,693.8,153,98.32,1,Completed,DOCK-2,5,4
2026-05-10 21:00:00,OP005,Louis Robert,E,Afternoon,43,0,393.7,43,98.77,2,Completed,DOCK-5,0,9
2026-05-10 21:00:00,OP003,Hugo Dubois,C,Afternoon,43,0,402.6,129,98.27,5,Completed,DOCK-3,7,9
2026-05-10 21:00:00,OP018,Lina Bonnet,C,Afternoon,50,0,674.8,100,97.06,4,Completed,DOCK-2,8,8
2026-05-10 21:00:00,OP008,Lea Durand,C,Afternoon,47,1,515.0,47,99.04,4,Completed,DOCK-8,6,10
2026-05-10 21:00:00,OP002,Emma Bernard,B,Afternoon,41,0,462.5,41,98.45,3,Completed,DOCK-2,6,9
2026-05-10 21:00:00,OP006,Manon Richard,A,Afternoon,44,1,499.3,88,96.14,2,Completed,DOCK-6,3,5
2026-05-10 21:00:00,OP019,Noah Lambert,D,Afternoon,45,2,398.0,90,99.52,6,Completed,DOCK-3,1,0
2026-05-10 21:00:00,OP014,Ines Leroy,D,Afternoon,40,2,386.3,40,98.17,5,Completed,DOCK-6,11,0
2026-05-10 22:00:00,OP006,Manon Richard,A,Night,23,0,303.2,69,96.07,4,Completed,DOCK-6,7,5
2026-05-10 22:00:00,OP020,Mila Faure,E,Night,34,1,472.6,34,99.24,4,Completed,DOCK-4,10,8
2026-05-10 22:00:00,OP009,Jules Moreau,D,Night,26,0,309.0,78,96.56,2,Completed,DOCK-1,11,9
2026-05-10 22:00:00,OP011,Adam Simon,A,Night,25,0,339.2,25,97.21,3,Delayed,DOCK-3,0,0
2026-05-10 22:00:00,OP019,Noah Lambert,D,Night,36,0,403.3,72,97.05,5,Completed,DOCK-3,4,6
2026-05-10 22:00:00,OP012,Camille Michel,B,Night,26,1,307.2,52,98.6,2,Completed,DOCK-4,5,5
2026-05-10 22:00:00,OP003,Hugo Dubois,C,Night,36,1,377.5,108,97.91,4,Completed,DOCK-3,0,11
2026-05-10 22:00:00,OP018,Lina Bonnet,C,Night,40,1,444.3,80,97.72,1,Completed,DOCK-2,0,0
2026-05-10 22:00:00,OP004,Chloe Thomas,D,Night,39,0,352.7,39,99.27,6,Completed,DOCK-4,9,3
2026-05-10 22:00:00,OP001,Lucas Martin,A,Night,31,1,384.0,31,97.82,2,Delayed,DOCK-1,6,7
2026-05-10 22:00:00,OP002,Emma Bernard,B,Night,35,1,387.6,105,97.81,6,Delayed,DOCK-2,5,8
2026-05-10 22:00:00,OP010,Sarah Laurent,E,Night,36,1,389.2,72,98.19,1,Completed,DOCK-2,3,4
2026-05-10 22:00:00,OP017,Liam Girard,B,Night,34,0,357.7,102,97.89,4,Delayed,DOCK-1,6,3
2026-05-10 22:00:00,OP015,Tom Roux,E,Night,35,0,450.7,105,98.58,1,Completed,DOCK-7,8,4
2026-05-10 22:00:00,OP008,Lea Durand,C,Night,39,1,564.0,117,97.9,2,Completed,DOCK-8,8,1
2026-05-10 23:00:00,OP003,Hugo Dubois,C,Night,39,0,357.7,78,97.17,4,Cancelled,DOCK-3,11,7
2026-05-10 23:00:00,OP009,Jules Moreau,D,Night,27,0,264.0,81,97.39,1,Delayed,DOCK-1,8,1
2026-05-10 23:00:00,OP018,Lina Bonnet,C,Night,32,0,413.1,64,98.35,5,Delayed,DOCK-2,7,11
2026-05-10 23:00:00,OP020,Mila Faure,E,Night,31,0,299.8,93,96.53,2,Completed,DOCK-4,2,6
2026-05-10 23:00:00,OP007,Nathan Petit,B,Night,44,1,581.1,132,98.59,1,Completed,DOCK-7,0,3
2026-05-10 23:00:00,OP008,Lea Durand,C,Night,40,1,373.9,40,97.37,3,Completed,DOCK-8,6,6
2026-05-10 23:00:00,OP012,Camille Michel,B,Night,33,0,457.6,66,98.07,5,Completed,DOCK-4,9,10
2026-05-10 23:00:00,OP014,Ines Leroy,D,Night,25,0,259.7,50,98.91,4,Completed,DOCK-6,4,5
2026-05-10 23:00:00,OP010,Sarah Laurent,E,Night,37,1,346.2,74,98.88,5,Completed,DOCK-2,5,4
2026-05-10 23:00:00,OP001,Lucas Martin,A,Night,26,0,343.1,52,95.91,3,Completed,DOCK-1,1,9
2026-05-11 00:00:00,OP013,Raphael Lefebvre,C,Night,31,0,316.1,93,96.5,5,Delayed,DOCK-5,10,7
2026-05-11 00:00:00,OP008,Lea Durand,C,Night,35,2,318.2,70,97.36,3,Cancelled,DOCK-8,0,7
2026-05-11 00:00:00,OP016,Jade Fournier,A,Night,41,0,449.3,41,97.75,1,Cancelled,DOCK-8,8,8
2026-05-11 00:00:00,OP006,Manon Richard,A,Night,40,0,387.3,120,96.66,3,Completed,DOCK-6,3,0
2026-05-11 00:00:00,OP004,Chloe Thomas,D,Night,49,1,523.3,49,97.98,3,Completed,DOCK-4,4,9
2026-05-11 00:00:00,OP003,Hugo Dubois,C,Night,36,0,352.5,108,98.85,3,Completed,DOCK-3,10,4
2026-05-11 00:00:00,OP007,Nathan Petit,B,Night,42,0,364.3,84,98.55,3,Delayed,DOCK-7,0,7
2026-05-11 00:00:00,OP009,Jules Moreau,D,Night,31,1,405.6,93,97.98,2,Completed,DOCK-1,1,10
2026-05-11 00:00:00,OP017,Liam Girard,B,Night,37,0,506.3,111,98.07,4,Completed,DOCK-1,6,2
2026-05-11 00:00:00,OP002,Emma Bernard,B,Night,43,1,564.8,86,98.75,2,Completed,DOCK-2,1,8
2026-05-11 01:00:00,OP014,Ines Leroy,D,Night,31,0,368.8,93,97.95,1,Completed,DOCK-6,10,5
2026-05-11 01:00:00,OP006,Manon Richard,A,Night,36,1,459.8,108,97.46,1,Completed,DOCK-6,11,1
2026-05-11 01:00:00,OP018,Lina Bonnet,C,Night,42,0,401.3,42,98.01,5,Completed,DOCK-2,4,2
2026-05-11 01:00:00,OP015,Tom Roux,E,Night,43,1,418.9,86,97.87,2,Completed,DOCK-7,7,5
2026-05-11 01:00:00,OP010,Sarah Laurent,E,Night,37,1,315.5,111,96.99,5,Completed,DOCK-2,3,10
2026-05-11 01:00:00,OP017,Liam Girard,B,Night,45,0,406.7,45,98.81,2,Completed,DOCK-1,6,8
2026-05-11 01:00:00,OP012,Camille Michel,B,Night,38,1,404.0,76,97.97,3,Completed,DOCK-4,9,8
2026-05-11 01:00:00,OP011,Adam Simon,A,Night,30,0,341.0,30,98.61,4,Completed,DOCK-3,6,5
2026-05-11 02:00:00,OP017,Liam Girard,B,Night,38,0,490.1,114,98.33,2,Completed,DOCK-1,2,5
2026-05-11 02:00:00,OP010,Sarah Laurent,E,Night,38,1,483.3,114,97.35,1,Delayed,DOCK-2,0,11
2026-05-11 02:00:00,OP020,Mila Faure,E,Night,31,1,349.5,62,98.31,3,Completed,DOCK-4,6,1
2026-05-11 02:00:00,OP014,Ines Leroy,D,Night,31,1,364.0,62,97.79,2,Completed,DOCK-6,6,9
2026-05-11 02:00:00,OP007,Nathan Petit,B,Night,30,1,310.5,90,97.58,2,Delayed,DOCK-7,8,10
2026-05-11 02:00:00,OP002,Emma Bernard,B,Night,37,0,431.7,74,99.22,4,Completed,DOCK-2,1,7
2026-05-11 02:00:00,OP018,Lina Bonnet,C,Night,40,0,495.0,80,99.52,4,Completed,DOCK-2,9,9
2026-05-11 02:00:00,OP012,Camille Michel,B,Night,31,0,284.1,93,97.02,4,Completed,DOCK-4,9,0
2026-05-11 02:00:00,OP001,Lucas Martin,A,Night,37,2,381.4,74,97.77,6,Completed,DOCK-1,3,4
2026-05-11 02:00:00,OP005,Louis Robert,E,Night,40,1,555.9,80,97.79,1,Completed,DOCK-5,5,9
2026-05-11 02:00:00,OP009,Jules Moreau,D,Night,34,0,289.0,34,98.39,4,Completed,DOCK-1,10,10
2026-05-11 02:00:00,OP015,Tom Roux,E,Night,39,0,336.6,78,99.54,1,Completed,DOCK-7,6,4
2026-05-11 03:00:00,OP014,Ines Leroy,D,Night,35,0,486.0,105,97.57,5,Delayed,DOCK-6,0,9
2026-05-11 03:00:00,OP011,Adam Simon,A,Night,23,0,275.2,23,98.11,3,Completed,DOCK-3,0,2
2026-05-11 03:00:00,OP012,Camille Michel,B,Night,40,1,361.5,40,98.9,4,Completed,DOCK-4,10,6
2026-05-11 03:00:00,OP010,Sarah Laurent,E,Night,41,1,584.1,41,98.89,3,Completed,DOCK-2,9,11
2026-05-11 03:00:00,OP017,Liam Girard,B,Night,35,0,501.6,35,98.55,5,Delayed,DOCK-1,0,1
2026-05-11 03:00:00,OP013,Raphael Lefebvre,C,Night,44,1,407.0,88,97.75,6,Completed,DOCK-5,3,11
2026-05-11 03:00:00,OP015,Tom Roux,E,Night,49,0,634.6,49,97.57,3,Completed,DOCK-7,10,0
2026-05-11 03:00:00,OP009,Jules Moreau,D,Night,33,0,438.5,99,97.89,1,Completed,DOCK-1,5,1
2026-05-11 03:00:00,OP007,Nathan Petit,B,Night,43,0,398.3,86,98.35,3,Completed,DOCK-7,8,6
2026-05-11 03:00:00,OP020,Mila Faure,E,Night,29,0,311.8,87,95.53,2,Completed,DOCK-4,8,0
2026-05-11 04:00:00,OP008,Lea Durand,C,Night,40,0,542.9,80,99.9,2,Completed,DOCK-8,6,11
2026-05-11 04:00:00,OP012,Camille Michel,B,Night,34,1,381.9,102,96.64,6,Completed,DOCK-4,10,9
2026-05-11 04:00:00,OP019,Noah Lambert,D,Night,38,1,451.0,76,98.1,3,Delayed,DOCK-3,3,3
2026-05-11 04:00:00,OP005,Louis Robert,E,Night,41,1,575.6,41,98.43,2,Completed,DOCK-5,9,8
2026-05-11 04:00:00,OP015,Tom Roux,E,Night,41,0,436.4,123,96.11,3,Completed,DOCK-7,11,8
2026-05-11 04:00:00,OP017,Liam Girard,B,Night,33,0,360.1,99,97.54,2,Completed,DOCK-1,9,6
2026-05-11 04:00:00,OP016,Jade Fournier,A,Night,46,0,428.9,92,97.41,2,Completed,DOCK-8,0,1
2026-05-11 04:00:00,OP020,Mila Faure,E,Night,34,1,334.8,34,98.09,1,Completed,DOCK-4,3,3
2026-05-11 04:00:00,OP007,Nathan Petit,B,Night,40,0,426.9,120,98.11,6,Completed,DOCK-7,11,4
2026-05-11 04:00:00,OP003,Hugo Dubois,C,Night,31,0,276.3,62,97.79,4,Completed,DOCK-3,2,0
2026-05-11 04:00:00,OP001,Lucas Martin,A,Night,34,1,479.1,68,98.31,4,Completed,DOCK-1,11,5
2026-05-11 04:00:00,OP004,Chloe Thomas,D,Night,44,0,617.2,44,98.67,2,Completed,DOCK-4,10,5
2026-05-11 04:00:00,OP010,Sarah Laurent,E,Night,39,2,404.2,78,98.16,5,Completed,DOCK-2,9,10
2026-05-11 04:00:00,OP002,Emma Bernard,B,Night,39,0,469.9,39,98.46,1,Completed,DOCK-2,9,4
2026-05-11 05:00:00,OP012,Camille Michel,B,Night,30,2,400.0,90,98.68,3,Cancelled,DOCK-4,11,9
2026-05-11 05:00:00,OP019,Noah Lambert,D,Night,35,1,428.6,35,98.71,1,Completed,DOCK-3,8,8
2026-05-11 05:00:00,OP005,Louis Robert,E,Night,42,0,463.0,126,98.36,5,Completed,DOCK-5,5,2
2026-05-11 05:00:00,OP004,Chloe Thomas,D,Night,43,1,604.2,43,97.6,4,Completed,DOCK-4,9,3
2026-05-11 05:00:00,OP017,Liam Girard,B,Night,27,0,301.0,81,97.79,1,Completed,DOCK-1,7,2
2026-05-11 05:00:00,OP018,Lina Bonnet,C,Night,36,1,394.1,72,98.29,3,Completed,DOCK-2,3,3
2026-05-11 05:00:00,OP010,Sarah Laurent,E,Night,37,0,483.6,111,99.29,3,Completed,DOCK-2,4,3
2026-05-11 05:00:00,OP002,Emma Bernard,B,Night,44,0,455.0,132,98.31,4,Completed,DOCK-2,1,0
2026-05-11 05:00:00,OP011,Adam Simon,A,Night,32,1,409.2,64,97.72,4,Completed,DOCK-3,3,7
2026-05-11 05:00:00,OP016,Jade Fournier,A,Night,39,0,500.0,78,98.39,4,Completed,DOCK-8,0,10
2026-05-11 05:00:00,OP020,Mila Faure,E,Night,29,0,268.9,58,96.6,2,Completed,DOCK-4,8,4
2026-05-11 05:00:00,OP013,Raphael Lefebvre,C,Night,44,0,384.6,132,98.65,2,Completed,DOCK-5,2,3
2026-05-11 05:00:00,OP006,Manon Richard,A,Night,25,0,305.0,75,97.84,7,Completed,DOCK-6,11,10
2026-05-11 05:00:00,OP014,Ines Leroy,D,Night,32,0,323.5,64,98.36,4,Completed,DOCK-6,7,2
2026-05-11 06:00:00,OP002,Emma Bernard,B,Morning,78,0,1035.7,234,98.45,6,Completed,DOCK-2,0,2
2026-05-11 06:00:00,OP018,Lina Bonnet,C,Morning,79,0,1109.2,158,98.87,6,Completed,DOCK-2,7,11
2026-05-11 06:00:00,OP013,Raphael Lefebvre,C,Morning,74,0,925.9,74,98.4,7,Completed,DOCK-5,9,2
2026-05-11 06:00:00,OP006,Manon Richard,A,Morning,64,0,757.7,192,95.77,6,Completed,DOCK-6,6,1
2026-05-11 06:00:00,OP012,Camille Michel,B,Morning,72,0,648.1,216,96.83,4,Completed,DOCK-4,9,2
2026-05-11 06:00:00,OP009,Jules Moreau,D,Morning,70,1,1001.4,210,97.93,3,Completed,DOCK-1,3,9
2026-05-11 06:00:00,OP017,Liam Girard,B,Morning,63,2,845.5,126,98.45,6,Completed,DOCK-1,0,5
2026-05-11 06:00:00,OP008,Lea Durand,C,Morning,75,3,969.8,225,98.03,10,Completed,DOCK-8,9,2
2026-05-11 06:00:00,OP016,Jade Fournier,A,Morning,76,0,1046.9,152,98.53,3,Completed,DOCK-8,0,6
2026-05-11 06:00:00,OP015,Tom Roux,E,Morning,72,1,665.1,216,97.94,5,Completed,DOCK-7,5,6
2026-05-11 07:00:00,OP005,Louis Robert,E,Morning,72,1,971.4,216,96.75,8,Completed,DOCK-5,6,0
2026-05-11 07:00:00,OP019,Noah Lambert,D,Morning,72,0,683.4,216,99.03,3,Completed,DOCK-3,7,5
2026-05-11 07:00:00,OP018,Lina Bonnet,C,Morning,81,1,802.7,243,97.26,6,Completed,DOCK-2,3,7
2026-05-11 07:00:00,OP010,Sarah Laurent,E,Morning,68,0,681.4,136,98.17,4,Completed,DOCK-2,5,4
2026-05-11 07:00:00,OP015,Tom Roux,E,Morning,81,0,1124.2,243,97.7,12,Completed,DOCK-7,3,10
2026-05-11 07:00:00,OP001,Lucas Martin,A,Morning,58,0,694.2,116,96.9,6,Completed,DOCK-1,2,1
2026-05-11 07:00:00,OP003,Hugo Dubois,C,Morning,60,1,619.3,60,97.35,4,Completed,DOCK-3,1,7
2026-05-11 07:00:00,OP012,Camille Michel,B,Morning,58,0,515.4,58,97.54,6,Completed,DOCK-4,10,10
2026-05-11 07:00:00,OP017,Liam Girard,B,Morning,63,1,550.7,126,96.79,7,Completed,DOCK-1,1,3
2026-05-11 07:00:00,OP011,Adam Simon,A,Morning,62,2,709.9,124,98.63,9,Completed,DOCK-3,6,3
2026-05-11 08:00:00,OP008,Lea Durand,C,Morning,77,1,679.5,154,98.26,5,Cancelled,DOCK-8,7,11
2026-05-11 08:00:00,OP019,Noah Lambert,D,Morning,71,1,687.2,71,96.57,3,Completed,DOCK-3,2,11
2026-05-11 08:00:00,OP007,Nathan Petit,B,Morning,72,0,919.2,216,97.55,10,Completed,DOCK-7,11,3
2026-05-11 08:00:00,OP004,Chloe Thomas,D,Morning,83,0,957.3,166,98.07,5,Completed,DOCK-4,7,11
2026-05-11 08:00:00,OP002,Emma Bernard,B,Morning,70,1,716.7,140,98.22,4,Completed,DOCK-2,11,4
2026-05-11 08:00:00,OP012,Camille Michel,B,Morning,65,1,649.5,65,96.29,1,Completed,DOCK-4,8,4
2026-05-11 08:00:00,OP010,Sarah Laurent,E,Morning,72,0,922.7,144,98.54,11,Completed,DOCK-2,2,11
2026-05-11 08:00:00,OP018,Lina Bonnet,C,Morning,78,0,899.1,234,98.33,8,Completed,DOCK-2,6,9
2026-05-11 08:00:00,OP014,Ines Leroy,D,Morning,71,2,968.5,213,97.44,5,Completed,DOCK-6,9,10
2026-05-11 08:00:00,OP003,Hugo Dubois,C,Morning,73,2,723.7,73,96.99,8,Completed,DOCK-3,4,8
2026-05-11 08:00:00,OP006,Manon Richard,A,Morning,65,2,707.0,195,98.37,5,Completed,DOCK-6,11,7
2026-05-11 08:00:00,OP017,Liam Girard,B,Morning,70,2,997.2,140,98.61,7,Completed,DOCK-1,6,5
2026-05-11 08:00:00,OP001,Lucas Martin,A,Morning,72,3,990.3,216,98.0,4,Completed,DOCK-1,5,3
2026-05-11 09:00:00,OP020,Mila Faure,E,Morning,68,1,725.7,204,96.23,6,Completed,DOCK-4,5,1
2026-05-11 09:00:00,OP006,Manon Richard,A,Morning,63,0,739.7,63,96.91,4,Completed,DOCK-6,5,4
2026-05-11 09:00:00,OP002,Emma Bernard,B,Morning,66,0,656.3,132,98.13,6,Completed,DOCK-2,5,10
2026-05-11 09:00:00,OP003,Hugo Dubois,C,Morning,69,2,672.2,69,98.99,6,Completed,DOCK-3,11,3
2026-05-11 09:00:00,OP013,Raphael Lefebvre,C,Morning,64,1,770.2,192,98.63,7,Completed,DOCK-5,10,1
2026-05-11 09:00:00,OP009,Jules Moreau,D,Morning,60,3,738.4,180,98.27,6,Completed,DOCK-1,9,11
2026-05-11 09:00:00,OP018,Lina Bonnet,C,Morning,73,1,1011.3,73,98.47,8,Cancelled,DOCK-2,1,5
2026-05-11 09:00:00,OP001,Lucas Martin,A,Morning,62,0,592.3,186,96.85,5,Completed,DOCK-1,1,4
2026-05-11 09:00:00,OP014,Ines Leroy,D,Morning,67,0,632.4,67,98.17,8,Completed,DOCK-6,2,8
2026-05-11 09:00:00,OP012,Camille Michel,B,Morning,70,1,658.8,140,98.56,6,Completed,DOCK-4,9,6
2026-05-11 09:00:00,OP005,Louis Robert,E,Morning,69,0,853.0,69,96.78,6,Cancelled,DOCK-5,11,4
2026-05-11 09:00:00,OP017,Liam Girard,B,Morning,66,0,848.5,66,98.24,4,Delayed,DOCK-1,4,6
2026-05-11 10:00:00,OP013,Raphael Lefebvre,C,Morning,82,0,1033.9,164,98.34,9,Completed,DOCK-5,4,2
2026-05-11 10:00:00,OP009,Jules Moreau,D,Morning,59,1,833.6,118,99.45,6,Completed,DOCK-1,4,10
2026-05-11 10:00:00,OP016,Jade Fournier,A,Morning,76,1,946.3,152,99.61,4,Completed,DOCK-8,3,5
2026-05-11 10:00:00,OP010,Sarah Laurent,E,Morning,70,2,761.0,70,98.41,2,Completed,DOCK-2,8,4
2026-05-11 10:00:00,OP014,Ines Leroy,D,Morning,69,2,971.0,69,97.73,4,Completed,DOCK-6,1,0
2026-05-11 10:00:00,OP017,Liam Girard,B,Morning,20,0,260.4,20,97.57,1,Completed,DOCK-1,11,4
2026-05-11 10:00:00,OP007,Nathan Petit,B,Morning,78,3,1009.9,78,98.25,3,Completed,DOCK-7,4,6
2026-05-11 10:00:00,OP008,Lea Durand,C,Morning,60,0,766.8,60,97.83,9,Completed,DOCK-8,8,6
2026-05-11 10:00:00,OP003,Hugo Dubois,C,Morning,59,0,626.7,59,97.43,7,Completed,DOCK-3,0,8
2026-05-11 10:00:00,OP018,Lina Bonnet,C,Morning,70,1,619.1,210,99.3,6,Delayed,DOCK-2,3,4
2026-05-11 10:00:00,OP020,Mila Faure,E,Morning,62,0,685.7,124,98.97,6,Completed,DOCK-4,1,6
2026-05-11 11:00:00,OP004,Chloe Thomas,D,Morning,74,2,733.7,148,98.62,2,Completed,DOCK-4,1,1
2026-05-11 11:00:00,OP012,Camille Michel,B,Morning,62,0,649.0,62,97.05,3,Completed,DOCK-4,2,1
2026-05-11 11:00:00,OP002,Emma Bernard,B,Morning,79,0,1131.6,79,98.3,9,Completed,DOCK-2,2,6
2026-05-11 11:00:00,OP018,Lina Bonnet,C,Morning,68,0,766.5,204,97.78,10,Completed,DOCK-2,9,5
2026-05-11 11:00:00,OP010,Sarah Laurent,E,Morning,76,1,719.5,76,98.09,4,Completed,DOCK-2,11,1
2026-05-11 11:00:00,OP009,Jules Moreau,D,Morning,62,1,858.1,124,95.0,2,Delayed,DOCK-1,0,0
2026-05-11 11:00:00,OP006,Manon Richard,A,Morning,59,2,757.8,59,96.87,8,Completed,DOCK-6,10,2
2026-05-11 11:00:00,OP005,Louis Robert,E,Morning,65,1,791.8,195,97.43,7,Completed,DOCK-5,0,5
2026-05-11 11:00:00,OP017,Liam Girard,B,Morning,62,0,889.2,124,99.86,3,Completed,DOCK-1,11,9
2026-05-11 12:00:00,OP003,Hugo Dubois,C,Morning,73,0,987.6,219,99.3,3,Completed,DOCK-3,0,2
2026-05-11 12:00:00,OP010,Sarah Laurent,E,Morning,66,1,766.1,66,98.36,3,Completed,DOCK-2,11,3
2026-05-11 12:00:00,OP020,Mila Faure,E,Morning,65,2,815.2,130,97.74,4,Completed,DOCK-4,11,11
2026-05-11 12:00:00,OP001,Lucas Martin,A,Morning,60,0,616.2,120,98.63,7,Completed,DOCK-1,1,5
2026-05-11 12:00:00,OP018,Lina Bonnet,C,Morning,76,1,704.5,76,98.09,6,Completed,DOCK-2,9,7
2026-05-11 12:00:00,OP008,Lea Durand,C,Morning,61,0,728.0,61,97.52,8,Completed,DOCK-8,11,3
2026-05-11 12:00:00,OP019,Noah Lambert,D,Morning,62,0,567.5,124,98.74,2,Completed,DOCK-3,8,10
2026-05-11 12:00:00,OP002,Emma Bernard,B,Morning,74,1,787.2,74,97.53,5,Completed,DOCK-2,8,4
2026-05-11 12:00:00,OP011,Adam Simon,A,Morning,72,0,769.0,144,96.22,5,Completed,DOCK-3,11,3
2026-05-11 12:00:00,OP014,Ines Leroy,D,Morning,61,1,594.3,61,98.45,1,Completed,DOCK-6,9,3
2026-05-11 13:00:00,OP009,Jules Moreau,D,Morning,63,1,884.5,189,98.17,6,Completed,DOCK-1,9,10
2026-05-11 13:00:00,OP013,Raphael Lefebvre,C,Morning,66,0,573.8,66,97.44,7,Delayed,DOCK-5,11,11
2026-05-11 13:00:00,OP004,Chloe Thomas,D,Morning,77,1,1077.4,77,98.33,7,Completed,DOCK-4,11,10
2026-05-11 13:00:00,OP005,Louis Robert,E,Morning,67,1,750.7,201,96.95,3,Completed,DOCK-5,7,11
2026-05-11 13:00:00,OP016,Jade Fournier,A,Morning,70,2,602.7,70,98.77,4,Completed,DOCK-8,3,5
2026-05-11 13:00:00,OP003,Hugo Dubois,C,Morning,63,1,651.4,63,98.32,4,Completed,DOCK-3,10,5
2026-05-11 13:00:00,OP020,Mila Faure,E,Morning,56,0,691.6,112,97.68,9,Completed,DOCK-4,5,4
2026-05-11 13:00:00,OP006,Manon Richard,A,Morning,57,0,755.6,57,97.44,5,Delayed,DOCK-6,4,8
2026-05-11 13:00:00,OP007,Nathan Petit,B,Morning,75,0,1011.9,75,97.73,9,Completed,DOCK-7,2,4
2026-05-11 13:00:00,OP011,Adam Simon,A,Morning,64,2,762.4,128,97.88,9,Completed,DOCK-3,1,6
2026-05-11 13:00:00,OP019,Noah Lambert,D,Morning,68,0,971.2,136,99.69,5,Completed,DOCK-3,2,9
2026-05-11 13:00:00,OP014,Ines Leroy,D,Morning,68,2,885.3,68,98.03,4,Completed,DOCK-6,5,9
2026-05-11 13:00:00,OP015,Tom Roux,E,Morning,83,2,996.1,166,97.84,6,Completed,DOCK-7,7,10
2026-05-11 13:00:00,OP012,Camille Michel,B,Morning,53,0,735.2,159,99.22,3,Completed,DOCK-4,5,2
2026-05-11 13:00:00,OP002,Emma Bernard,B,Morning,72,0,899.5,72,98.07,11,Completed,DOCK-2,1,10
2026-05-11 14:00:00,OP013,Raphael Lefebvre,C,Afternoon,62,1,610.3,62,96.75,10,Completed,DOCK-5,4,3
2026-05-11 14:00:00,OP006,Manon Richard,A,Afternoon,49,0,685.1,98,99.01,1,Completed,DOCK-6,10,10
2026-05-11 14:00:00,OP007,Nathan Petit,B,Afternoon,68,0,967.3,136,98.69,7,Completed,DOCK-7,11,1
2026-05-11 14:00:00,OP019,Noah Lambert,D,Afternoon,58,0,731.4,116,97.33,1,Completed,DOCK-3,0,0
2026-05-11 14:00:00,OP010,Sarah Laurent,E,Afternoon,65,0,845.3,130,99.9,8,Completed,DOCK-2,7,4
2026-05-11 14:00:00,OP005,Louis Robert,E,Afternoon,60,1,826.6,180,97.38,3,Completed,DOCK-5,1,4
2026-05-11 14:00:00,OP012,Camille Michel,B,Afternoon,59,0,745.7,118,98.58,4,Completed,DOCK-4,4,0
2026-05-11 14:00:00,OP004,Chloe Thomas,D,Afternoon,68,0,933.7,136,98.83,8,Completed,DOCK-4,3,1
2026-05-11 14:00:00,OP018,Lina Bonnet,C,Afternoon,56,0,807.7,56,97.57,4,Completed,DOCK-2,7,0
2026-05-11 14:00:00,OP003,Hugo Dubois,C,Afternoon,48,1,420.0,144,98.22,3,Completed,DOCK-3,2,11
2026-05-11 14:00:00,OP002,Emma Bernard,B,Afternoon,62,1,547.6,186,99.08,9,Completed,DOCK-2,1,0
2026-05-11 14:00:00,OP001,Lucas Martin,A,Afternoon,53,3,642.0,53,98.97,4,Completed,DOCK-1,0,2
2026-05-11 14:00:00,OP016,Jade Fournier,A,Afternoon,51,1,737.1,102,97.31,7,Delayed,DOCK-8,7,9
2026-05-11 14:00:00,OP017,Liam Girard,B,Afternoon,52,0,541.4,104,97.75,7,Completed,DOCK-1,8,8
2026-05-11 15:00:00,OP015,Tom Roux,E,Afternoon,60,0,651.1,180,98.25,4,Completed,DOCK-7,4,1
2026-05-11 15:00:00,OP016,Jade Fournier,A,Afternoon,53,0,642.9,159,97.58,6,Completed,DOCK-8,7,7
2026-05-11 15:00:00,OP011,Adam Simon,A,Afternoon,54,1,739.4,54,97.69,7,Completed,DOCK-3,1,4
2026-05-11 15:00:00,OP004,Chloe Thomas,D,Afternoon,67,0,827.1,134,98.66,5,Completed,DOCK-4,7,10
2026-05-11 15:00:00,OP012,Camille Michel,B,Afternoon,54,1,699.7,54,96.7,2,Completed,DOCK-4,5,2
2026-05-11 15:00:00,OP010,Sarah Laurent,E,Afternoon,48,0,414.5,96,99.29,1,Completed,DOCK-2,10,0
2026-05-11 15:00:00,OP003,Hugo Dubois,C,Afternoon,52,0,719.8,52,97.5,2,Completed,DOCK-3,3,2
2026-05-11 15:00:00,OP007,Nathan Petit,B,Afternoon,60,0,613.2,60,97.81,4,Completed,DOCK-7,11,0
2026-05-11 15:00:00,OP020,Mila Faure,E,Afternoon,55,0,791.8,55,97.99,4,Completed,DOCK-4,2,5
2026-05-11 15:00:00,OP001,Lucas Martin,A,Afternoon,52,0,596.2,52,98.64,4,Completed,DOCK-1,3,8
2026-05-11 15:00:00,OP018,Lina Bonnet,C,Afternoon,61,0,772.7,122,97.34,6,Completed,DOCK-2,6,4
2026-05-11 15:00:00,OP013,Raphael Lefebvre,C,Afternoon,55,0,769.2,55,98.88,4,Completed,DOCK-5,6,11
2026-05-11 15:00:00,OP002,Emma Bernard,B,Afternoon,58,0,697.5,58,99.83,4,Completed,DOCK-2,8,4
2026-05-11 15:00:00,OP005,Louis Robert,E,Afternoon,58,0,493.6,116,98.8,7,Completed,DOCK-5,6,10
2026-05-11 15:00:00,OP019,Noah Lambert,D,Afternoon,64,0,764.8,64,98.45,3,Completed,DOCK-3,8,8
2026-05-11 16:00:00,OP019,Noah Lambert,D,Afternoon,56,0,689.4,56,97.83,1,Completed,DOCK-3,2,2
2026-05-11 16:00:00,OP003,Hugo Dubois,C,Afternoon,50,1,687.8,50,98.08,7,Completed,DOCK-3,10,11
2026-05-11 16:00:00,OP008,Lea Durand,C,Afternoon,53,0,684.1,53,98.73,1,Completed,DOCK-8,5,6
2026-05-11 16:00:00,OP011,Adam Simon,A,Afternoon,59,0,533.5,118,98.13,5,Cancelled,DOCK-3,9,8
2026-05-11 16:00:00,OP020,Mila Faure,E,Afternoon,56,2,596.7,56,97.49,3,Completed,DOCK-4,3,8
2026-05-11 16:00:00,OP013,Raphael Lefebvre,C,Afternoon,66,4,697.2,198,97.61,9,Completed,DOCK-5,7,3
2026-05-11 16:00:00,OP014,Ines Leroy,D,Afternoon,51,0,440.6,51,98.04,1,Completed,DOCK-6,6,5
2026-05-11 16:00:00,OP002,Emma Bernard,B,Afternoon,61,0,701.0,61,97.42,4,Completed,DOCK-2,4,0
2026-05-11 16:00:00,OP017,Liam Girard,B,Afternoon,46,1,605.0,46,97.49,4,Completed,DOCK-1,0,7
2026-05-11 16:00:00,OP006,Manon Richard,A,Afternoon,61,1,868.2,183,98.18,5,Completed,DOCK-6,9,7
2026-05-11 16:00:00,OP009,Jules Moreau,D,Afternoon,43,0,612.4,43,99.19,2,Completed,DOCK-1,0,10
2026-05-11 16:00:00,OP018,Lina Bonnet,C,Afternoon,62,1,841.2,186,99.01,5,Completed,DOCK-2,3,0
2026-05-11 16:00:00,OP016,Jade Fournier,A,Afternoon,60,0,779.2,60,98.98,5,Completed,DOCK-8,9,1
2026-05-11 16:00:00,OP005,Louis Robert,E,Afternoon,63,3,819.6,126,99.58,5,Completed,DOCK-5,1,9
2026-05-11 17:00:00,OP004,Chloe Thomas,D,Afternoon,64,0,781.2,64,98.81,3,Completed,DOCK-4,9,7
2026-05-11 17:00:00,OP003,Hugo Dubois,C,Afternoon,47,4,483.2,141,99.79,4,Completed,DOCK-3,6,0
2026-05-11 17:00:00,OP018,Lina Bonnet,C,Afternoon,65,0,709.6,195,97.78,4,Completed,DOCK-2,3,10
2026-05-11 17:00:00,OP009,Jules Moreau,D,Afternoon,50,0,673.4,50,96.23,6,Completed,DOCK-1,1,5
2026-05-11 17:00:00,OP012,Camille Michel,B,Afternoon,47,0,580.4,47,96.19,4,Completed,DOCK-4,10,0
2026-05-11 17:00:00,OP019,Noah Lambert,D,Afternoon,58,1,619.5,116,98.19,3,Delayed,DOCK-3,4,7
2026-05-11 17:00:00,OP006,Manon Richard,A,Afternoon,59,1,778.5,118,98.48,4,Completed,DOCK-6,5,1
2026-05-11 17:00:00,OP010,Sarah Laurent,E,Afternoon,66,0,849.5,132,98.41,7,Completed,DOCK-2,7,6
2026-05-11 18:00:00,OP013,Raphael Lefebvre,C,Afternoon,60,0,815.3,180,99.0,7,Completed,DOCK-5,11,8
2026-05-11 18:00:00,OP006,Manon Richard,A,Afternoon,54,1,528.7,54,96.45,3,Completed,DOCK-6,7,7
2026-05-11 18:00:00,OP005,Louis Robert,E,Afternoon,61,0,725.7,183,97.98,5,Completed,DOCK-5,4,11
2026-05-11 18:00:00,OP002,Emma Bernard,B,Afternoon,57,0,805.4,171,97.65,5,Delayed,DOCK-2,4,2
2026-05-11 18:00:00,OP003,Hugo Dubois,C,Afternoon,55,0,679.0,55,96.32,5,Completed,DOCK-3,3,1
2026-05-11 18:00:00,OP014,Ines Leroy,D,Afternoon,56,1,483.1,112,97.34,6,Completed,DOCK-6,7,4
2026-05-11 18:00:00,OP007,Nathan Petit,B,Afternoon,57,1,674.1,114,98.73,3,Completed,DOCK-7,5,0
2026-05-11 18:00:00,OP015,Tom Roux,E,Afternoon,56,1,530.9,112,97.44,6,Completed,DOCK-7,4,0
2026-05-11 18:00:00,OP012,Camille Michel,B,Afternoon,51,4,705.2,51,98.15,2,Completed,DOCK-4,1,4
2026-05-11 18:00:00,OP011,Adam Simon,A,Afternoon,54,1,742.1,54,97.23,6,Completed,DOCK-3,6,9
2026-05-11 18:00:00,OP016,Jade Fournier,A,Afternoon,53,0,502.5,53,99.39,7,Completed,DOCK-8,10,10
2026-05-11 18:00:00,OP009,Jules Moreau,D,Afternoon,44,1,487.9,44,97.44,4,Completed,DOCK-1,4,11
2026-05-11 19:00:00,OP007,Nathan Petit,B,Afternoon,63,1,775.1,189,97.62,6,Completed,DOCK-7,9,4
2026-05-11 19:00:00,OP004,Chloe Thomas,D,Afternoon,60,1,612.9,180,97.63,3,Completed,DOCK-4,7,1
2026-05-11 19:00:00,OP009,Jules Moreau,D,Afternoon,41,0,559.1,82,98.24,2,Completed,DOCK-1,2,8
2026-05-11 19:00:00,OP014,Ines Leroy,D,Afternoon,52,0,527.6,52,96.93,3,Completed,DOCK-6,9,8
2026-05-11 19:00:00,OP013,Raphael Lefebvre,C,Afternoon,60,1,750.6,60,97.18,5,Completed,DOCK-5,11,5
2026-05-11 19:00:00,OP001,Lucas Martin,A,Afternoon,45,1,426.5,90,96.15,2,Completed,DOCK-1,6,6
2026-05-11 19:00:00,OP011,Adam Simon,A,Afternoon,53,1,464.9,106,97.98,6,Cancelled,DOCK-3,1,10
2026-05-11 19:00:00,OP020,Mila Faure,E,Afternoon,50,1,500.5,50,98.06,8,Completed,DOCK-4,9,5
2026-05-11 19:00:00,OP017,Liam Girard,B,Afternoon,47,1,639.6,47,97.13,4,Completed,DOCK-1,6,9
2026-05-11 19:00:00,OP019,Noah Lambert,D,Afternoon,59,0,788.8,59,97.59,5,Completed,DOCK-3,4,0
2026-05-11 19:00:00,OP015,Tom Roux,E,Afternoon,68,1,943.2,136,98.98,6,Completed,DOCK-7,1,1
2026-05-11 19:00:00,OP006,Manon Richard,A,Afternoon,51,0,446.2,102,98.7,2,Completed,DOCK-6,2,3
2026-05-11 19:00:00,OP012,Camille Michel,B,Afternoon,43,1,369.7,129,98.29,7,Completed,DOCK-4,3,1
2026-05-11 19:00:00,OP016,Jade Fournier,A,Afternoon,64,2,815.5,192,97.87,4,Completed,DOCK-8,1,9
2026-05-11 20:00:00,OP011,Adam Simon,A,Afternoon,55,0,553.2,165,96.51,4,Completed,DOCK-3,11,5
2026-05-11 20:00:00,OP015,Tom Roux,E,Afternoon,58,1,671.9,174,97.41,9,Completed,DOCK-7,4,4
2026-05-11 20:00:00,OP018,Lina Bonnet,C,Afternoon,55,1,775.3,165,98.6,4,Completed,DOCK-2,2,7
2026-05-11 20:00:00,OP014,Ines Leroy,D,Afternoon,55,0,704.8,110,98.23,3,Completed,DOCK-6,0,2
2026-05-11 20:00:00,OP012,Camille Michel,B,Afternoon,48,1,625.7,48,97.86,4,Completed,DOCK-4,2,6
2026-05-11 20:00:00,OP010,Sarah Laurent,E,Afternoon,61,0,681.5,122,99.26,8,Completed,DOCK-2,1,9
2026-05-11 20:00:00,OP020,Mila Faure,E,Afternoon,45,0,410.4,45,96.55,2,Completed,DOCK-4,7,1
2026-05-11 20:00:00,OP002,Emma Bernard,B,Afternoon,61,0,839.1,183,97.73,4,Completed,DOCK-2,11,5
2026-05-11 21:00:00,OP017,Liam Girard,B,Afternoon,46,0,437.7,46,98.04,3,Completed,DOCK-1,10,8
2026-05-11 21:00:00,OP006,Manon Richard,A,Afternoon,49,0,476.1,49,98.04,5,Cancelled,DOCK-6,6,6
2026-05-11 21:00:00,OP002,Emma Bernard,B,Afternoon,47,0,615.4,47,99.41,3,Completed,DOCK-2,4,0
2026-05-11 21:00:00,OP015,Tom Roux,E,Afternoon,64,0,666.6,64,98.06,4,Completed,DOCK-7,5,0
2026-05-11 21:00:00,OP019,Noah Lambert,D,Afternoon,57,0,753.7,171,98.02,5,Completed,DOCK-3,9,0
2026-05-11 21:00:00,OP016,Jade Fournier,A,Afternoon,52,0,510.1,104,98.09,2,Completed,DOCK-8,3,4
2026-05-11 21:00:00,OP014,Ines Leroy,D,Afternoon,54,0,519.7,108,97.76,9,Completed,DOCK-6,0,6
2026-05-11 21:00:00,OP003,Hugo Dubois,C,Afternoon,51,1,587.9,153,97.98,1,Completed,DOCK-3,0,11
2026-05-11 21:00:00,OP018,Lina Bonnet,C,Afternoon,60,1,517.9,60,98.97,6,Completed,DOCK-2,7,3
2026-05-11 21:00:00,OP005,Louis Robert,E,Afternoon,61,0,716.3,61,98.8,3,Completed,DOCK-5,10,11
2026-05-11 22:00:00,OP008,Lea Durand,C,Night,39,2,516.8,78,97.62,3,Completed,DOCK-8,8,7
2026-05-11 22:00:00,OP019,Noah Lambert,D,Night,38,0,415.7,76,98.32,6,Completed,DOCK-3,7,4
2026-05-11 22:00:00,OP002,Emma Bernard,B,Night,43,0,598.0,129,98.49,8,Delayed,DOCK-2,10,5
2026-05-11 22:00:00,OP003,Hugo Dubois,C,Night,44,2,414.1,132,97.2,7,Completed,DOCK-3,1,9
2026-05-11 22:00:00,OP006,Manon Richard,A,Night,30,0,314.5,60,98.32,4,Completed,DOCK-6,10,10
2026-05-11 22:00:00,OP020,Mila Faure,E,Night,37,1,400.4,74,97.34,4,Delayed,DOCK-4,9,3
2026-05-11 22:00:00,OP010,Sarah Laurent,E,Night,46,0,607.8,92,96.51,1,Completed,DOCK-2,10,10
2026-05-11 22:00:00,OP014,Ines Leroy,D,Night,29,0,405.6,58,97.63,4,Completed,DOCK-6,10,3
2026-05-11 22:00:00,OP016,Jade Fournier,A,Night,40,0,452.0,40,96.02,7,Completed,DOCK-8,10,5
2026-05-11 22:00:00,OP001,Lucas Martin,A,Night,25,1,286.0,75,98.4,1,Completed,DOCK-1,10,4
2026-05-11 22:00:00,OP012,Camille Michel,B,Night,27,0,300.7,54,98.59,2,Completed,DOCK-4,4,2
2026-05-11 22:00:00,OP005,Louis Robert,E,Night,42,0,515.1,84,98.42,2,Completed,DOCK-5,4,0
2026-05-11 22:00:00,OP018,Lina Bonnet,C,Night,46,1,462.2,46,99.54,4,Completed,DOCK-2,2,7
2026-05-11 23:00:00,OP007,Nathan Petit,B,Night,49,3,455.7,98,98.03,5,Completed,DOCK-7,5,9
2026-05-11 23:00:00,OP008,Lea Durand,C,Night,41,0,503.4,41,99.58,2,Completed,DOCK-8,8,1
2026-05-11 23:00:00,OP001,Lucas Martin,A,Night,31,0,372.7,93,98.38,1,Completed,DOCK-1,9,7
2026-05-11 23:00:00,OP018,Lina Bonnet,C,Night,40,0,551.6,120,98.64,1,Completed,DOCK-2,4,10
2026-05-11 23:00:00,OP006,Manon Richard,A,Night,32,0,444.4,64,99.51,4,Completed,DOCK-6,6,3
2026-05-11 23:00:00,OP016,Jade Fournier,A,Night,41,1,362.2,123,99.0,1,Completed,DOCK-8,2,2
2026-05-11 23:00:00,OP014,Ines Leroy,D,Night,43,0,606.5,43,99.22,4,Completed,DOCK-6,10,5
2026-05-11 23:00:00,OP015,Tom Roux,E,Night,43,0,546.1,129,99.49,4,Completed,DOCK-7,10,11
2026-05-12 00:00:00,OP019,Noah Lambert,D,Night,30,1,431.9,30,97.95,1,Completed,DOCK-3,4,3
2026-05-12 00:00:00,OP002,Emma Bernard,B,Night,34,0,472.8,34,98.7,1,Completed,DOCK-2,9,11
2026-05-12 00:00:00,OP010,Sarah Laurent,E,Night,30,0,371.5,60,97.84,4,Completed,DOCK-2,2,2
2026-05-12 00:00:00,OP004,Chloe Thomas,D,Night,34,0,394.4,68,98.97,1,Completed,DOCK-4,9,6
2026-05-12 00:00:00,OP011,Adam Simon,A,Night,33,1,404.2,33,96.66,3,Delayed,DOCK-3,0,11
2026-05-12 00:00:00,OP012,Camille Michel,B,Night,27,0,307.5,81,96.89,3,Completed,DOCK-4,7,9
2026-05-12 00:00:00,OP017,Liam Girard,B,Night,37,0,416.6,111,97.93,3,Completed,DOCK-1,2,4
2026-05-12 00:00:00,OP003,Hugo Dubois,C,Night,30,0,355.0,30,98.22,1,Completed,DOCK-3,5,1
2026-05-12 00:00:00,OP005,Louis Robert,E,Night,40,0,543.8,40,98.23,1,Completed,DOCK-5,7,0
2026-05-12 00:00:00,OP020,Mila Faure,E,Night,25,0,262.2,25,97.46,5,Completed,DOCK-4,8,10
2026-05-12 00:00:00,OP008,Lea Durand,C,Night,39,0,345.4,78,96.76,7,Completed,DOCK-8,7,2
2026-05-12 00:00:00,OP018,Lina Bonnet,C,Night,53,0,714.8,53,99.9,4,Completed,DOCK-2,8,4
2026-05-12 00:00:00,OP001,Lucas Martin,A,Night,35,0,408.0,105,98.49,1,Completed,DOCK-1,11,7
2026-05-12 00:00:00,OP009,Jules Moreau,D,Night,37,1,534.6,111,97.99,2,Completed,DOCK-1,7,8
2026-05-12 01:00:00,OP019,Noah Lambert,D,Night,33,0,318.6,33,98.04,4,Completed,DOCK-3,6,0
2026-05-12 01:00:00,OP008,Lea Durand,C,Night,44,0,507.8,44,96.31,5,Completed,DOCK-8,3,3
2026-05-12 01:00:00,OP013,Raphael Lefebvre,C,Night,34,0,481.9,34,98.48,2,Completed,DOCK-5,1,0
2026-05-12 01:00:00,OP016,Jade Fournier,A,Night,30,0,321.6,60,98.49,2,Completed,DOCK-8,4,1
2026-05-12 01:00:00,OP017,Liam Girard,B,Night,32,3,397.1,64,97.68,8,Completed,DOCK-1,10,10
2026-05-12 01:00:00,OP012,Camille Michel,B,Night,33,0,396.8,33,97.1,1,Delayed,DOCK-4,0,3
2026-05-12 01:00:00,OP004,Chloe Thomas,D,Night,41,0,499.3,82,98.48,3,Completed,DOCK-4,2,1
2026-05-12 01:00:00,OP018,Lina Bonnet,C,Night,34,0,413.1,34,97.66,1,Completed,DOCK-2,5,6
2026-05-12 01:00:00,OP020,Mila Faure,E,Night,26,1,271.3,26,97.83,3,Completed,DOCK-4,11,11
2026-05-12 01:00:00,OP009,Jules Moreau,D,Night,27,0,388.6,27,98.23,2,Completed,DOCK-1,2,2
2026-05-12 01:00:00,OP005,Louis Robert,E,Night,39,0,465.5,39,98.36,4,Completed,DOCK-5,3,9
2026-05-12 01:00:00,OP007,Nathan Petit,B,Night,39,0,445.6,39,99.25,5,Cancelled,DOCK-7,2,9
2026-05-12 01:00:00,OP011,Adam Simon,A,Night,39,0,453.1,78,98.1,5,Delayed,DOCK-3,9,5
2026-05-12 02:00:00,OP013,Raphael Lefebvre,C,Night,34,0,430.8,34,97.76,2,Completed,DOCK-5,0,10
2026-05-12 02:00:00,OP018,Lina Bonnet,C,Night,40,0,524.2,80,97.84,2,Completed,DOCK-2,0,5
2026-05-12 02:00:00,OP012,Camille Michel,B,Night,25,0,226.3,25,97.62,1,Completed,DOCK-4,0,10
2026-05-12 02:00:00,OP017,Liam Girard,B,Night,40,1,538.1,40,98.48,1,Completed,DOCK-1,8,9
2026-05-12 02:00:00,OP016,Jade Fournier,A,Night,33,1,414.6,33,97.98,1,Completed,DOCK-8,10,11
2026-05-12 02:00:00,OP006,Manon Richard,A,Night,32,1,329.3,32,97.73,7,Delayed,DOCK-6,11,10
2026-05-12 02:00:00,OP007,Nathan Petit,B,Night,40,0,342.5,120,96.24,7,Delayed,DOCK-7,10,8
2026-05-12 02:00:00,OP019,Noah Lambert,D,Night,32,0,463.9,96,99.3,4,Completed,DOCK-3,10,7
2026-05-12 02:00:00,OP004,Chloe Thomas,D,Night,50,0,719.7,50,98.55,3,Completed,DOCK-4,0,9
2026-05-12 03:00:00,OP006,Manon Richard,A,Night,26,0,253.5,52,97.55,3,Completed,DOCK-6,7,9
2026-05-12 03:00:00,OP010,Sarah Laurent,E,Night,33,0,334.4,99,98.2,2,Completed,DOCK-2,2,9
2026-05-12 03:00:00,OP014,Ines Leroy,D,Night,37,0,315.2,37,96.73,2,Completed,DOCK-6,0,11
2026-05-12 03:00:00,OP016,Jade Fournier,A,Night,32,0,328.1,96,98.26,8,Completed,DOCK-8,11,1
2026-05-12 03:00:00,OP013,Raphael Lefebvre,C,Night,47,1,424.2,94,99.1,1,Completed,DOCK-5,2,4
2026-05-12 03:00:00,OP018,Lina Bonnet,C,Night,44,1,402.9,88,98.18,2,Completed,DOCK-2,6,4
2026-05-12 03:00:00,OP011,Adam Simon,A,Night,26,0,238.0,52,98.61,1,Completed,DOCK-3,0,7
2026-05-12 03:00:00,OP020,Mila Faure,E,Night,25,0,325.2,50,98.53,2,Completed,DOCK-4,4,9
2026-05-12 03:00:00,OP001,Lucas Martin,A,Night,25,1,231.0,25,96.61,2,Cancelled,DOCK-1,8,3
2026-05-12 03:00:00,OP019,Noah Lambert,D,Night,36,2,422.9,72,99.4,3,Completed,DOCK-3,6,6
2026-05-12 03:00:00,OP012,Camille Michel,B,Night,30,0,384.8,60,99.09,3,Completed,DOCK-4,4,3
2026-05-12 03:00:00,OP004,Chloe Thomas,D,Night,39,0,556.9,117,98.92,3,Completed,DOCK-4,10,5
2026-05-12 03:00:00,OP015,Tom Roux,E,Night,33,0,451.5,99,98.35,1,Delayed,DOCK-7,8,2
2026-05-12 03:00:00,OP017,Liam Girard,B,Night,33,0,402.0,66,97.96,1,Delayed,DOCK-1,7,2
2026-05-12 04:00:00,OP020,Mila Faure,E,Night,36,0,323.7,72,98.24,4,Completed,DOCK-4,8,1
2026-05-12 04:00:00,OP003,Hugo Dubois,C,Night,32,0,281.3,64,97.86,1,Completed,DOCK-3,2,5
2026-05-12 04:00:00,OP006,Manon Richard,A,Night,27,0,371.0,27,97.82,1,Delayed,DOCK-6,1,5
2026-05-12 04:00:00,OP005,Louis Robert,E,Night,32,0,364.2,64,97.69,4,Completed,DOCK-5,6,1
2026-05-12 04:00:00,OP009,Jules Moreau,D,Night,27,0,385.1,27,97.48,1,Completed,DOCK-1,6,0
2026-05-12 04:00:00,OP010,Sarah Laurent,E,Night,35,2,309.1,105,98.82,1,Completed,DOCK-2,8,6
2026-05-12 04:00:00,OP002,Emma Bernard,B,Night,41,0,550.0,41,97.26,4,Completed,DOCK-2,10,4
2026-05-12 04:00:00,OP012,Camille Michel,B,Night,25,0,228.8,25,97.17,1,Completed,DOCK-4,7,0
2026-05-12 04:00:00,OP007,Nathan Petit,B,Night,36,0,405.2,36,96.16,4,Completed,DOCK-7,11,9
2026-05-12 04:00:00,OP018,Lina Bonnet,C,Night,41,0,492.2,82,99.06,1,Completed,DOCK-2,1,9
2026-05-12 04:00:00,OP016,Jade Fournier,A,Night,31,0,393.3,62,97.67,2,Completed,DOCK-8,7,4
2026-05-12 04:00:00,OP014,Ines Leroy,D,Night,32,0,297.4,64,98.56,4,Completed,DOCK-6,4,7
2026-05-12 04:00:00,OP017,Liam Girard,B,Night,25,1,243.8,25,97.86,2,Completed,DOCK-1,8,2
2026-05-12 05:00:00,OP016,Jade Fournier,A,Night,35,2,352.6,105,97.5,4,Delayed,DOCK-8,7,0
2026-05-12 05:00:00,OP013,Raphael Lefebvre,C,Night,30,0,379.7,90,97.47,5,Completed,DOCK-5,10,4
2026-05-12 05:00:00,OP005,Louis Robert,E,Night,31,0,376.8,62,96.41,4,Delayed,DOCK-5,4,0
2026-05-12 05:00:00,OP019,Noah Lambert,D,Night,38,1,479.6,76,98.66,5,Completed,DOCK-3,9,11
2026-05-12 05:00:00,OP017,Liam Girard,B,Night,25,0,327.3,75,97.34,1,Completed,DOCK-1,0,9
2026-05-12 05:00:00,OP004,Chloe Thomas,D,Night,43,0,377.5,86,98.16,1,Completed,DOCK-4,3,10
2026-05-12 05:00:00,OP007,Nathan Petit,B,Night,36,1,349.3,72,98.08,5,Cancelled,DOCK-7,5,3
2026-05-12 05:00:00,OP018,Lina Bonnet,C,Night,40,1,423.3,40,98.0,2,Completed,DOCK-2,7,7
2026-05-12 06:00:00,OP012,Camille Michel,B,Morning,69,3,695.4,138,97.67,9,Completed,DOCK-4,4,7
2026-05-12 06:00:00,OP015,Tom Roux,E,Morning,71,0,805.3,71,97.83,13,Completed,DOCK-7,2,6
2026-05-12 06:00:00,OP011,Adam Simon,A,Morning,60,0,652.1,120,97.67,3,Completed,DOCK-3,5,7
2026-05-12 06:00:00,OP019,Noah Lambert,D,Morning,58,0,626.7,58,97.28,5,Completed,DOCK-3,6,0
2026-05-12 06:00:00,OP008,Lea Durand,C,Morning,62,1,612.3,124,97.04,5,Completed,DOCK-8,2,6
2026-05-12 06:00:00,OP003,Hugo Dubois,C,Morning,64,1,681.8,192,97.5,11,Completed,DOCK-3,1,10
2026-05-12 06:00:00,OP017,Liam Girard,B,Morning,61,0,695.6,122,96.94,3,Completed,DOCK-1,6,2
2026-05-12 06:00:00,OP004,Chloe Thomas,D,Morning,67,1,862.6,134,97.44,7,Completed,DOCK-4,2,4
2026-05-12 06:00:00,OP001,Lucas Martin,A,Morning,62,4,624.3,124,96.74,2,Completed,DOCK-1,8,8
2026-05-12 06:00:00,OP016,Jade Fournier,A,Morning,68,1,906.4,204,99.62,2,Completed,DOCK-8,5,7
2026-05-12 07:00:00,OP017,Liam Girard,B,Morning,67,1,860.3,134,96.46,2,Completed,DOCK-1,1,0
2026-05-12 07:00:00,OP011,Adam Simon,A,Morning,67,1,817.6,134,98.15,7,Completed,DOCK-3,3,11
2026-05-12 07:00:00,OP004,Chloe Thomas,D,Morning,60,0,678.7,120,98.93,3,Completed,DOCK-4,10,5
2026-05-12 07:00:00,OP013,Raphael Lefebvre,C,Morning,74,1,999.2,74,98.14,6,Completed,DOCK-5,2,2
2026-05-12 07:00:00,OP010,Sarah Laurent,E,Morning,70,0,865.5,210,97.7,2,Completed,DOCK-2,8,7
2026-05-12 07:00:00,OP008,Lea Durand,C,Morning,56,0,734.4,112,97.88,5,Completed,DOCK-8,4,3
2026-05-12 07:00:00,OP005,Louis Robert,E,Morning,73,4,720.7,73,97.92,7,Completed,DOCK-5,9,6
2026-05-12 07:00:00,OP006,Manon Richard,A,Morning,65,2,879.2,65,98.29,5,Completed,DOCK-6,10,5
2026-05-12 07:00:00,OP001,Lucas Martin,A,Morning,52,1,540.9,104,95.6,7,Completed,DOCK-1,9,8
2026-05-12 07:00:00,OP007,Nathan Petit,B,Morning,70,0,1003.9,140,98.8,10,Completed,DOCK-7,4,8
2026-05-12 07:00:00,OP020,Mila Faure,E,Morning,52,0,601.0,104,97.13,10,Completed,DOCK-4,3,2
2026-05-12 07:00:00,OP018,Lina Bonnet,C,Morning,70,2,639.4,140,99.01,5,Completed,DOCK-2,11,4
2026-05-12 08:00:00,OP013,Raphael Lefebvre,C,Morning,70,1,867.3,210,97.98,6,Completed,DOCK-5,6,5
2026-05-12 08:00:00,OP012,Camille Michel,B,Morning,57,1,807.9,57,97.49,8,Completed,DOCK-4,6,7
2026-05-12 08:00:00,OP020,Mila Faure,E,Morning,67,2,849.8,134,96.55,7,Completed,DOCK-4,7,3
2026-05-12 08:00:00,OP017,Liam Girard,B,Morning,62,2,800.7,124,97.74,3,Completed,DOCK-1,4,0
2026-05-12 08:00:00,OP002,Emma Bernard,B,Morning,69,3,680.5,207,99.48,3,Completed,DOCK-2,5,11
2026-05-12 08:00:00,OP003,Hugo Dubois,C,Morning,54,1,510.8,108,99.11,1,Completed,DOCK-3,8,1
2026-05-12 08:00:00,OP009,Jules Moreau,D,Morning,61,1,821.4,122,98.11,4,Completed,DOCK-1,10,8
2026-05-12 08:00:00,OP004,Chloe Thomas,D,Morning,76,0,973.4,76,98.45,5,Completed,DOCK-4,11,10
2026-05-12 08:00:00,OP016,Jade Fournier,A,Morning,81,1,774.9,81,98.26,7,Completed,DOCK-8,1,2
2026-05-12 08:00:00,OP006,Manon Richard,A,Morning,56,1,604.5,56,97.69,4,Completed,DOCK-6,6,10
2026-05-12 08:00:00,OP001,Lucas Martin,A,Morning,54,1,508.2,108,98.34,6,Completed,DOCK-1,11,2
2026-05-12 09:00:00,OP013,Raphael Lefebvre,C,Morning,63,1,563.6,189,96.78,6,Completed,DOCK-5,6,6
2026-05-12 09:00:00,OP008,Lea Durand,C,Morning,50,0,692.2,150,98.09,4,Completed,DOCK-8,4,7
2026-05-12 09:00:00,OP016,Jade Fournier,A,Morning,61,0,690.8,183,98.71,7,Completed,DOCK-8,1,3
2026-05-12 09:00:00,OP019,Noah Lambert,D,Morning,55,2,487.4,165,99.12,3,Completed,DOCK-3,2,4
2026-05-12 09:00:00,OP018,Lina Bonnet,C,Morning,74,0,663.0,74,97.72,2,Completed,DOCK-2,0,3
2026-05-12 09:00:00,OP006,Manon Richard,A,Morning,62,0,804.4,186,97.89,6,Completed,DOCK-6,7,2
2026-05-12 09:00:00,OP003,Hugo Dubois,C,Morning,58,1,590.5,116,99.53,5,Completed,DOCK-3,0,2
2026-05-12 09:00:00,OP015,Tom Roux,E,Morning,68,0,786.4,204,99.02,6,Completed,DOCK-7,9,11
2026-05-12 09:00:00,OP012,Camille Michel,B,Morning,54,0,710.4,54,96.98,5,Completed,DOCK-4,1,9
2026-05-12 09:00:00,OP001,Lucas Martin,A,Morning,54,1,583.9,108,97.6,3,Completed,DOCK-1,0,10
2026-05-12 09:00:00,OP005,Louis Robert,E,Morning,65,0,712.3,130,98.11,3,Completed,DOCK-5,8,10
2026-05-12 10:00:00,OP008,Lea Durand,C,Morning,58,0,495.3,116,98.13,6,Completed,DOCK-8,11,4
2026-05-12 10:00:00,OP016,Jade Fournier,A,Morning,51,0,546.8,102,98.92,2,Completed,DOCK-8,10,6
2026-05-12 10:00:00,OP013,Raphael Lefebvre,C,Morning,69,0,594.6,138,98.09,9,Completed,DOCK-5,4,4
2026-05-12 10:00:00,OP014,Ines Leroy,D,Morning,55,1,653.4,165,98.2,2,Cancelled,DOCK-6,9,2
2026-05-12 10:00:00,OP012,Camille Michel,B,Morning,57,1,487.0,171,97.56,9,Completed,DOCK-4,7,2
2026-05-12 10:00:00,OP019,Noah Lambert,D,Morning,73,2,677.5,219,96.26,4,Completed,DOCK-3,7,6
2026-05-12 10:00:00,OP004,Chloe Thomas,D,Morning,76,1,973.2,228,98.93,5,Completed,DOCK-4,3,6
2026-05-12 10:00:00,OP002,Emma Bernard,B,Morning,70,1,986.0,210,99.9,4,Completed,DOCK-2,1,5
2026-05-12 10:00:00,OP017,Liam Girard,B,Morning,64,1,817.2,64,98.58,9,Completed,DOCK-1,0,10
2026-05-12 10:00:00,OP020,Mila Faure,E,Morning,58,0,624.5,58,97.31,4,Completed,DOCK-4,0,6
2026-05-12 10:00:00,OP006,Manon Richard,A,Morning,53,0,553.3,159,97.98,7,Completed,DOCK-6,2,0
2026-05-12 10:00:00,OP015,Tom Roux,E,Morning,63,1,873.9,126,98.01,5,Completed,DOCK-7,1,2
2026-05-12 10:00:00,OP001,Lucas Martin,A,Morning,56,3,485.7,56,97.56,3,Completed,DOCK-1,2,2
2026-05-12 10:00:00,OP011,Adam Simon,A,Morning,58,0,496.0,58,98.11,8,Completed,DOCK-3,8,6
2026-05-12 11:00:00,OP004,Chloe Thomas,D,Morning,60,0,715.2,120,98.93,8,Delayed,DOCK-4,10,4
2026-05-12 11:00:00,OP003,Hugo Dubois,C,Morning,59,0,773.6,118,97.76,10,Completed,DOCK-3,11,10
2026-05-12 11:00:00,OP016,Jade Fournier,A,Morning,60,2,854.0,60,99.14,9,Completed,DOCK-8,2,8
2026-05-12 11:00:00,OP017,Liam Girard,B,Morning,60,0,769.3,60,96.97,2,Completed,DOCK-1,7,2
2026-05-12 11:00:00,OP015,Tom Roux,E,Morning,67,0,749.8,201,97.17,6,Completed,DOCK-7,5,7
2026-05-12 11:00:00,OP014,Ines Leroy,D,Morning,60,1,732.3,60,97.45,7,Completed,DOCK-6,7,11
2026-05-12 11:00:00,OP008,Lea Durand,C,Morning,65,0,731.9,65,97.42,3,Completed,DOCK-8,7,1
2026-05-12 11:00:00,OP011,Adam Simon,A,Morning,65,1,687.3,65,98.51,4,Cancelled,DOCK-3,10,4
2026-05-12 11:00:00,OP005,Louis Robert,E,Morning,72,1,703.3,216,98.88,3,Completed,DOCK-5,9,6
2026-05-12 11:00:00,OP007,Nathan Petit,B,Morning,69,0,716.4,138,97.88,8,Completed,DOCK-7,2,9
2026-05-12 11:00:00,OP012,Camille Michel,B,Morning,57,4,587.6,57,95.88,5,Completed,DOCK-4,11,9
2026-05-12 11:00:00,OP020,Mila Faure,E,Morning,52,1,679.6,52,96.62,3,Completed,DOCK-4,6,8
2026-05-12 12:00:00,OP019,Noah Lambert,D,Morning,63,2,625.5,63,99.05,8,Completed,DOCK-3,7,7
2026-05-12 12:00:00,OP003,Hugo Dubois,C,Morning,68,1,710.3,136,98.22,10,Completed,DOCK-3,5,7
2026-05-12 12:00:00,OP006,Manon Richard,A,Morning,65,0,928.0,195,97.54,3,Delayed,DOCK-6,2,1
2026-05-12 12:00:00,OP016,Jade Fournier,A,Morning,61,0,724.4,122,98.05,5,Completed,DOCK-8,5,9
2026-05-12 12:00:00,OP013,Raphael Lefebvre,C,Morning,65,0,573.1,195,96.88,5,Completed,DOCK-5,2,9
2026-05-12 12:00:00,OP001,Lucas Martin,A,Morning,54,2,542.8,108,99.55,7,Completed,DOCK-1,11,9
2026-05-12 12:00:00,OP018,Lina Bonnet,C,Morning,72,1,769.5,216,98.14,9,Completed,DOCK-2,0,6
2026-05-12 12:00:00,OP017,Liam Girard,B,Morning,58,2,673.7,116,98.2,7,Completed,DOCK-1,11,5
2026-05-12 12:00:00,OP007,Nathan Petit,B,Morning,73,1,672.7,146,97.65,3,Completed,DOCK-7,7,3
2026-05-12 12:00:00,OP005,Louis Robert,E,Morning,54,0,666.3,162,99.51,2,Completed,DOCK-5,11,10
2026-05-12 12:00:00,OP008,Lea Durand,C,Morning,61,1,768.0,122,97.7,4,Completed,DOCK-8,7,6
2026-05-12 12:00:00,OP004,Chloe Thomas,D,Morning,70,1,975.6,70,98.29,6,Completed,DOCK-4,3,2
2026-05-12 13:00:00,OP010,Sarah Laurent,E,Morning,67,0,889.2,201,99.52,3,Completed,DOCK-2,11,10
2026-05-12 13:00:00,OP004,Chloe Thomas,D,Morning,72,2,973.1,144,98.15,3,Completed,DOCK-4,0,5
2026-05-12 13:00:00,OP007,Nathan Petit,B,Morning,57,2,802.3,57,98.77,6,Completed,DOCK-7,7,4
2026-05-12 13:00:00,OP016,Jade Fournier,A,Morning,57,1,681.2,57,96.94,5,Completed,DOCK-8,3,8
2026-05-12 13:00:00,OP008,Lea Durand,C,Morning,61,2,631.8,183,96.97,2,Completed,DOCK-8,2,11
2026-05-12 13:00:00,OP001,Lucas Martin,A,Morning,50,1,660.2,100,96.57,4,Completed,DOCK-1,8,5
2026-05-12 13:00:00,OP012,Camille Michel,B,Morning,55,0,539.1,110,97.41,4,Completed,DOCK-4,0,4
2026-05-12 13:00:00,OP014,Ines Leroy,D,Morning,54,1,487.0,108,98.6,5,Completed,DOCK-6,8,8
2026-05-12 13:00:00,OP018,Lina Bonnet,C,Morning,66,0,893.6,66,99.01,4,Completed,DOCK-2,9,4
2026-05-12 13:00:00,OP020,Mila Faure,E,Morning,55,2,641.9,110,96.75,5,Completed,DOCK-4,0,10
2026-05-12 13:00:00,OP003,Hugo Dubois,C,Morning,58,0,589.4,58,98.49,5,Completed,DOCK-3,9,6
2026-05-12 14:00:00,OP016,Jade Fournier,A,Afternoon,56,2,480.5,168,97.32,8,Completed,DOCK-8,3,4
2026-05-12 14:00:00,OP002,Emma Bernard,B,Afternoon,59,0,744.5,59,98.25,1,Completed,DOCK-2,2,2
2026-05-12 14:00:00,OP009,Jules Moreau,D,Afternoon,51,3,443.7,51,95.77,4,Completed,DOCK-1,3,3
2026-05-12 14:00:00,OP019,Noah Lambert,D,Afternoon,46,0,509.3,138,99.14,3,Completed,DOCK-3,4,4
2026-05-12 14:00:00,OP013,Raphael Lefebvre,C,Afternoon,48,0,680.5,144,97.93,6,Delayed,DOCK-5,8,10
2026-05-12 14:00:00,OP007,Nathan Petit,B,Afternoon,44,0,535.9,132,96.85,3,Delayed,DOCK-7,0,5
2026-05-12 14:00:00,OP017,Liam Girard,B,Afternoon,48,0,689.5,96,96.82,3,Completed,DOCK-1,7,11
2026-05-12 14:00:00,OP015,Tom Roux,E,Afternoon,58,1,811.8,58,97.94,2,Completed,DOCK-7,3,0
2026-05-12 14:00:00,OP008,Lea Durand,C,Afternoon,55,1,733.2,165,98.66,5,Delayed,DOCK-8,3,11
2026-05-12 14:00:00,OP020,Mila Faure,E,Afternoon,56,0,743.5,56,96.62,5,Completed,DOCK-4,0,0
2026-05-12 15:00:00,OP020,Mila Faure,E,Afternoon,49,1,487.9,49,96.7,3,Completed,DOCK-4,11,8
2026-05-12 15:00:00,OP015,Tom Roux,E,Afternoon,68,0,602.0,68,98.77,2,Completed,DOCK-7,10,9
2026-05-12 15:00:00,OP018,Lina Bonnet,C,Afternoon,50,0,471.9,150,99.02,1,Completed,DOCK-2,1,5
2026-05-12 15:00:00,OP007,Nathan Petit,B,Afternoon,55,0,670.3,110,97.92,8,Completed,DOCK-7,9,9
2026-05-12 15:00:00,OP014,Ines Leroy,D,Afternoon,54,2,605.7,54,96.9,4,Completed,DOCK-6,11,6
2026-05-12 15:00:00,OP012,Camille Michel,B,Afternoon,40,0,398.2,80,97.93,1,Completed,DOCK-4,4,8
2026-05-12 15:00:00,OP008,Lea Durand,C,Afternoon,50,0,625.4,100,97.98,5,Completed,DOCK-8,4,5
2026-05-12 15:00:00,OP009,Jules Moreau,D,Afternoon,46,0,514.7,138,99.22,3,Completed,DOCK-1,7,0
2026-05-12 16:00:00,OP015,Tom Roux,E,Afternoon,58,0,530.5,58,99.67,4,Completed,DOCK-7,2,9
2026-05-12 16:00:00,OP014,Ines Leroy,D,Afternoon,44,0,600.6,88,98.72,5,Completed,DOCK-6,10,10
2026-05-12 16:00:00,OP001,Lucas Martin,A,Afternoon,50,0,692.3,50,98.26,4,Completed,DOCK-1,9,6
2026-05-12 16:00:00,OP009,Jules Moreau,D,Afternoon,47,0,523.3,94,97.75,5,Completed,DOCK-1,9,6
2026-05-12 16:00:00,OP008,Lea Durand,C,Afternoon,52,0,712.1,52,98.99,3,Completed,DOCK-8,5,8
2026-05-12 16:00:00,OP017,Liam Girard,B,Afternoon,44,1,524.8,88,96.6,2,Completed,DOCK-1,4,10
2026-05-12 16:00:00,OP011,Adam Simon,A,Afternoon,56,2,713.1,112,96.85,7,Delayed,DOCK-3,0,7
2026-05-12 16:00:00,OP019,Noah Lambert,D,Afternoon,49,1,689.8,98,96.89,6,Completed,DOCK-3,11,7
2026-05-12 16:00:00,OP005,Louis Robert,E,Afternoon,41,0,371.0,123,99.07,6,Completed,DOCK-5,3,0
2026-05-12 16:00:00,OP002,Emma Bernard,B,Afternoon,51,0,441.1,102,99.83,3,Completed,DOCK-2,6,4
2026-05-12 16:00:00,OP003,Hugo Dubois,C,Afternoon,20,0,220.8,40,95.9,1,Completed,DOCK-3,2,2
2026-05-12 17:00:00,OP013,Raphael Lefebvre,C,Afternoon,55,0,652.6,110,96.51,6,Completed,DOCK-5,0,4
2026-05-12 17:00:00,OP001,Lucas Martin,A,Afternoon,40,1,376.2,80,99.23,3,Completed,DOCK-1,0,0
2026-05-12 17:00:00,OP005,Louis Robert,E,Afternoon,45,0,513.3,45,97.73,3,Completed,DOCK-5,5,1
2026-05-12 17:00:00,OP014,Ines Leroy,D,Afternoon,40,0,480.6,120,99.0,5,Completed,DOCK-6,3,1
2026-05-12 17:00:00,OP009,Jules Moreau,D,Afternoon,58,0,813.5,116,96.7,8,Completed,DOCK-1,11,1
2026-05-12 17:00:00,OP003,Hugo Dubois,C,Afternoon,48,0,493.5,144,96.67,2,Completed,DOCK-3,10,0
2026-05-12 17:00:00,OP017,Liam Girard,B,Afternoon,40,0,483.4,40,96.51,4,Completed,DOCK-1,1,0
2026-05-12 17:00:00,OP018,Lina Bonnet,C,Afternoon,52,0,560.8,156,98.35,5,Completed,DOCK-2,0,6
2026-05-12 17:00:00,OP020,Mila Faure,E,Afternoon,48,0,564.3,48,96.28,4,Completed,DOCK-4,1,8
2026-05-12 17:00:00,OP015,Tom Roux,E,Afternoon,57,1,510.0,171,98.33,5,Completed,DOCK-7,10,1
2026-05-12 17:00:00,OP002,Emma Bernard,B,Afternoon,45,2,565.1,45,97.02,3,Completed,DOCK-2,5,3
2026-05-12 17:00:00,OP016,Jade Fournier,A,Afternoon,52,2,521.2,156,96.7,6,Completed,DOCK-8,11,8
2026-05-12 17:00:00,OP006,Manon Richard,A,Afternoon,50,0,436.8,50,98.02,7,Completed,DOCK-6,6,4
2026-05-12 18:00:00,OP001,Lucas Martin,A,Afternoon,40,0,437.8,80,97.25,4,Completed,DOCK-1,10,4
2026-05-12 18:00:00,OP013,Raphael Lefebvre,C,Afternoon,60,2,596.2,180,99.0,5,Completed,DOCK-5,11,8
2026-05-12 18:00:00,OP019,Noah Lambert,D,Afternoon,58,0,742.9,174,96.7,3,Completed,DOCK-3,8,11
2026-05-12 18:00:00,OP012,Camille Michel,B,Afternoon,43,1,598.1,43,98.41,2,Completed,DOCK-4,6,6
2026-05-12 18:00:00,OP004,Chloe Thomas,D,Afternoon,49,0,572.6,147,97.71,4,Completed,DOCK-4,6,10
2026-05-12 18:00:00,OP020,Mila Faure,E,Afternoon,47,1,409.3,94,96.74,1,Completed,DOCK-4,1,10
2026-05-12 18:00:00,OP009,Jules Moreau,D,Afternoon,40,0,527.1,120,98.83,4,Completed,DOCK-1,10,0
2026-05-12 18:00:00,OP014,Ines Leroy,D,Afternoon,44,0,633.3,88,97.68,3,Completed,DOCK-6,5,0
2026-05-12 18:00:00,OP015,Tom Roux,E,Afternoon,61,1,807.2,61,98.03,7,Completed,DOCK-7,7,7
2026-05-12 18:00:00,OP005,Louis Robert,E,Afternoon,58,0,507.2,174,97.29,6,Completed,DOCK-5,9,7
2026-05-12 18:00:00,OP011,Adam Simon,A,Afternoon,49,0,700.9,49,98.53,4,Completed,DOCK-3,0,7
2026-05-12 18:00:00,OP006,Manon Richard,A,Afternoon,55,0,534.4,165,97.37,8,Completed,DOCK-6,0,4
2026-05-12 19:00:00,OP012,Camille Michel,B,Afternoon,54,0,507.9,162,97.0,1,Completed,DOCK-4,4,8
2026-05-12 19:00:00,OP007,Nathan Petit,B,Afternoon,55,0,652.4,165,98.66,7,Completed,DOCK-7,0,11
2026-05-12 19:00:00,OP004,Chloe Thomas,D,Afternoon,58,1,644.8,116,97.01,4,Completed,DOCK-4,10,0
2026-05-12 19:00:00,OP001,Lucas Martin,A,Afternoon,43,0,541.5,43,97.48,3,Completed,DOCK-1,10,8
2026-05-12 19:00:00,OP013,Raphael Lefebvre,C,Afternoon,49,1,676.6,98,97.8,3,Completed,DOCK-5,0,8
2026-05-12 19:00:00,OP018,Lina Bonnet,C,Afternoon,56,1,551.2,168,98.51,3,Completed,DOCK-2,10,1
2026-05-12 19:00:00,OP019,Noah Lambert,D,Afternoon,55,0,480.2,110,98.16,8,Completed,DOCK-3,1,4
2026-05-12 19:00:00,OP014,Ines Leroy,D,Afternoon,60,0,857.6,60,97.47,5,Completed,DOCK-6,10,2
2026-05-12 19:00:00,OP017,Liam Girard,B,Afternoon,43,2,385.4,86,98.83,3,Completed,DOCK-1,11,8
2026-05-12 19:00:00,OP003,Hugo Dubois,C,Afternoon,49,3,659.5,98,99.15,4,Completed,DOCK-3,9,0
2026-05-12 19:00:00,OP002,Emma Bernard,B,Afternoon,50,0,709.6,150,98.04,4,Completed,DOCK-2,8,4
2026-05-12 19:00:00,OP020,Mila Faure,E,Afternoon,47,0,577.2,141,98.89,4,Completed,DOCK-4,2,5
2026-05-12 19:00:00,OP005,Louis Robert,E,Afternoon,47,0,512.6,94,97.49,4,Completed,DOCK-5,5,8
2026-05-12 19:00:00,OP011,Adam Simon,A,Afternoon,50,0,584.6,150,98.05,4,Delayed,DOCK-3,6,4
2026-05-12 20:00:00,OP019,Noah Lambert,D,Afternoon,56,2,595.7,112,99.03,6,Completed,DOCK-3,10,6
2026-05-12 20:00:00,OP004,Chloe Thomas,D,Afternoon,45,1,592.8,45,98.01,3,Completed,DOCK-4,5,5
2026-05-12 20:00:00,OP018,Lina Bonnet,C,Afternoon,52,0,569.2,156,98.27,5,Completed,DOCK-2,2,8
2026-05-12 20:00:00,OP005,Louis Robert,E,Afternoon,51,0,648.1,51,97.38,5,Cancelled,DOCK-5,9,11
2026-05-12 20:00:00,OP007,Nathan Petit,B,Afternoon,56,1,618.1,112,98.16,5,Completed,DOCK-7,4,3
2026-05-12 20:00:00,OP006,Manon Richard,A,Afternoon,40,2,445.9,80,99.9,3,Completed,DOCK-6,9,5
2026-05-12 20:00:00,OP010,Sarah Laurent,E,Afternoon,49,0,709.5,98,97.48,4,Completed,DOCK-2,6,1
2026-05-12 20:00:00,OP011,Adam Simon,A,Afternoon,54,0,585.1,162,98.33,2,Completed,DOCK-3,2,10
2026-05-12 20:00:00,OP009,Jules Moreau,D,Afternoon,54,1,709.4,108,97.6,3,Completed,DOCK-1,7,4
2026-05-12 20:00:00,OP003,Hugo Dubois,C,Afternoon,52,0,530.4,156,97.34,5,Completed,DOCK-3,7,7
2026-05-12 21:00:00,OP019,Noah Lambert,D,Afternoon,51,0,454.6,102,97.25,8,Completed,DOCK-3,9,0
2026-05-12 21:00:00,OP020,Mila Faure,E,Afternoon,46,0,630.6,138,97.98,5,Completed,DOCK-4,1,1
2026-05-12 21:00:00,OP004,Chloe Thomas,D,Afternoon,57,1,622.7,114,98.73,4,Completed,DOCK-4,0,5
2026-05-12 21:00:00,OP010,Sarah Laurent,E,Afternoon,50,0,720.1,100,97.13,2,Completed,DOCK-2,1,7
2026-05-12 21:00:00,OP008,Lea Durand,C,Afternoon,45,0,617.2,45,97.54,1,Completed,DOCK-8,2,11
2026-05-12 21:00:00,OP005,Louis Robert,E,Afternoon,52,0,468.6,104,97.98,1,Completed,DOCK-5,0,11
2026-05-12 21:00:00,OP001,Lucas Martin,A,Afternoon,42,0,604.7,84,99.48,3,Completed,DOCK-1,0,9
2026-05-12 21:00:00,OP013,Raphael Lefebvre,C,Afternoon,46,1,569.3,46,99.29,4,Completed,DOCK-5,5,5
2026-05-12 21:00:00,OP014,Ines Leroy,D,Afternoon,45,0,415.4,90,97.6,4,Completed,DOCK-6,10,9
2026-05-12 21:00:00,OP002,Emma Bernard,B,Afternoon,58,2,534.6,116,98.97,7,Completed,DOCK-2,2,1
2026-05-12 21:00:00,OP006,Manon Richard,A,Afternoon,42,1,387.4,84,96.5,1,Completed,DOCK-6,10,8
2026-05-12 21:00:00,OP009,Jules Moreau,D,Afternoon,51,1,489.6,153,98.14,3,Completed,DOCK-1,8,4
2026-05-12 21:00:00,OP007,Nathan Petit,B,Afternoon,52,0,611.9,52,98.81,11,Completed,DOCK-7,11,4
2026-05-12 21:00:00,OP018,Lina Bonnet,C,Afternoon,45,0,441.3,90,98.69,1,Completed,DOCK-2,11,10
2026-05-12 22:00:00,OP012,Camille Michel,B,Night,28,0,264.6,28,97.12,4,Completed,DOCK-4,3,8
2026-05-12 22:00:00,OP001,Lucas Martin,A,Night,29,1,349.7,29,95.98,2,Completed,DOCK-1,7,0
2026-05-12 22:00:00,OP011,Adam Simon,A,Night,32,0,361.4,32,97.25,2,Cancelled,DOCK-3,0,0
2026-05-12 22:00:00,OP013,Raphael Lefebvre,C,Night,41,1,537.4,123,97.09,2,Delayed,DOCK-5,0,10
2026-05-12 22:00:00,OP016,Jade Fournier,A,Night,44,1,578.3,88,98.67,1,Completed,DOCK-8,7,0
2026-05-12 22:00:00,OP006,Manon Richard,A,Night,31,2,308.4,93,97.82,3,Delayed,DOCK-6,9,7
2026-05-12 22:00:00,OP020,Mila Faure,E,Night,28,2,388.4,84,97.62,2,Delayed,DOCK-4,6,0
2026-05-12 22:00:00,OP002,Emma Bernard,B,Night,37,1,464.2,37,98.44,3,Delayed,DOCK-2,10,0
2026-05-12 22:00:00,OP019,Noah Lambert,D,Night,39,1,385.4,39,96.81,3,Completed,DOCK-3,4,3
2026-05-12 22:00:00,OP014,Ines Leroy,D,Night,35,0,485.3,70,98.15,3,Completed,DOCK-6,10,5
2026-05-12 22:00:00,OP015,Tom Roux,E,Night,34,0,316.7,68,98.5,1,Cancelled,DOCK-7,11,8
2026-05-12 23:00:00,OP004,Chloe Thomas,D,Night,37,0,343.1,74,97.38,3,Delayed,DOCK-4,1,9
2026-05-12 23:00:00,OP006,Manon Richard,A,Night,34,1,469.4,34,98.17,1,Completed,DOCK-6,7,11
2026-05-12 23:00:00,OP012,Camille Michel,B,Night,32,1,396.8,96,97.36,4,Completed,DOCK-4,7,5
2026-05-12 23:00:00,OP008,Lea Durand,C,Night,28,0,275.7,84,97.61,4,Delayed,DOCK-8,3,3
2026-05-12 23:00:00,OP017,Liam Girard,B,Night,36,0,394.3,36,98.28,1,Cancelled,DOCK-1,4,8
2026-05-12 23:00:00,OP014,Ines Leroy,D,Night,27,0,236.7,54,98.66,4,Completed,DOCK-6,9,5
2026-05-12 23:00:00,OP016,Jade Fournier,A,Night,42,0,519.7,42,97.1,3,Completed,DOCK-8,4,10
2026-05-12 23:00:00,OP005,Louis Robert,E,Night,33,0,421.1,33,98.02,2,Completed,DOCK-5,9,1
2026-05-12 23:00:00,OP001,Lucas Martin,A,Night,37,0,427.3,74,97.41,3,Completed,DOCK-1,2,8
2026-05-12 23:00:00,OP020,Mila Faure,E,Night,38,1,383.9,114,96.81,5,Completed,DOCK-4,11,1
2026-05-12 23:00:00,OP003,Hugo Dubois,C,Night,35,0,439.8,35,98.97,4,Completed,DOCK-3,4,7
2026-05-12 23:00:00,OP007,Nathan Petit,B,Night,42,0,570.8,126,98.79,6,Delayed,DOCK-7,9,7
2026-05-12 23:00:00,OP010,Sarah Laurent,E,Night,33,0,298.1,33,98.95,2,Completed,DOCK-2,11,10
2026-05-12 23:00:00,OP015,Tom Roux,E,Night,43,1,424.1,86,98.29,3,Delayed,DOCK-7,10,0
2026-05-13 00:00:00,OP011,Adam Simon,A,Night,41,0,468.8,41,97.13,1,Delayed,DOCK-3,7,7
2026-05-13 00:00:00,OP006,Manon Richard,A,Night,31,0,270.1,62,97.91,5,Delayed,DOCK-6,11,1
2026-05-13 00:00:00,OP004,Chloe Thomas,D,Night,43,0,418.0,86,98.59,5,Completed,DOCK-4,9,10
2026-05-13 00:00:00,OP012,Camille Michel,B,Night,33,0,392.3,33,96.62,2,Completed,DOCK-4,8,10
2026-05-13 00:00:00,OP010,Sarah Laurent,E,Night,37,0,484.7,74,98.13,8,Cancelled,DOCK-2,3,5
2026-05-13 00:00:00,OP017,Liam Girard,B,Night,37,1,394.6,111,96.74,2,Completed,DOCK-1,11,5
2026-05-13 00:00:00,OP015,Tom Roux,E,Night,46,0,453.1,138,99.32,3,Delayed,DOCK-7,4,0
2026-05-13 00:00:00,OP013,Raphael Lefebvre,C,Night,37,1,463.4,37,97.9,3,Completed,DOCK-5,4,1
2026-05-13 01:00:00,OP011,Adam Simon,A,Night,34,1,478.4,102,97.58,6,Cancelled,DOCK-3,6,9
2026-05-13 01:00:00,OP006,Manon Richard,A,Night,28,1,361.9,84,97.62,2,Completed,DOCK-6,10,5
2026-05-13 01:00:00,OP004,Chloe Thomas,D,Night,41,0,395.4,41,99.25,3,Completed,DOCK-4,6,11
2026-05-13 01:00:00,OP001,Lucas Martin,A,Night,25,1,238.7,75,97.45,2,Completed,DOCK-1,10,4
2026-05-13 01:00:00,OP016,Jade Fournier,A,Night,28,1,398.6,56,97.21,4,Completed,DOCK-8,7,6
2026-05-13 01:00:00,OP008,Lea Durand,C,Night,34,1,323.4,68,98.24,2,Cancelled,DOCK-8,2,9
2026-05-13 01:00:00,OP013,Raphael Lefebvre,C,Night,33,0,305.8,99,97.85,1,Completed,DOCK-5,9,8
2026-05-13 01:00:00,OP007,Nathan Petit,B,Night,41,0,437.5,82,97.78,1,Completed,DOCK-7,4,6
2026-05-13 01:00:00,OP014,Ines Leroy,D,Night,31,0,373.5,62,97.7,1,Completed,DOCK-6,8,8
2026-05-13 01:00:00,OP017,Liam Girard,B,Night,40,1,480.5,40,97.87,7,Completed,DOCK-1,8,11
2026-05-13 01:00:00,OP005,Louis Robert,E,Night,25,0,351.8,50,98.23,5,Completed,DOCK-5,8,7
2026-05-13 01:00:00,OP010,Sarah Laurent,E,Night,47,2,630.5,141,97.83,4,Cancelled,DOCK-2,6,6
2026-05-13 01:00:00,OP009,Jules Moreau,D,Night,25,0,263.1,75,96.78,2,Completed,DOCK-1,10,8
2026-05-13 01:00:00,OP020,Mila Faure,E,Night,30,0,316.2,90,96.35,5,Cancelled,DOCK-4,3,3
2026-05-13 01:00:00,OP003,Hugo Dubois,C,Night,36,0,405.7,108,97.37,5,Completed,DOCK-3,10,8
2026-05-13 02:00:00,OP010,Sarah Laurent,E,Night,37,1,512.3,74,99.01,2,Completed,DOCK-2,1,1
2026-05-13 02:00:00,OP006,Manon Richard,A,Night,36,0,468.6,36,96.24,5,Delayed,DOCK-6,6,11
2026-05-13 02:00:00,OP019,Noah Lambert,D,Night,35,0,435.3,105,98.82,1,Completed,DOCK-3,8,9
2026-05-13 02:00:00,OP015,Tom Roux,E,Night,48,1,512.0,144,97.51,4,Completed,DOCK-7,11,11
2026-05-13 02:00:00,OP001,Lucas Martin,A,Night,29,0,372.2,87,97.7,1,Completed,DOCK-1,5,6
2026-05-13 02:00:00,OP007,Nathan Petit,B,Night,40,0,516.6,40,99.04,8,Completed,DOCK-7,5,3
2026-05-13 02:00:00,OP018,Lina Bonnet,C,Night,47,0,568.4,141,98.1,5,Completed,DOCK-2,11,9
2026-05-13 02:00:00,OP009,Jules Moreau,D,Night,25,0,358.0,25,98.1,1,Completed,DOCK-1,9,11
2026-05-13 03:00:00,OP003,Hugo Dubois,C,Night,25,0,254.0,25,98.22,5,Completed,DOCK-3,0,4
2026-05-13 03:00:00,OP008,Lea Durand,C,Night,37,1,527.9,111,98.49,5,Cancelled,DOCK-8,6,10
2026-05-13 03:00:00,OP015,Tom Roux,E,Night,43,0,616.7,43,97.74,2,Completed,DOCK-7,10,11
2026-05-13 03:00:00,OP009,Jules Moreau,D,Night,25,1,239.3,75,96.42,2,Completed,DOCK-1,3,8
2026-05-13 03:00:00,OP001,Lucas Martin,A,Night,32,0,441.1,64,98.43,1,Completed,DOCK-1,2,1
2026-05-13 03:00:00,OP017,Liam Girard,B,Night,25,0,312.5,25,96.9,1,Completed,DOCK-1,0,8
2026-05-13 03:00:00,OP016,Jade Fournier,A,Night,42,0,509.3,84,97.24,3,Completed,DOCK-8,1,10
2026-05-13 03:00:00,OP010,Sarah Laurent,E,Night,38,0,365.0,76,98.35,4,Completed,DOCK-2,0,5
2026-05-13 04:00:00,OP007,Nathan Petit,B,Night,34,0,313.7,102,99.17,5,Delayed,DOCK-7,11,9
2026-05-13 04:00:00,OP016,Jade Fournier,A,Night,40,1,579.7,40,97.4,6,Completed,DOCK-8,11,1
2026-05-13 04:00:00,OP019,Noah Lambert,D,Night,34,0,310.7,34,99.12,3,Completed,DOCK-3,8,11
2026-05-13 04:00:00,OP012,Camille Michel,B,Night,29,0,275.5,58,98.25,2,Completed,DOCK-4,6,5
2026-05-13 04:00:00,OP010,Sarah Laurent,E,Night,36,0,373.3,108,99.17,1,Completed,DOCK-2,3,10
2026-05-13 04:00:00,OP004,Chloe Thomas,D,Night,33,0,360.9,99,97.55,3,Completed,DOCK-4,7,1
2026-05-13 04:00:00,OP002,Emma Bernard,B,Night,36,2,515.4,108,96.32,5,Completed,DOCK-2,11,3
2026-05-13 04:00:00,OP001,Lucas Martin,A,Night,31,1,285.3,62,97.3,2,Completed,DOCK-1,4,1
2026-05-13 04:00:00,OP006,Manon Richard,A,Night,34,0,478.6,34,97.45,1,Completed,DOCK-6,0,0
2026-05-13 04:00:00,OP013,Raphael Lefebvre,C,Night,43,2,396.2,129,98.04,4,Completed,DOCK-5,3,4
2026-05-13 04:00:00,OP009,Jules Moreau,D,Night,25,1,289.6,25,98.03,1,Completed,DOCK-1,3,9
2026-05-13 04:00:00,OP020,Mila Faure,E,Night,31,2,350.3,93,99.13,6,Completed,DOCK-4,6,1
2026-05-13 04:00:00,OP005,Louis Robert,E,Night,42,2,587.3,84,97.89,4,Completed,DOCK-5,9,0
2026-05-13 04:00:00,OP008,Lea Durand,C,Night,31,1,409.6,62,99.19,3,Completed,DOCK-8,3,5
2026-05-13 04:00:00,OP018,Lina Bonnet,C,Night,37,0,528.7,74,96.85,1,Completed,DOCK-2,4,8
2026-05-13 05:00:00,OP002,Emma Bernard,B,Night,44,1,496.5,132,98.23,2,Completed,DOCK-2,10,0
2026-05-13 05:00:00,OP012,Camille Michel,B,Night,29,1,376.2,87,96.91,6,Completed,DOCK-4,9,0
2026-05-13 05:00:00,OP006,Manon Richard,A,Night,37,0,361.8,37,98.29,4,Completed,DOCK-6,11,4
2026-05-13 05:00:00,OP017,Liam Girard,B,Night,28,0,263.6,56,98.41,2,Completed,DOCK-1,7,1
2026-05-13 05:00:00,OP014,Ines Leroy,D,Night,43,0,468.2,43,97.39,7,Completed,DOCK-6,9,7
2026-05-13 05:00:00,OP009,Jules Moreau,D,Night,31,0,353.7,31,97.0,2,Delayed,DOCK-1,5,7
2026-05-13 05:00:00,OP018,Lina Bonnet,C,Night,37,0,511.4,111,99.73,2,Completed,DOCK-2,3,4
2026-05-13 05:00:00,OP013,Raphael Lefebvre,C,Night,36,0,504.3,36,98.1,2,Completed,DOCK-5,10,4
2026-05-13 05:00:00,OP010,Sarah Laurent,E,Night,37,1,460.3,74,98.47,7,Completed,DOCK-2,0,2
2026-05-13 05:00:00,OP020,Mila Faure,E,Night,25,0,247.9,75,96.91,5,Completed,DOCK-4,11,6
2026-05-13 05:00:00,OP005,Louis Robert,E,Night,31,0,404.4,93,98.07,2,Completed,DOCK-5,8,4
2026-05-13 05:00:00,OP003,Hugo Dubois,C,Night,36,1,442.8,36,96.92,1,Completed,DOCK-3,6,7
2026-05-13 05:00:00,OP011,Adam Simon,A,Night,31,0,303.2,93,96.49,5,Completed,DOCK-3,11,7
2026-05-13 05:00:00,OP016,Jade Fournier,A,Night,43,2,598.4,86,98.12,1,Completed,DOCK-8,3,10
2026-05-13 05:00:00,OP007,Nathan Petit,B,Night,37,1,532.0,111,97.52,4,Completed,DOCK-7,10,6
2026-05-13 06:00:00,OP016,Jade Fournier,A,Morning,64,3,919.7,192,97.71,7,Completed,DOCK-8,5,9
2026-05-13 06:00:00,OP002,Emma Bernard,B,Morning,76,0,739.3,76,96.3,9,Completed,DOCK-2,4,8
2026-05-13 06:00:00,OP005,Louis Robert,E,Morning,68,0,762.5,136,98.05,2,Completed,DOCK-5,4,3
2026-05-13 06:00:00,OP012,Camille Michel,B,Morning,65,1,708.3,130,96.88,6,Cancelled,DOCK-4,7,0
2026-05-13 06:00:00,OP017,Liam Girard,B,Morning,54,0,715.5,108,98.31,4,Completed,DOCK-1,9,9
2026-05-13 06:00:00,OP013,Raphael Lefebvre,C,Morning,62,0,692.9,186,98.74,6,Completed,DOCK-5,7,7
2026-05-13 06:00:00,OP010,Sarah Laurent,E,Morning,68,0,843.6,136,97.93,7,Completed,DOCK-2,10,0
2026-05-13 06:00:00,OP018,Lina Bonnet,C,Morning,68,2,675.5,136,99.48,8,Cancelled,DOCK-2,3,1
2026-05-13 06:00:00,OP008,Lea Durand,C,Morning,67,0,762.8,67,96.81,11,Completed,DOCK-8,9,8
2026-05-13 06:00:00,OP020,Mila Faure,E,Morning,58,1,798.8,174,98.24,6,Completed,DOCK-4,5,3
2026-05-13 06:00:00,OP019,Noah Lambert,D,Morning,58,0,522.9,174,97.49,10,Completed,DOCK-3,8,2
2026-05-13 07:00:00,OP017,Liam Girard,B,Morning,67,1,754.3,201,98.35,3,Completed,DOCK-1,11,11
2026-05-13 07:00:00,OP010,Sarah Laurent,E,Morning,63,2,624.7,189,97.88,3,Delayed,DOCK-2,10,6
2026-05-13 07:00:00,OP016,Jade Fournier,A,Morning,55,1,711.0,55,98.49,4,Completed,DOCK-8,9,3
2026-05-13 07:00:00,OP012,Camille Michel,B,Morning,70,2,819.2,70,98.98,9,Completed,DOCK-4,7,2
2026-05-13 07:00:00,OP011,Adam Simon,A,Morning,58,0,793.9,58,97.09,7,Cancelled,DOCK-3,11,9
2026-05-13 07:00:00,OP006,Manon Richard,A,Morning,67,0,966.5,201,97.2,6,Completed,DOCK-6,9,3
2026-05-13 07:00:00,OP013,Raphael Lefebvre,C,Morning,71,0,1001.8,213,98.25,5,Completed,DOCK-5,0,10
2026-05-13 07:00:00,OP014,Ines Leroy,D,Morning,54,0,655.4,54,98.51,3,Completed,DOCK-6,9,1
2026-05-13 07:00:00,OP001,Lucas Martin,A,Morning,59,3,788.0,59,97.87,2,Completed,DOCK-1,7,3
2026-05-13 07:00:00,OP005,Louis Robert,E,Morning,67,1,898.3,134,99.56,5,Completed,DOCK-5,3,6
2026-05-13 07:00:00,OP009,Jules Moreau,D,Morning,52,2,450.7,104,97.81,4,Completed,DOCK-1,1,3
2026-05-13 07:00:00,OP018,Lina Bonnet,C,Morning,77,2,849.9,231,98.34,6,Completed,DOCK-2,3,9
2026-05-13 08:00:00,OP018,Lina Bonnet,C,Morning,68,0,643.4,68,99.33,9,Cancelled,DOCK-2,8,9
2026-05-13 08:00:00,OP009,Jules Moreau,D,Morning,61,0,543.0,122,98.18,6,Delayed,DOCK-1,3,3
2026-05-13 08:00:00,OP006,Manon Richard,A,Morning,68,1,923.8,204,99.01,4,Completed,DOCK-6,9,4
2026-05-13 08:00:00,OP017,Liam Girard,B,Morning,64,0,902.0,192,98.26,6,Completed,DOCK-1,6,11
2026-05-13 08:00:00,OP008,Lea Durand,C,Morning,62,1,860.9,62,98.97,5,Completed,DOCK-8,8,6
2026-05-13 08:00:00,OP007,Nathan Petit,B,Morning,63,0,717.5,126,99.05,5,Completed,DOCK-7,7,10
2026-05-13 08:00:00,OP015,Tom Roux,E,Morning,70,0,902.8,70,98.36,2,Completed,DOCK-7,5,3
2026-05-13 08:00:00,OP005,Louis Robert,E,Morning,60,1,540.2,60,97.72,9,Completed,DOCK-5,1,6
2026-05-13 08:00:00,OP014,Ines Leroy,D,Morning,61,1,654.1,61,98.8,3,Completed,DOCK-6,10,8
2026-05-13 08:00:00,OP020,Mila Faure,E,Morning,50,0,535.2,50,96.99,3,Completed,DOCK-4,8,9
2026-05-13 08:00:00,OP011,Adam Simon,A,Morning,60,2,667.6,120,96.53,6,Completed,DOCK-3,10,9
2026-05-13 08:00:00,OP013,Raphael Lefebvre,C,Morning,60,0,590.1,180,97.2,8,Completed,DOCK-5,11,7
2026-05-13 09:00:00,OP010,Sarah Laurent,E,Morning,77,2,672.7,231,97.25,7,Completed,DOCK-2,7,8
2026-05-13 09:00:00,OP001,Lucas Martin,A,Morning,61,0,877.0,61,96.43,4,Completed,DOCK-1,1,8
2026-05-13 09:00:00,OP013,Raphael Lefebvre,C,Morning,65,2,934.2,130,98.68,6,Completed,DOCK-5,6,8
2026-05-13 09:00:00,OP005,Louis Robert,E,Morning,62,0,590.7,62,97.46,7,Completed,DOCK-5,2,10
2026-05-13 09:00:00,OP019,Noah Lambert,D,Morning,66,0,832.7,132,98.42,1,Completed,DOCK-3,0,8
2026-05-13 09:00:00,OP017,Liam Girard,B,Morning,55,1,711.5,55,98.93,3,Delayed,DOCK-1,6,6
2026-05-13 09:00:00,OP012,Camille Michel,B,Morning,54,0,690.3,108,98.18,5,Completed,DOCK-4,2,9
2026-05-13 09:00:00,OP018,Lina Bonnet,C,Morning,68,1,793.7,136,98.68,5,Delayed,DOCK-2,11,3
2026-05-13 09:00:00,OP020,Mila Faure,E,Morning,61,0,582.6,183,97.37,8,Completed,DOCK-4,8,4
2026-05-13 09:00:00,OP014,Ines Leroy,D,Morning,60,2,799.8,180,97.13,8,Completed,DOCK-6,11,1
2026-05-13 09:00:00,OP007,Nathan Petit,B,Morning,69,0,858.9,138,96.26,3,Completed,DOCK-7,5,6
2026-05-13 09:00:00,OP009,Jules Moreau,D,Morning,53,1,515.8,106,98.01,3,Completed,DOCK-1,3,7
2026-05-13 10:00:00,OP005,Louis Robert,E,Morning,64,0,584.3,64,97.84,8,Completed,DOCK-5,1,7
2026-05-13 10:00:00,OP004,Chloe Thomas,D,Morning,71,0,751.0,213,97.11,7,Completed,DOCK-4,0,3
2026-05-13 10:00:00,OP003,Hugo Dubois,C,Morning,58,0,655.7,116,97.66,9,Completed,DOCK-3,8,11
2026-05-13 10:00:00,OP002,Emma Bernard,B,Morning,66,1,873.4,198,99.14,4,Delayed,DOCK-2,5,8
2026-05-13 10:00:00,OP014,Ines Leroy,D,Morning,57,1,616.8,57,98.87,9,Completed,DOCK-6,5,8
2026-05-13 10:00:00,OP016,Jade Fournier,A,Morning,59,0,743.3,59,97.05,5,Completed,DOCK-8,6,9
2026-05-13 10:00:00,OP012,Camille Michel,B,Morning,58,0,621.8,116,96.92,9,Completed,DOCK-4,8,3
2026-05-13 10:00:00,OP008,Lea Durand,C,Morning,66,0,751.0,198,98.36,5,Completed,DOCK-8,4,11
2026-05-13 11:00:00,OP002,Emma Bernard,B,Morning,66,1,692.2,66,98.42,8,Delayed,DOCK-2,7,3
2026-05-13 11:00:00,OP004,Chloe Thomas,D,Morning,77,0,1019.0,154,97.61,6,Completed,DOCK-4,1,10
2026-05-13 11:00:00,OP017,Liam Girard,B,Morning,53,2,749.2,159,96.92,4,Completed,DOCK-1,3,5
2026-05-13 11:00:00,OP005,Louis Robert,E,Morning,66,3,890.0,198,98.85,3,Completed,DOCK-5,0,3
2026-05-13 11:00:00,OP001,Lucas Martin,A,Morning,55,1,778.9,110,97.71,3,Delayed,DOCK-1,9,2
2026-05-13 11:00:00,OP003,Hugo Dubois,C,Morning,71,3,714.4,71,97.15,5,Completed,DOCK-3,10,10
2026-05-13 11:00:00,OP020,Mila Faure,E,Morning,61,0,607.2,122,96.8,5,Completed,DOCK-4,1,11
2026-05-13 11:00:00,OP015,Tom Roux,E,Morning,64,2,574.3,128,97.68,6,Completed,DOCK-7,10,0
2026-05-13 11:00:00,OP019,Noah Lambert,D,Morning,59,1,531.2,177,98.02,6,Completed,DOCK-3,0,7
2026-05-13 11:00:00,OP011,Adam Simon,A,Morning,66,0,920.2,132,97.29,9,Completed,DOCK-3,10,9
2026-05-13 11:00:00,OP013,Raphael Lefebvre,C,Morning,60,0,561.4,180,98.9,7,Completed,DOCK-5,4,11
2026-05-13 11:00:00,OP014,Ines Leroy,D,Morning,57,1,556.9,171,97.38,3,Completed,DOCK-6,8,8
2026-05-13 11:00:00,OP012,Camille Michel,B,Morning,50,0,525.8,100,98.34,1,Completed,DOCK-4,6,4
2026-05-13 11:00:00,OP010,Sarah Laurent,E,Morning,64,0,736.9,128,97.99,3,Completed,DOCK-2,6,5
2026-05-13 12:00:00,OP013,Raphael Lefebvre,C,Morning,61,0,742.2,122,98.48,1,Completed,DOCK-5,9,1
2026-05-13 12:00:00,OP014,Ines Leroy,D,Morning,66,2,839.7,132,99.9,11,Completed,DOCK-6,9,2
2026-05-13 12:00:00,OP009,Jules Moreau,D,Morning,60,0,546.8,60,96.39,9,Completed,DOCK-1,0,10
2026-05-13 12:00:00,OP011,Adam Simon,A,Morning,66,2,762.9,132,96.94,6,Completed,DOCK-3,3,0
2026-05-13 12:00:00,OP002,Emma Bernard,B,Morning,61,2,786.5,61,97.76,6,Completed,DOCK-2,1,0
2026-05-13 12:00:00,OP015,Tom Roux,E,Morning,69,1,925.3,207,99.65,5,Completed,DOCK-7,4,9
2026-05-13 12:00:00,OP008,Lea Durand,C,Morning,55,0,502.8,110,97.56,4,Completed,DOCK-8,6,5
2026-05-13 12:00:00,OP007,Nathan Petit,B,Morning,70,2,909.4,70,96.54,5,Completed,DOCK-7,2,9
2026-05-13 12:00:00,OP004,Chloe Thomas,D,Morning,65,0,908.4,130,99.66,5,Completed,DOCK-4,10,6
2026-05-13 12:00:00,OP016,Jade Fournier,A,Morning,58,0,507.9,116,97.47,2,Completed,DOCK-8,1,4
2026-05-13 12:00:00,OP005,Louis Robert,E,Morning,68,1,761.8,68,98.2,5,Delayed,DOCK-5,8,7
2026-05-13 12:00:00,OP020,Mila Faure,E,Morning,59,0,549.2,177,97.59,1,Completed,DOCK-4,9,6
2026-05-13 13:00:00,OP004,Chloe Thomas,D,Morning,74,0,879.2,74,99.75,4,Completed,DOCK-4,3,8
2026-05-13 13:00:00,OP009,Jules Moreau,D,Morning,53,0,488.1,106,97.47,7,Completed,DOCK-1,2,8
2026-05-13 13:00:00,OP016,Jade Fournier,A,Morning,63,1,825.1,126,97.08,2,Completed,DOCK-8,7,6
2026-05-13 13:00:00,OP008,Lea Durand,C,Morning,59,3,719.7,118,97.86,1,Completed,DOCK-8,10,1
2026-05-13 13:00:00,OP002,Emma Bernard,B,Morning,67,2,844.9,201,97.39,7,Completed,DOCK-2,5,11
2026-05-13 13:00:00,OP013,Raphael Lefebvre,C,Morning,64,1,622.2,64,98.38,5,Completed,DOCK-5,8,10
2026-05-13 13:00:00,OP015,Tom Roux,E,Morning,73,0,1007.2,146,98.8,9,Completed,DOCK-7,2,7
2026-05-13 13:00:00,OP012,Camille Michel,B,Morning,64,2,631.0,128,98.6,6,Completed,DOCK-4,10,0
2026-05-13 13:00:00,OP007,Nathan Petit,B,Morning,55,1,597.1,55,99.01,3,Completed,DOCK-7,5,4
2026-05-13 13:00:00,OP011,Adam Simon,A,Morning,64,0,606.7,192,97.41,9,Completed,DOCK-3,2,3
2026-05-13 13:00:00,OP006,Manon Richard,A,Morning,59,0,767.2,59,97.74,6,Completed,DOCK-6,4,8
2026-05-13 13:00:00,OP010,Sarah Laurent,E,Morning,60,0,851.0,180,97.59,6,Completed,DOCK-2,11,2
2026-05-13 14:00:00,OP002,Emma Bernard,B,Afternoon,51,1,641.5,51,97.97,3,Completed,DOCK-2,6,9
2026-05-13 14:00:00,OP019,Noah Lambert,D,Afternoon,51,1,662.5,51,99.05,2,Completed,DOCK-3,10,1
2026-05-13 14:00:00,OP003,Hugo Dubois,C,Afternoon,60,0,696.4,120,97.85,8,Completed,DOCK-3,0,3
2026-05-13 14:00:00,OP013,Raphael Lefebvre,C,Afternoon,54,0,708.5,54,97.6,7,Completed,DOCK-5,0,2
2026-05-13 14:00:00,OP017,Liam Girard,B,Afternoon,52,0,557.4,52,96.67,4,Completed,DOCK-1,11,7
2026-05-13 14:00:00,OP018,Lina Bonnet,C,Afternoon,51,0,628.4,51,97.99,4,Completed,DOCK-2,5,1
2026-05-13 14:00:00,OP005,Louis Robert,E,Afternoon,46,0,426.5,92,98.24,4,Completed,DOCK-5,4,0
2026-05-13 14:00:00,OP007,Nathan Petit,B,Afternoon,57,0,776.0,114,99.17,5,Completed,DOCK-7,11,7
2026-05-13 14:00:00,OP014,Ines Leroy,D,Afternoon,62,3,707.4,62,98.59,3,Completed,DOCK-6,0,8
2026-05-13 14:00:00,OP012,Camille Michel,B,Afternoon,40,0,475.1,80,97.57,3,Delayed,DOCK-4,1,1
2026-05-13 15:00:00,OP005,Louis Robert,E,Afternoon,58,0,794.1,116,97.33,6,Completed,DOCK-5,6,11
2026-05-13 15:00:00,OP014,Ines Leroy,D,Afternoon,47,0,623.3,141,97.56,3,Completed,DOCK-6,5,3
2026-05-13 15:00:00,OP011,Adam Simon,A,Afternoon,47,1,674.5,94,97.02,8,Completed,DOCK-3,6,0
2026-05-13 15:00:00,OP015,Tom Roux,E,Afternoon,62,1,816.4,186,99.4,7,Completed,DOCK-7,2,2
2026-05-13 15:00:00,OP008,Lea Durand,C,Afternoon,42,0,362.1,42,98.5,5,Completed,DOCK-8,0,0
2026-05-13 15:00:00,OP004,Chloe Thomas,D,Afternoon,57,0,795.1,171,97.93,4,Completed,DOCK-4,9,5
2026-05-13 15:00:00,OP017,Liam Girard,B,Afternoon,42,0,577.3,84,97.84,8,Completed,DOCK-1,9,10
2026-05-13 15:00:00,OP002,Emma Bernard,B,Afternoon,48,0,472.7,48,97.51,9,Completed,DOCK-2,11,5
2026-05-13 16:00:00,OP011,Adam Simon,A,Afternoon,54,2,528.3,162,97.47,4,Completed,DOCK-3,9,6
2026-05-13 16:00:00,OP017,Liam Girard,B,Afternoon,50,0,625.8,150,98.53,3,Completed,DOCK-1,4,1
2026-05-13 16:00:00,OP003,Hugo Dubois,C,Afternoon,53,0,701.2,53,97.54,4,Delayed,DOCK-3,5,5
2026-05-13 16:00:00,OP004,Chloe Thomas,D,Afternoon,58,0,666.5,116,99.38,2,Completed,DOCK-4,8,3
2026-05-13 16:00:00,OP016,Jade Fournier,A,Afternoon,49,0,421.9,98,99.69,6,Completed,DOCK-8,1,6
2026-05-13 16:00:00,OP010,Sarah Laurent,E,Afternoon,57,0,822.5,114,98.19,5,Completed,DOCK-2,10,7
2026-05-13 16:00:00,OP012,Camille Michel,B,Afternoon,45,4,497.0,45,96.8,4,Completed,DOCK-4,5,6
2026-05-13 16:00:00,OP020,Mila Faure,E,Afternoon,48,1,567.2,48,97.59,2,Completed,DOCK-4,3,3
2026-05-13 16:00:00,OP019,Noah Lambert,D,Afternoon,56,1,808.0,112,96.78,11,Completed,DOCK-3,1,11
2026-05-13 16:00:00,OP015,Tom Roux,E,Afternoon,50,0,541.5,100,97.49,1,Completed,DOCK-7,2,7
2026-05-13 16:00:00,OP008,Lea Durand,C,Afternoon,49,0,611.2,147,97.71,5,Completed,DOCK-8,3,7
2026-05-13 17:00:00,OP019,Noah Lambert,D,Afternoon,54,2,719.3,108,97.48,2,Completed,DOCK-3,2,8
2026-05-13 17:00:00,OP018,Lina Bonnet,C,Afternoon,61,0,643.8,183,97.87,8,Completed,DOCK-2,4,9
2026-05-13 17:00:00,OP014,Ines Leroy,D,Afternoon,48,0,578.8,144,98.09,5,Completed,DOCK-6,0,11
2026-05-13 17:00:00,OP010,Sarah Laurent,E,Afternoon,58,0,659.7,58,98.23,9,Completed,DOCK-2,11,0
2026-05-13 17:00:00,OP008,Lea Durand,C,Afternoon,44,0,454.7,44,97.8,5,Completed,DOCK-8,1,10
2026-05-13 17:00:00,OP001,Lucas Martin,A,Afternoon,49,1,631.2,98,97.08,4,Completed,DOCK-1,9,5
2026-05-13 17:00:00,OP007,Nathan Petit,B,Afternoon,61,0,581.4,122,98.74,2,Completed,DOCK-7,11,0
2026-05-13 17:00:00,OP015,Tom Roux,E,Afternoon,64,0,876.0,192,97.77,7,Completed,DOCK-7,11,4
2026-05-13 17:00:00,OP003,Hugo Dubois,C,Afternoon,48,0,514.8,144,97.94,5,Completed,DOCK-3,4,6
2026-05-13 18:00:00,OP004,Chloe Thomas,D,Afternoon,56,0,660.5,56,98.48,6,Completed,DOCK-4,4,2
2026-05-13 18:00:00,OP015,Tom Roux,E,Afternoon,54,0,720.5,54,98.7,5,Completed,DOCK-7,6,4
2026-05-13 18:00:00,OP006,Manon Richard,A,Afternoon,45,0,593.8,135,97.77,4,Completed,DOCK-6,10,8
2026-05-13 18:00:00,OP020,Mila Faure,E,Afternoon,52,0,657.7,156,99.9,3,Completed,DOCK-4,11,1
2026-05-13 18:00:00,OP007,Nathan Petit,B,Afternoon,59,1,559.7,177,98.67,7,Completed,DOCK-7,7,8
2026-05-13 18:00:00,OP009,Jules Moreau,D,Afternoon,54,1,780.7,108,98.05,6,Completed,DOCK-1,6,3
2026-05-13 18:00:00,OP005,Louis Robert,E,Afternoon,50,0,463.1,50,97.16,7,Completed,DOCK-5,9,0
2026-05-13 18:00:00,OP011,Adam Simon,A,Afternoon,55,0,730.9,165,97.54,9,Completed,DOCK-3,9,4
2026-05-13 18:00:00,OP001,Lucas Martin,A,Afternoon,40,2,576.7,40,98.13,4,Cancelled,DOCK-1,10,7
2026-05-13 19:00:00,OP003,Hugo Dubois,C,Afternoon,47,1,571.3,141,97.09,4,Completed,DOCK-3,7,4
2026-05-13 19:00:00,OP001,Lucas Martin,A,Afternoon,44,1,586.7,44,97.84,4,Completed,DOCK-1,1,9
2026-05-13 19:00:00,OP005,Louis Robert,E,Afternoon,55,0,615.6,165,96.78,2,Completed,DOCK-5,7,7
2026-05-13 19:00:00,OP006,Manon Richard,A,Afternoon,45,1,641.0,45,97.32,3,Delayed,DOCK-6,8,2
2026-05-13 19:00:00,OP015,Tom Roux,E,Afternoon,48,0,539.5,96,98.2,5,Completed,DOCK-7,11,3
2026-05-13 19:00:00,OP014,Ines Leroy,D,Afternoon,43,0,547.2,86,98.16,3,Completed,DOCK-6,2,5
2026-05-13 19:00:00,OP020,Mila Faure,E,Afternoon,40,0,518.0,40,97.2,5,Completed,DOCK-4,10,5
2026-05-13 19:00:00,OP011,Adam Simon,A,Afternoon,40,0,400.3,40,98.34,2,Completed,DOCK-3,6,10
2026-05-13 19:00:00,OP009,Jules Moreau,D,Afternoon,52,0,556.2,104,98.47,2,Completed,DOCK-1,2,10
2026-05-13 19:00:00,OP017,Liam Girard,B,Afternoon,44,0,630.0,132,97.89,5,Completed,DOCK-1,7,10
2026-05-13 19:00:00,OP013,Raphael Lefebvre,C,Afternoon,53,0,454.7,106,97.78,6,Completed,DOCK-5,6,11
2026-05-13 20:00:00,OP009,Jules Moreau,D,Afternoon,47,0,642.6,47,97.37,6,Delayed,DOCK-1,8,0
2026-05-13 20:00:00,OP013,Raphael Lefebvre,C,Afternoon,61,2,737.0,122,97.17,3,Completed,DOCK-5,6,3
2026-05-13 20:00:00,OP004,Chloe Thomas,D,Afternoon,49,0,693.4,98,98.43,4,Completed,DOCK-4,5,9
2026-05-13 20:00:00,OP014,Ines Leroy,D,Afternoon,44,0,597.8,44,97.9,3,Completed,DOCK-6,1,0
2026-05-13 20:00:00,OP017,Liam Girard,B,Afternoon,40,0,402.3,80,97.96,8,Completed,DOCK-1,0,8
2026-05-13 20:00:00,OP012,Camille Michel,B,Afternoon,40,2,560.6,80,95.23,4,Delayed,DOCK-4,11,7
2026-05-13 20:00:00,OP010,Sarah Laurent,E,Afternoon,49,1,596.8,98,97.33,2,Completed,DOCK-2,6,6
2026-05-13 20:00:00,OP008,Lea Durand,C,Afternoon,53,0,521.5,106,97.51,3,Completed,DOCK-8,5,9
2026-05-13 20:00:00,OP015,Tom Roux,E,Afternoon,51,1,482.5,153,97.11,3,Completed,DOCK-7,1,4
2026-05-13 20:00:00,OP016,Jade Fournier,A,Afternoon,51,0,566.8,51,98.02,3,Completed,DOCK-8,11,2
2026-05-13 21:00:00,OP003,Hugo Dubois,C,Afternoon,53,0,495.6,159,97.13,2,Completed,DOCK-3,11,9
2026-05-13 21:00:00,OP001,Lucas Martin,A,Afternoon,41,1,454.6,82,98.58,2,Completed,DOCK-1,1,11
2026-05-13 21:00:00,OP020,Mila Faure,E,Afternoon,47,1,617.2,141,97.8,5,Completed,DOCK-4,11,3
2026-05-13 21:00:00,OP002,Emma Bernard,B,Afternoon,53,1,760.1,106,97.77,6,Completed,DOCK-2,10,8
2026-05-13 21:00:00,OP014,Ines Leroy,D,Afternoon,51,2,688.5,102,98.12,5,Completed,DOCK-6,10,2
2026-05-13 21:00:00,OP017,Liam Girard,B,Afternoon,51,2,733.0,102,97.54,2,Completed,DOCK-1,11,10
2026-05-13 21:00:00,OP013,Raphael Lefebvre,C,Afternoon,21,0,295.1,63,98.6,4,Completed,DOCK-5,0,3
2026-05-13 21:00:00,OP010,Sarah Laurent,E,Afternoon,54,1,521.2,54,97.02,4,Completed,DOCK-2,6,10
2026-05-13 21:00:00,OP006,Manon Richard,A,Afternoon,44,1,481.1,44,97.15,3,Completed,DOCK-6,7,10
2026-05-13 21:00:00,OP012,Camille Michel,B,Afternoon,44,0,375.4,44,97.18,2,Completed,DOCK-4,4,7
2026-05-13 21:00:00,OP009,Jules Moreau,D,Afternoon,43,1,616.6,43,97.81,3,Completed,DOCK-1,0,3
2026-05-13 22:00:00,OP003,Hugo Dubois,C,Night,40,0,468.9,120,96.49,3,Completed,DOCK-3,8,8
2026-05-13 22:00:00,OP009,Jules Moreau,D,Night,32,1,449.4,64,97.28,1,Completed,DOCK-1,5,4
2026-05-13 22:00:00,OP016,Jade Fournier,A,Night,43,2,495.1,129,98.98,7,Completed,DOCK-8,6,1
2026-05-13 22:00:00,OP013,Raphael Lefebvre,C,Night,21,0,201.9,42,98.31,3,Completed,DOCK-5,5,7
2026-05-13 22:00:00,OP011,Adam Simon,A,Night,30,0,312.9,90,98.17,8,Completed,DOCK-3,10,3
2026-05-13 22:00:00,OP012,Camille Michel,B,Night,32,0,331.6,64,97.42,2,Completed,DOCK-4,2,10
2026-05-13 22:00:00,OP006,Manon Richard,A,Night,27,0,375.0,27,97.11,1,Completed,DOCK-6,3,7
2026-05-13 22:00:00,OP004,Chloe Thomas,D,Night,34,0,339.0,34,98.29,3,Delayed,DOCK-4,11,3
2026-05-13 22:00:00,OP015,Tom Roux,E,Night,46,1,601.8,92,99.2,5,Completed,DOCK-7,8,7
2026-05-13 22:00:00,OP008,Lea Durand,C,Night,42,0,395.9,84,98.61,1,Completed,DOCK-8,10,3
2026-05-13 22:00:00,OP001,Lucas Martin,A,Night,35,1,400.1,35,97.26,2,Completed,DOCK-1,2,4
2026-05-13 22:00:00,OP020,Mila Faure,E,Night,28,1,345.4,28,97.55,3,Completed,DOCK-4,10,7
2026-05-13 23:00:00,OP004,Chloe Thomas,D,Night,44,0,491.0,44,97.31,8,Completed,DOCK-4,6,3
2026-05-13 23:00:00,OP005,Louis Robert,E,Night,46,1,561.5,92,97.96,3,Completed,DOCK-5,8,1
2026-05-13 23:00:00,OP008,Lea Durand,C,Night,30,0,281.8,90,98.23,1,Delayed,DOCK-8,11,0
2026-05-13 23:00:00,OP011,Adam Simon,A,Night,32,0,313.5,32,98.86,3,Delayed,DOCK-3,8,4
2026-05-13 23:00:00,OP009,Jules Moreau,D,Night,35,0,337.7,105,97.27,2,Completed,DOCK-1,2,6
2026-05-13 23:00:00,OP019,Noah Lambert,D,Night,37,1,359.4,74,99.9,5,Completed,DOCK-3,11,4
2026-05-13 23:00:00,OP013,Raphael Lefebvre,C,Night,40,1,433.1,40,97.28,3,Completed,DOCK-5,6,1
2026-05-13 23:00:00,OP014,Ines Leroy,D,Night,25,0,347.4,25,97.18,1,Completed,DOCK-6,0,1
2026-05-13 23:00:00,OP012,Camille Michel,B,Night,32,0,380.7,32,98.01,5,Completed,DOCK-4,1,9
2026-05-13 23:00:00,OP002,Emma Bernard,B,Night,41,1,443.6,82,98.25,7,Completed,DOCK-2,6,0
2026-05-13 23:00:00,OP007,Nathan Petit,B,Night,44,0,547.4,88,98.37,8,Completed,DOCK-7,1,10
2026-05-13 23:00:00,OP001,Lucas Martin,A,Night,31,0,412.2,93,97.64,6,Completed,DOCK-1,3,10
2026-05-13 23:00:00,OP016,Jade Fournier,A,Night,27,1,247.1,27,96.16,2,Cancelled,DOCK-8,0,11
2026-05-13 23:00:00,OP003,Hugo Dubois,C,Night,39,1,508.5,78,98.12,3,Completed,DOCK-3,10,6
2026-05-14 00:00:00,OP016,Jade Fournier,A,Night,34,0,411.8,68,98.43,4,Completed,DOCK-8,3,6
2026-05-14 00:00:00,OP010,Sarah Laurent,E,Night,43,0,535.5,129,99.08,5,Completed,DOCK-2,5,2
2026-05-14 00:00:00,OP013,Raphael Lefebvre,C,Night,31,0,368.4,31,99.69,7,Completed,DOCK-5,11,9
2026-05-14 00:00:00,OP018,Lina Bonnet,C,Night,37,0,495.3,111,98.94,5,Completed,DOCK-2,4,8
2026-05-14 00:00:00,OP004,Chloe Thomas,D,Night,41,0,379.9,41,96.35,2,Completed,DOCK-4,5,9
2026-05-14 00:00:00,OP007,Nathan Petit,B,Night,40,0,496.1,80,97.67,6,Completed,DOCK-7,11,3
2026-05-14 00:00:00,OP003,Hugo Dubois,C,Night,30,0,420.4,60,98.13,3,Delayed,DOCK-3,1,9
2026-05-14 00:00:00,OP005,Louis Robert,E,Night,36,0,311.6,36,97.57,2,Completed,DOCK-5,10,3
2026-05-14 00:00:00,OP020,Mila Faure,E,Night,30,0,285.4,90,98.75,4,Completed,DOCK-4,9,11
2026-05-14 00:00:00,OP006,Manon Richard,A,Night,34,0,449.4,68,99.65,3,Completed,DOCK-6,2,6
2026-05-14 00:00:00,OP015,Tom Roux,E,Night,38,2,502.8,38,96.97,2,Completed,DOCK-7,8,6
2026-05-14 00:00:00,OP012,Camille Michel,B,Night,28,0,404.2,84,95.95,2,Completed,DOCK-4,9,10
2026-05-14 00:00:00,OP009,Jules Moreau,D,Night,30,1,261.8,60,97.5,7,Completed,DOCK-1,0,11
2026-05-14 00:00:00,OP014,Ines Leroy,D,Night,41,2,433.0,41,96.42,3,Completed,DOCK-6,4,3
2026-05-14 00:00:00,OP019,Noah Lambert,D,Night,37,0,363.3,74,99.73,3,Completed,DOCK-3,6,2
2026-05-14 01:00:00,OP004,Chloe Thomas,D,Night,29,0,345.3,29,98.72,3,Completed,DOCK-4,2,5
2026-05-14 01:00:00,OP013,Raphael Lefebvre,C,Night,33,1,306.0,33,97.3,2,Completed,DOCK-5,11,3
2026-05-14 01:00:00,OP001,Lucas Martin,A,Night,43,1,554.2,129,96.46,1,Completed,DOCK-1,4,5
2026-05-14 01:00:00,OP019,Noah Lambert,D,Night,28,0,346.9,56,98.82,2,Completed,DOCK-3,3,8
2026-05-14 01:00:00,OP005,Louis Robert,E,Night,35,0,382.1,70,98.25,2,Completed,DOCK-5,10,8
2026-05-14 01:00:00,OP014,Ines Leroy,D,Night,33,0,363.8,66,97.6,3,Completed,DOCK-6,10,1
2026-05-14 01:00:00,OP008,Lea Durand,C,Night,30,0,347.9,90,97.89,2,Completed,DOCK-8,4,1
2026-05-14 01:00:00,OP011,Adam Simon,A,Night,42,0,582.3,84,97.29,5,Completed,DOCK-3,1,1
2026-05-14 01:00:00,OP020,Mila Faure,E,Night,39,1,393.1,39,97.9,5,Completed,DOCK-4,1,1
2026-05-14 02:00:00,OP001,Lucas Martin,A,Night,25,0,302.9,75,97.91,1,Completed,DOCK-1,3,5
2026-05-14 02:00:00,OP009,Jules Moreau,D,Night,32,0,324.8,32,97.82,1,Completed,DOCK-1,11,5
2026-05-14 02:00:00,OP002,Emma Bernard,B,Night,25,0,261.3,25,99.1,2,Completed,DOCK-2,9,9
2026-05-14 02:00:00,OP005,Louis Robert,E,Night,35,1,384.3,105,98.56,1,Completed,DOCK-5,6,4
2026-05-14 02:00:00,OP013,Raphael Lefebvre,C,Night,49,1,591.5,98,97.94,6,Completed,DOCK-5,0,3
2026-05-14 02:00:00,OP019,Noah Lambert,D,Night,38,2,376.6,76,98.09,2,Completed,DOCK-3,11,7
2026-05-14 02:00:00,OP016,Jade Fournier,A,Night,42,0,399.3,84,98.54,8,Completed,DOCK-8,7,7
2026-05-14 02:00:00,OP003,Hugo Dubois,C,Night,37,0,435.6,111,97.86,1,Completed,DOCK-3,1,7
2026-05-14 03:00:00,OP010,Sarah Laurent,E,Night,36,0,425.0,108,98.82,3,Completed,DOCK-2,1,11
2026-05-14 03:00:00,OP020,Mila Faure,E,Night,26,0,265.4,78,97.17,2,Completed,DOCK-4,8,8
2026-05-14 03:00:00,OP004,Chloe Thomas,D,Night,36,0,349.1,108,98.64,3,Completed,DOCK-4,4,2
2026-05-14 03:00:00,OP019,Noah Lambert,D,Night,31,1,274.5,93,99.1,3,Completed,DOCK-3,9,6
2026-05-14 03:00:00,OP003,Hugo Dubois,C,Night,28,2,356.2,84,98.14,3,Completed,DOCK-3,8,6
2026-05-14 03:00:00,OP001,Lucas Martin,A,Night,32,0,305.6,32,98.26,4,Completed,DOCK-1,1,8
2026-05-14 03:00:00,OP013,Raphael Lefebvre,C,Night,46,1,638.1,92,97.76,8,Completed,DOCK-5,6,1
2026-05-14 03:00:00,OP008,Lea Durand,C,Night,43,0,395.4,43,95.55,1,Completed,DOCK-8,5,5
2026-05-14 03:00:00,OP015,Tom Roux,E,Night,39,0,437.9,117,97.72,1,Cancelled,DOCK-7,6,5
2026-05-14 03:00:00,OP018,Lina Bonnet,C,Night,39,1,332.2,78,99.49,3,Completed,DOCK-2,2,6
2026-05-14 03:00:00,OP007,Nathan Petit,B,Night,49,1,670.9,49,99.29,3,Completed,DOCK-7,3,5
2026-05-14 03:00:00,OP005,Louis Robert,E,Night,39,1,497.1,39,98.56,2,Completed,DOCK-5,4,4
2026-05-14 03:00:00,OP017,Liam Girard,B,Night,27,0,350.7,27,98.01,1,Completed,DOCK-1,6,11
2026-05-14 03:00:00,OP012,Camille Michel,B,Night,25,1,289.0,50,97.57,1,Completed,DOCK-4,8,5
2026-05-14 03:00:00,OP009,Jules Moreau,D,Night,28,0,389.4,84,97.6,3,Completed,DOCK-1,7,5
2026-05-14 04:00:00,OP018,Lina Bonnet,C,Night,43,0,528.9,129,98.92,7,Completed,DOCK-2,4,8
2026-05-14 04:00:00,OP014,Ines Leroy,D,Night,29,0,265.5,87,97.15,3,Completed,DOCK-6,11,2
2026-05-14 04:00:00,OP020,Mila Faure,E,Night,28,1,380.2,56,97.99,3,Completed,DOCK-4,4,9
2026-05-14 04:00:00,OP015,Tom Roux,E,Night,39,0,496.7,78,98.48,1,Delayed,DOCK-7,7,4
2026-05-14 04:00:00,OP012,Camille Michel,B,Night,25,0,238.0,50,97.02,1,Delayed,DOCK-4,8,0
2026-05-14 04:00:00,OP002,Emma Bernard,B,Night,36,0,460.9,36,97.04,2,Completed,DOCK-2,2,11
2026-05-14 04:00:00,OP005,Louis Robert,E,Night,42,0,395.3,126,97.82,4,Delayed,DOCK-5,8,2
2026-05-14 04:00:00,OP008,Lea Durand,C,Night,35,0,373.3,35,97.11,3,Completed,DOCK-8,7,7
2026-05-14 04:00:00,OP004,Chloe Thomas,D,Night,43,1,608.9,129,97.66,3,Delayed,DOCK-4,4,4
2026-05-14 04:00:00,OP009,Jules Moreau,D,Night,25,0,216.6,75,99.9,3,Completed,DOCK-1,3,9
2026-05-14 04:00:00,OP001,Lucas Martin,A,Night,28,0,312.7,28,97.94,2,Completed,DOCK-1,0,4
2026-05-14 04:00:00,OP016,Jade Fournier,A,Night,35,0,446.2,70,99.16,3,Completed,DOCK-8,11,0
2026-05-14 05:00:00,OP015,Tom Roux,E,Night,39,2,419.6,78,99.9,2,Completed,DOCK-7,10,4
2026-05-14 05:00:00,OP010,Sarah Laurent,E,Night,38,0,547.3,38,98.31,6,Completed,DOCK-2,4,1
2026-05-14 05:00:00,OP009,Jules Moreau,D,Night,29,0,329.7,58,98.01,1,Delayed,DOCK-1,5,8
2026-05-14 05:00:00,OP017,Liam Girard,B,Night,29,0,301.3,58,96.86,3,Completed,DOCK-1,7,5
2026-05-14 05:00:00,OP011,Adam Simon,A,Night,32,0,427.1,32,97.09,2,Cancelled,DOCK-3,2,3
2026-05-14 05:00:00,OP004,Chloe Thomas,D,Night,45,1,483.6,45,97.62,8,Completed,DOCK-4,10,10
2026-05-14 05:00:00,OP018,Lina Bonnet,C,Night,37,0,371.1,37,99.4,3,Cancelled,DOCK-2,7,11
2026-05-14 05:00:00,OP014,Ines Leroy,D,Night,25,1,237.8,50,98.37,3,Delayed,DOCK-6,6,7
2026-05-14 05:00:00,OP008,Lea Durand,C,Night,31,1,319.5,31,99.07,4,Completed,DOCK-8,0,2
2026-05-14 06:00:00,OP004,Chloe Thomas,D,Morning,75,2,829.3,150,98.14,8,Completed,DOCK-4,5,9
2026-05-14 06:00:00,OP020,Mila Faure,E,Morning,61,1,823.6,122,96.73,6,Completed,DOCK-4,6,1
2026-05-14 06:00:00,OP012,Camille Michel,B,Morning,52,0,563.7,104,99.38,3,Completed,DOCK-4,7,4
2026-05-14 06:00:00,OP001,Lucas Martin,A,Morning,62,1,807.3,186,97.79,7,Completed,DOCK-1,1,7
2026-05-14 06:00:00,OP006,Manon Richard,A,Morning,63,0,818.8,63,97.93,4,Completed,DOCK-6,8,10
2026-05-14 06:00:00,OP010,Sarah Laurent,E,Morning,69,0,879.0,69,99.69,13,Completed,DOCK-2,4,11
2026-05-14 06:00:00,OP007,Nathan Petit,B,Morning,76,1,936.2,228,97.49,3,Completed,DOCK-7,4,7
2026-05-14 06:00:00,OP014,Ines Leroy,D,Morning,54,0,476.6,54,99.05,1,Completed,DOCK-6,3,8
2026-05-14 06:00:00,OP005,Louis Robert,E,Morning,69,0,831.0,69,99.2,3,Delayed,DOCK-5,4,1
2026-05-14 06:00:00,OP015,Tom Roux,E,Morning,68,0,898.7,68,98.18,2,Completed,DOCK-7,8,9
2026-05-14 07:00:00,OP005,Louis Robert,E,Morning,61,0,656.1,183,97.22,6,Completed,DOCK-5,4,2
2026-05-14 07:00:00,OP018,Lina Bonnet,C,Morning,65,0,821.2,130,99.22,4,Completed,DOCK-2,9,7
2026-05-14 07:00:00,OP002,Emma Bernard,B,Morning,62,1,692.9,186,98.48,5,Completed,DOCK-2,4,0
2026-05-14 07:00:00,OP008,Lea Durand,C,Morning,22,0,303.3,44,97.58,3,Completed,DOCK-8,0,5
2026-05-14 07:00:00,OP019,Noah Lambert,D,Morning,64,0,728.4,128,97.89,3,Completed,DOCK-3,0,3
2026-05-14 07:00:00,OP012,Camille Michel,B,Morning,52,1,726.0,156,97.11,4,Completed,DOCK-4,7,2
2026-05-14 07:00:00,OP001,Lucas Martin,A,Morning,56,1,668.3,56,99.11,9,Completed,DOCK-1,9,3
2026-05-14 07:00:00,OP009,Jules Moreau,D,Morning,53,1,719.0,159,97.11,2,Completed,DOCK-1,1,8
2026-05-14 07:00:00,OP017,Liam Girard,B,Morning,63,1,644.0,63,98.13,7,Completed,DOCK-1,5,1
2026-05-14 07:00:00,OP007,Nathan Petit,B,Morning,70,2,689.8,210,98.23,11,Completed,DOCK-7,3,10
2026-05-14 07:00:00,OP020,Mila Faure,E,Morning,64,1,547.4,128,98.34,4,Completed,DOCK-4,6,8
2026-05-14 07:00:00,OP015,Tom Roux,E,Morning,69,1,660.0,207,98.36,3,Completed,DOCK-7,3,3
2026-05-14 07:00:00,OP011,Adam Simon,A,Morning,61,0,719.9,122,96.76,8,Completed,DOCK-3,9,1
2026-05-14 07:00:00,OP016,Jade Fournier,A,Morning,69,2,878.6,207,98.06,7,Completed,DOCK-8,7,2
2026-05-14 07:00:00,OP003,Hugo Dubois,C,Morning,54,1,667.3,54,97.16,6,Cancelled,DOCK-3,3,11
2026-05-14 08:00:00,OP017,Liam Girard,B,Morning,61,1,653.1,122,97.23,6,Completed,DOCK-1,11,8
2026-05-14 08:00:00,OP019,Noah Lambert,D,Morning,60,0,675.0,120,97.91,6,Completed,DOCK-3,4,1
2026-05-14 08:00:00,OP008,Lea Durand,C,Morning,22,0,301.0,44,98.2,4,Completed,DOCK-8,7,5
2026-05-14 08:00:00,OP016,Jade Fournier,A,Morning,73,0,669.8,219,98.02,6,Completed,DOCK-8,4,4
2026-05-14 08:00:00,OP001,Lucas Martin,A,Morning,58,1,691.0,58,97.71,4,Completed,DOCK-1,4,0
2026-05-14 08:00:00,OP020,Mila Faure,E,Morning,63,1,863.1,63,98.05,1,Completed,DOCK-4,2,5
2026-05-14 08:00:00,OP018,Lina Bonnet,C,Morning,69,2,965.5,207,97.14,4,Completed,DOCK-2,6,6
2026-05-14 08:00:00,OP009,Jules Moreau,D,Morning,51,0,449.6,51,96.49,5,Completed,DOCK-1,0,1
2026-05-14 08:00:00,OP006,Manon Richard,A,Morning,60,1,843.6,180,98.18,8,Completed,DOCK-6,6,4
2026-05-14 08:00:00,OP003,Hugo Dubois,C,Morning,58,0,562.3,58,98.6,2,Completed,DOCK-3,9,9
2026-05-14 08:00:00,OP004,Chloe Thomas,D,Morning,64,1,858.6,192,98.7,3,Completed,DOCK-4,7,9
2026-05-14 08:00:00,OP014,Ines Leroy,D,Morning,54,0,595.4,108,99.22,5,Completed,DOCK-6,5,0
2026-05-14 08:00:00,OP007,Nathan Petit,B,Morning,62,0,739.4,186,97.63,3,Completed,DOCK-7,10,5
2026-05-14 08:00:00,OP011,Adam Simon,A,Morning,60,2,602.1,120,99.16,5,Completed,DOCK-3,5,6
2026-05-14 09:00:00,OP001,Lucas Martin,A,Morning,60,2,838.5,60,98.24,5,Completed,DOCK-1,9,2
2026-05-14 09:00:00,OP020,Mila Faure,E,Morning,56,0,741.5,112,97.42,3,Completed,DOCK-4,3,6
2026-05-14 09:00:00,OP016,Jade Fournier,A,Morning,61,0,826.2,61,98.29,3,Completed,DOCK-8,4,2
2026-05-14 09:00:00,OP018,Lina Bonnet,C,Morning,66,0,856.0,198,97.85,5,Cancelled,DOCK-2,10,9
2026-05-14 09:00:00,OP009,Jules Moreau,D,Morning,60,0,725.5,180,97.89,5,Completed,DOCK-1,9,0
2026-05-14 09:00:00,OP019,Noah Lambert,D,Morning,72,2,954.8,216,96.79,14,Completed,DOCK-3,3,4
2026-05-14 09:00:00,OP013,Raphael Lefebvre,C,Morning,70,0,749.9,70,98.69,6,Completed,DOCK-5,0,0
2026-05-14 09:00:00,OP012,Camille Michel,B,Morning,52,0,676.6,52,98.41,2,Completed,DOCK-4,11,7
2026-05-14 09:00:00,OP006,Manon Richard,A,Morning,62,1,627.7,186,96.85,3,Completed,DOCK-6,2,0
2026-05-14 09:00:00,OP005,Louis Robert,E,Morning,65,1,774.6,65,98.98,2,Completed,DOCK-5,5,3
2026-05-14 09:00:00,OP010,Sarah Laurent,E,Morning,72,1,691.9,72,97.63,9,Completed,DOCK-2,4,5
2026-05-14 09:00:00,OP008,Lea Durand,C,Morning,66,0,912.3,198,98.11,1,Completed,DOCK-8,7,9
2026-05-14 09:00:00,OP003,Hugo Dubois,C,Morning,62,3,617.6,186,97.36,7,Completed,DOCK-3,11,0
2026-05-14 09:00:00,OP002,Emma Bernard,B,Morning,64,0,690.8,192,99.13,4,Completed,DOCK-2,10,1
2026-05-14 10:00:00,OP011,Adam Simon,A,Morning,61,3,632.0,61,99.13,4,Completed,DOCK-3,1,10
2026-05-14 10:00:00,OP012,Camille Michel,B,Morning,51,2,468.3,102,97.14,4,Completed,DOCK-4,5,10
2026-05-14 10:00:00,OP013,Raphael Lefebvre,C,Morning,64,1,548.9,64,98.62,5,Completed,DOCK-5,2,6
2026-05-14 10:00:00,OP009,Jules Moreau,D,Morning,55,0,730.7,110,96.66,7,Completed,DOCK-1,6,8
2026-05-14 10:00:00,OP003,Hugo Dubois,C,Morning,57,0,636.0,171,98.03,4,Completed,DOCK-3,3,8
2026-05-14 10:00:00,OP018,Lina Bonnet,C,Morning,67,2,621.3,134,98.08,5,Completed,DOCK-2,8,10
2026-05-14 10:00:00,OP006,Manon Richard,A,Morning,65,2,888.6,195,97.53,4,Completed,DOCK-6,7,2
2026-05-14 10:00:00,OP008,Lea Durand,C,Morning,63,1,809.9,63,98.39,3,Completed,DOCK-8,7,0
2026-05-14 11:00:00,OP002,Emma Bernard,B,Morning,61,0,703.6,61,96.02,2,Completed,DOCK-2,10,6
2026-05-14 11:00:00,OP014,Ines Leroy,D,Morning,57,2,711.6,57,98.1,3,Completed,DOCK-6,0,5
2026-05-14 11:00:00,OP018,Lina Bonnet,C,Morning,68,0,970.2,136,99.07,5,Completed,DOCK-2,7,4
2026-05-14 11:00:00,OP011,Adam Simon,A,Morning,55,1,637.2,165,98.1,4,Completed,DOCK-3,4,9
2026-05-14 11:00:00,OP007,Nathan Petit,B,Morning,63,1,881.2,63,98.41,6,Completed,DOCK-7,0,2
2026-05-14 11:00:00,OP009,Jules Moreau,D,Morning,60,1,575.7,60,97.57,6,Delayed,DOCK-1,3,1
2026-05-14 11:00:00,OP005,Louis Robert,E,Morning,66,1,595.2,66,99.71,8,Completed,DOCK-5,1,4
2026-05-14 11:00:00,OP001,Lucas Martin,A,Morning,58,1,718.4,58,96.59,5,Delayed,DOCK-1,4,5
2026-05-14 11:00:00,OP016,Jade Fournier,A,Morning,66,2,752.3,198,98.24,6,Completed,DOCK-8,0,5
2026-05-14 11:00:00,OP003,Hugo Dubois,C,Morning,64,0,795.0,64,98.11,7,Completed,DOCK-3,0,2
2026-05-14 11:00:00,OP020,Mila Faure,E,Morning,53,0,736.6,106,96.99,2,Completed,DOCK-4,10,0
2026-05-14 12:00:00,OP003,Hugo Dubois,C,Morning,56,0,761.3,56,96.54,4,Completed,DOCK-3,4,11
2026-05-14 12:00:00,OP001,Lucas Martin,A,Morning,53,0,472.6,53,98.91,9,Completed,DOCK-1,7,11
2026-05-14 12:00:00,OP014,Ines Leroy,D,Morning,57,1,650.4,171,98.94,4,Completed,DOCK-6,7,10
2026-05-14 12:00:00,OP006,Manon Richard,A,Morning,50,2,597.8,100,97.26,3,Completed,DOCK-6,4,7
2026-05-14 12:00:00,OP009,Jules Moreau,D,Morning,64,0,796.7,192,97.1,7,Delayed,DOCK-1,10,0
2026-05-14 12:00:00,OP004,Chloe Thomas,D,Morning,69,0,885.8,69,98.19,6,Completed,DOCK-4,9,2
2026-05-14 12:00:00,OP008,Lea Durand,C,Morning,61,1,555.1,122,99.24,4,Completed,DOCK-8,2,5
2026-05-14 12:00:00,OP015,Tom Roux,E,Morning,72,3,743.9,144,98.59,8,Delayed,DOCK-7,11,4
2026-05-14 12:00:00,OP010,Sarah Laurent,E,Morning,65,0,784.3,65,98.04,3,Completed,DOCK-2,0,8
2026-05-14 13:00:00,OP006,Manon Richard,A,Morning,58,1,759.0,174,97.35,7,Completed,DOCK-6,6,5
2026-05-14 13:00:00,OP011,Adam Simon,A,Morning,68,1,929.6,204,98.94,6,Completed,DOCK-3,8,9
2026-05-14 13:00:00,OP020,Mila Faure,E,Morning,51,1,507.0,102,97.95,1,Completed,DOCK-4,2,9
2026-05-14 13:00:00,OP005,Louis Robert,E,Morning,58,0,825.0,116,98.44,7,Completed,DOCK-5,4,5
2026-05-14 13:00:00,OP009,Jules Moreau,D,Morning,57,1,662.4,57,99.09,3,Completed,DOCK-1,11,5
2026-05-14 13:00:00,OP018,Lina Bonnet,C,Morning,62,2,661.9,124,98.86,7,Completed,DOCK-2,7,4
2026-05-14 13:00:00,OP007,Nathan Petit,B,Morning,60,0,523.6,120,97.67,5,Completed,DOCK-7,1,5
2026-05-14 13:00:00,OP002,Emma Bernard,B,Morning,58,0,679.9,116,97.46,2,Completed,DOCK-2,7,6
2026-05-14 14:00:00,OP018,Lina Bonnet,C,Afternoon,67,0,677.8,201,96.62,9,Completed,DOCK-2,6,9
2026-05-14 14:00:00,OP014,Ines Leroy,D,Afternoon,45,0,607.1,135,97.85,2,Completed,DOCK-6,7,6
2026-05-14 14:00:00,OP003,Hugo Dubois,C,Afternoon,50,2,463.1,50,97.73,4,Delayed,DOCK-3,2,9
2026-05-14 14:00:00,OP011,Adam Simon,A,Afternoon,53,0,746.1,106,97.95,4,Completed,DOCK-3,11,3
2026-05-14 14:00:00,OP010,Sarah Laurent,E,Afternoon,53,1,596.0,53,97.76,6,Completed,DOCK-2,10,7
2026-05-14 14:00:00,OP001,Lucas Martin,A,Afternoon,41,0,484.2,123,98.27,5,Delayed,DOCK-1,5,5
2026-05-14 14:00:00,OP020,Mila Faure,E,Afternoon,59,2,842.0,177,98.47,3,Completed,DOCK-4,3,3
2026-05-14 14:00:00,OP006,Manon Richard,A,Afternoon,57,1,765.2,57,98.1,5,Completed,DOCK-6,4,8
2026-05-14 15:00:00,OP001,Lucas Martin,A,Afternoon,40,1,562.8,120,96.38,2,Completed,DOCK-1,4,0
2026-05-14 15:00:00,OP011,Adam Simon,A,Afternoon,54,1,576.4,162,96.8,2,Completed,DOCK-3,1,0
2026-05-14 15:00:00,OP006,Manon Richard,A,Afternoon,59,1,829.5,177,98.58,4,Delayed,DOCK-6,0,11
2026-05-14 15:00:00,OP013,Raphael Lefebvre,C,Afternoon,60,0,546.9,120,99.1,3,Completed,DOCK-5,2,8
2026-05-14 15:00:00,OP015,Tom Roux,E,Afternoon,67,1,735.9,201,98.06,8,Completed,DOCK-7,8,8
2026-05-14 15:00:00,OP018,Lina Bonnet,C,Afternoon,65,2,706.4,130,98.52,3,Completed,DOCK-2,4,3
2026-05-14 15:00:00,OP012,Camille Michel,B,Afternoon,50,0,525.8,50,97.64,7,Completed,DOCK-4,6,8
2026-05-14 15:00:00,OP002,Emma Bernard,B,Afternoon,51,0,434.1,102,96.83,4,Completed,DOCK-2,1,7
2026-05-14 15:00:00,OP007,Nathan Petit,B,Afternoon,56,1,712.1,168,98.12,6,Delayed,DOCK-7,0,10
2026-05-14 15:00:00,OP008,Lea Durand,C,Afternoon,57,1,587.9,114,97.38,5,Completed,DOCK-8,5,10
2026-05-14 16:00:00,OP018,Lina Bonnet,C,Afternoon,59,1,608.6,177,96.52,3,Completed,DOCK-2,7,8
2026-05-14 16:00:00,OP019,Noah Lambert,D,Afternoon,44,1,540.2,88,97.75,4,Completed,DOCK-3,2,8
2026-05-14 16:00:00,OP020,Mila Faure,E,Afternoon,41,0,477.8,82,98.14,3,Completed,DOCK-4,10,6
2026-05-14 16:00:00,OP008,Lea Durand,C,Afternoon,53,1,506.9,53,99.2,4,Completed,DOCK-8,8,9
2026-05-14 16:00:00,OP014,Ines Leroy,D,Afternoon,53,0,760.1,53,97.99,4,Delayed,DOCK-6,6,0
2026-05-14 16:00:00,OP013,Raphael Lefebvre,C,Afternoon,57,1,531.2,114,97.2,4,Delayed,DOCK-5,5,4
2026-05-14 16:00:00,OP006,Manon Richard,A,Afternoon,46,2,660.1,46,99.45,6,Completed,DOCK-6,5,11
2026-05-14 16:00:00,OP011,Adam Simon,A,Afternoon,49,0,475.4,49,97.28,5,Completed,DOCK-3,7,9
2026-05-14 16:00:00,OP017,Liam Girard,B,Afternoon,48,1,445.2,48,97.3,3,Completed,DOCK-1,9,2
2026-05-14 16:00:00,OP002,Emma Bernard,B,Afternoon,56,1,531.2,56,98.81,2,Completed,DOCK-2,4,1
2026-05-14 16:00:00,OP010,Sarah Laurent,E,Afternoon,48,0,439.6,96,97.36,4,Completed,DOCK-2,4,7
2026-05-14 16:00:00,OP016,Jade Fournier,A,Afternoon,47,0,593.3,94,99.43,1,Completed,DOCK-8,8,6
2026-05-14 17:58:00,OP012,Camille Michel,B,Afternoon,43,0,622.3,86,97.58,5,Completed,DOCK-4,10,2
